solid Uranium STLWriter Thu 17 Jul 2025 11:00:38
facet normal 0.0 0.0 0.0
  outer loop
    vertex 70.0 -60.375 9.80000114440918
    vertex 70.0 -0.0 9.80000114440918
    vertex 70.0 -0.0 0.0
  endloop
endfacet
facet normal 0.0 0.0 0.0
  outer loop
    vertex 70.0 -0.0 0.0
    vertex 70.0 -60.375 0.0
    vertex 70.0 -60.375 9.80000114440918
  endloop
endfacet
facet normal 0.0 0.0 0.0
  outer loop
    vertex 70.0 -60.5 9.80000114440918
    vertex 70.0 -60.375 9.80000114440918
    vertex 70.0 -60.375 0.0
  endloop
endfacet
facet normal 0.0 0.0 0.0
  outer loop
    vertex 70.0 -60.375 0.0
    vertex 70.0 -60.5 0.0
    vertex 70.0 -60.5 9.80000114440918
  endloop
endfacet
facet normal 0.0 0.0 0.0
  outer loop
    vertex 79.875 -60.5 9.80000114440918
    vertex 70.0 -60.5 9.80000114440918
    vertex 70.0 -60.5 0.0
  endloop
endfacet
facet normal 0.0 0.0 0.0
  outer loop
    vertex 70.0 -60.5 0.0
    vertex 79.875 -60.5 0.0
    vertex 79.875 -60.5 9.80000114440918
  endloop
endfacet
facet normal 0.0 0.0 0.0
  outer loop
    vertex 80.0 -60.5 9.80000114440918
    vertex 79.875 -60.5 9.80000114440918
    vertex 79.875 -60.5 0.0
  endloop
endfacet
facet normal 0.0 0.0 0.0
  outer loop
    vertex 79.875 -60.5 0.0
    vertex 80.0 -60.5 0.0
    vertex 80.0 -60.5 9.80000114440918
  endloop
endfacet
facet normal 0.0 0.0 0.0
  outer loop
    vertex 80.0 60.375 9.80000114440918
    vertex 80.0 -60.5 9.80000114440918
    vertex 80.0 -60.5 0.0
  endloop
endfacet
facet normal 0.0 0.0 0.0
  outer loop
    vertex 80.0 -60.5 0.0
    vertex 80.0 60.375 0.0
    vertex 80.0 60.375 9.80000114440918
  endloop
endfacet
facet normal 0.0 0.0 0.0
  outer loop
    vertex 80.0 60.5 9.80000114440918
    vertex 80.0 60.375 9.80000114440918
    vertex 80.0 60.375 0.0
  endloop
endfacet
facet normal 0.0 0.0 0.0
  outer loop
    vertex 80.0 60.375 0.0
    vertex 80.0 60.5 0.0
    vertex 80.0 60.5 9.80000114440918
  endloop
endfacet
facet normal 0.0 0.0 0.0
  outer loop
    vertex 70.125 60.5 9.80000114440918
    vertex 80.0 60.5 9.80000114440918
    vertex 80.0 60.5 0.0
  endloop
endfacet
facet normal 0.0 0.0 0.0
  outer loop
    vertex 80.0 60.5 0.0
    vertex 70.125 60.5 0.0
    vertex 70.125 60.5 9.80000114440918
  endloop
endfacet
facet normal 0.0 0.0 0.0
  outer loop
    vertex 70.0 60.5 9.80000114440918
    vertex 70.125 60.5 9.80000114440918
    vertex 70.125 60.5 0.0
  endloop
endfacet
facet normal 0.0 0.0 0.0
  outer loop
    vertex 70.125 60.5 0.0
    vertex 70.0 60.5 0.0
    vertex 70.0 60.5 9.80000114440918
  endloop
endfacet
facet normal 0.0 0.0 0.0
  outer loop
    vertex 70.0 0.125 9.80000114440918
    vertex 70.0 60.5 9.80000114440918
    vertex 70.0 60.5 0.0
  endloop
endfacet
facet normal 0.0 0.0 0.0
  outer loop
    vertex 70.0 60.5 0.0
    vertex 70.0 0.125 0.0
    vertex 70.0 0.125 9.80000114440918
  endloop
endfacet
facet normal 0.0 0.0 0.0
  outer loop
    vertex 70.0 -0.0 9.80000114440918
    vertex 70.0 0.125 9.80000114440918
    vertex 70.0 0.125 0.0
  endloop
endfacet
facet normal 0.0 0.0 0.0
  outer loop
    vertex 70.0 0.125 0.0
    vertex 70.0 -0.0 0.0
    vertex 70.0 -0.0 9.80000114440918
  endloop
endfacet
facet normal 0.0 0.0 0.0
  outer loop
    vertex 70.0 -60.375 9.80000114440918
    vertex 70.0 -60.5 9.80000114440918
    vertex 79.875 -60.5 9.80000114440918
  endloop
endfacet
facet normal 0.0 0.0 0.0
  outer loop
    vertex 79.875 -60.5 0.0
    vertex 70.0 -60.5 0.0
    vertex 70.0 -60.375 0.0
  endloop
endfacet
facet normal 0.0 0.0 0.0
  outer loop
    vertex 79.875 -60.5 9.80000114440918
    vertex 80.0 -60.5 9.80000114440918
    vertex 80.0 60.375 9.80000114440918
  endloop
endfacet
facet normal 0.0 0.0 0.0
  outer loop
    vertex 80.0 60.375 0.0
    vertex 80.0 -60.5 0.0
    vertex 79.875 -60.5 0.0
  endloop
endfacet
facet normal 0.0 0.0 0.0
  outer loop
    vertex 80.0 60.375 9.80000114440918
    vertex 80.0 60.5 9.80000114440918
    vertex 70.125 60.5 9.80000114440918
  endloop
endfacet
facet normal 0.0 0.0 0.0
  outer loop
    vertex 70.125 60.5 0.0
    vertex 80.0 60.5 0.0
    vertex 80.0 60.375 0.0
  endloop
endfacet
facet normal 0.0 0.0 0.0
  outer loop
    vertex 70.125 60.5 9.80000114440918
    vertex 70.0 60.5 9.80000114440918
    vertex 70.0 0.125 9.80000114440918
  endloop
endfacet
facet normal 0.0 0.0 0.0
  outer loop
    vertex 70.0 0.125 0.0
    vertex 70.0 60.5 0.0
    vertex 70.125 60.5 0.0
  endloop
endfacet
facet normal 0.0 0.0 0.0
  outer loop
    vertex 70.0 -0.0 9.80000114440918
    vertex 70.0 -60.375 9.80000114440918
    vertex 79.875 -60.5 9.80000114440918
  endloop
endfacet
facet normal 0.0 0.0 0.0
  outer loop
    vertex 79.875 -60.5 0.0
    vertex 70.0 -60.375 0.0
    vertex 70.0 -0.0 0.0
  endloop
endfacet
facet normal 0.0 0.0 0.0
  outer loop
    vertex 79.875 -60.5 9.80000114440918
    vertex 80.0 60.375 9.80000114440918
    vertex 70.125 60.5 9.80000114440918
  endloop
endfacet
facet normal 0.0 0.0 0.0
  outer loop
    vertex 70.125 60.5 0.0
    vertex 80.0 60.375 0.0
    vertex 79.875 -60.5 0.0
  endloop
endfacet
facet normal 0.0 0.0 0.0
  outer loop
    vertex 70.125 60.5 9.80000114440918
    vertex 70.0 0.125 9.80000114440918
    vertex 70.0 -0.0 9.80000114440918
  endloop
endfacet
facet normal 0.0 0.0 0.0
  outer loop
    vertex 70.0 -0.0 0.0
    vertex 70.0 0.125 0.0
    vertex 70.125 60.5 0.0
  endloop
endfacet
facet normal 0.0 0.0 0.0
  outer loop
    vertex 70.0 -0.0 9.80000114440918
    vertex 79.875 -60.5 9.80000114440918
    vertex 70.125 60.5 9.80000114440918
  endloop
endfacet
facet normal 0.0 0.0 0.0
  outer loop
    vertex 70.125 60.5 0.0
    vertex 79.875 -60.5 0.0
    vertex 70.0 -0.0 0.0
  endloop
endfacet
facet normal 0.0 0.0 0.0
  outer loop
    vertex -80.0 53.625 9.80000114440918
    vertex -80.0 57.0 9.80000114440918
    vertex -80.0 57.0 0.0
  endloop
endfacet
facet normal 0.0 0.0 0.0
  outer loop
    vertex -80.0 57.0 0.0
    vertex -80.0 53.625 0.0
    vertex -80.0 53.625 9.80000114440918
  endloop
endfacet
facet normal 0.0 0.0 0.0
  outer loop
    vertex -80.0 53.5 9.80000114440918
    vertex -80.0 53.625 9.80000114440918
    vertex -80.0 53.625 0.0
  endloop
endfacet
facet normal 0.0 0.0 0.0
  outer loop
    vertex -80.0 53.625 0.0
    vertex -80.0 53.5 0.0
    vertex -80.0 53.5 9.80000114440918
  endloop
endfacet
facet normal 0.0 0.0 0.0
  outer loop
    vertex -74.125 53.5 9.80000114440918
    vertex -80.0 53.5 9.80000114440918
    vertex -80.0 53.5 0.0
  endloop
endfacet
facet normal 0.0 0.0 0.0
  outer loop
    vertex -80.0 53.5 0.0
    vertex -74.125 53.5 0.0
    vertex -74.125 53.5 9.80000114440918
  endloop
endfacet
facet normal 0.0 0.0 0.0
  outer loop
    vertex -74.0 53.5 9.80000114440918
    vertex -74.125 53.5 9.80000114440918
    vertex -74.125 53.5 0.0
  endloop
endfacet
facet normal 0.0 0.0 0.0
  outer loop
    vertex -74.125 53.5 0.0
    vertex -74.0 53.5 0.0
    vertex -74.0 53.5 9.80000114440918
  endloop
endfacet
facet normal 0.0 0.0 0.0
  outer loop
    vertex -74.0 60.375 9.80000114440918
    vertex -74.0 53.5 9.80000114440918
    vertex -74.0 53.5 0.0
  endloop
endfacet
facet normal 0.0 0.0 0.0
  outer loop
    vertex -74.0 53.5 0.0
    vertex -74.0 60.375 0.0
    vertex -74.0 60.375 9.80000114440918
  endloop
endfacet
facet normal 0.0 0.0 0.0
  outer loop
    vertex -74.0 60.5 9.80000114440918
    vertex -74.0 60.375 9.80000114440918
    vertex -74.0 60.375 0.0
  endloop
endfacet
facet normal 0.0 0.0 0.0
  outer loop
    vertex -74.0 60.375 0.0
    vertex -74.0 60.5 0.0
    vertex -74.0 60.5 9.80000114440918
  endloop
endfacet
facet normal 0.0 0.0 0.0
  outer loop
    vertex -79.875 60.5 9.80000114440918
    vertex -74.0 60.5 9.80000114440918
    vertex -74.0 60.5 0.0
  endloop
endfacet
facet normal 0.0 0.0 0.0
  outer loop
    vertex -74.0 60.5 0.0
    vertex -79.875 60.5 0.0
    vertex -79.875 60.5 9.80000114440918
  endloop
endfacet
facet normal 0.0 0.0 0.0
  outer loop
    vertex -80.0 60.5 9.80000114440918
    vertex -79.875 60.5 9.80000114440918
    vertex -79.875 60.5 0.0
  endloop
endfacet
facet normal 0.0 0.0 0.0
  outer loop
    vertex -79.875 60.5 0.0
    vertex -80.0 60.5 0.0
    vertex -80.0 60.5 9.80000114440918
  endloop
endfacet
facet normal 0.0 0.0 0.0
  outer loop
    vertex -80.0 57.125 9.80000114440918
    vertex -80.0 60.5 9.80000114440918
    vertex -80.0 60.5 0.0
  endloop
endfacet
facet normal 0.0 0.0 0.0
  outer loop
    vertex -80.0 60.5 0.0
    vertex -80.0 57.125 0.0
    vertex -80.0 57.125 9.80000114440918
  endloop
endfacet
facet normal 0.0 0.0 0.0
  outer loop
    vertex -80.0 57.0 9.80000114440918
    vertex -80.0 57.125 9.80000114440918
    vertex -80.0 57.125 0.0
  endloop
endfacet
facet normal 0.0 0.0 0.0
  outer loop
    vertex -80.0 57.125 0.0
    vertex -80.0 57.0 0.0
    vertex -80.0 57.0 9.80000114440918
  endloop
endfacet
facet normal 0.0 0.0 0.0
  outer loop
    vertex -80.0 53.625 9.80000114440918
    vertex -80.0 53.5 9.80000114440918
    vertex -74.125 53.5 9.80000114440918
  endloop
endfacet
facet normal 0.0 0.0 0.0
  outer loop
    vertex -74.125 53.5 0.0
    vertex -80.0 53.5 0.0
    vertex -80.0 53.625 0.0
  endloop
endfacet
facet normal 0.0 0.0 0.0
  outer loop
    vertex -74.125 53.5 9.80000114440918
    vertex -74.0 53.5 9.80000114440918
    vertex -74.0 60.375 9.80000114440918
  endloop
endfacet
facet normal 0.0 0.0 0.0
  outer loop
    vertex -74.0 60.375 0.0
    vertex -74.0 53.5 0.0
    vertex -74.125 53.5 0.0
  endloop
endfacet
facet normal 0.0 0.0 0.0
  outer loop
    vertex -74.0 60.375 9.80000114440918
    vertex -74.0 60.5 9.80000114440918
    vertex -79.875 60.5 9.80000114440918
  endloop
endfacet
facet normal 0.0 0.0 0.0
  outer loop
    vertex -79.875 60.5 0.0
    vertex -74.0 60.5 0.0
    vertex -74.0 60.375 0.0
  endloop
endfacet
facet normal 0.0 0.0 0.0
  outer loop
    vertex -79.875 60.5 9.80000114440918
    vertex -80.0 60.5 9.80000114440918
    vertex -80.0 57.125 9.80000114440918
  endloop
endfacet
facet normal 0.0 0.0 0.0
  outer loop
    vertex -80.0 57.125 0.0
    vertex -80.0 60.5 0.0
    vertex -79.875 60.5 0.0
  endloop
endfacet
facet normal 0.0 0.0 0.0
  outer loop
    vertex -80.0 57.0 9.80000114440918
    vertex -80.0 53.625 9.80000114440918
    vertex -74.125 53.5 9.80000114440918
  endloop
endfacet
facet normal 0.0 0.0 0.0
  outer loop
    vertex -74.125 53.5 0.0
    vertex -80.0 53.625 0.0
    vertex -80.0 57.0 0.0
  endloop
endfacet
facet normal 0.0 0.0 0.0
  outer loop
    vertex -74.125 53.5 9.80000114440918
    vertex -74.0 60.375 9.80000114440918
    vertex -79.875 60.5 9.80000114440918
  endloop
endfacet
facet normal 0.0 0.0 0.0
  outer loop
    vertex -79.875 60.5 0.0
    vertex -74.0 60.375 0.0
    vertex -74.125 53.5 0.0
  endloop
endfacet
facet normal 0.0 0.0 0.0
  outer loop
    vertex -79.875 60.5 9.80000114440918
    vertex -80.0 57.125 9.80000114440918
    vertex -80.0 57.0 9.80000114440918
  endloop
endfacet
facet normal 0.0 0.0 0.0
  outer loop
    vertex -80.0 57.0 0.0
    vertex -80.0 57.125 0.0
    vertex -79.875 60.5 0.0
  endloop
endfacet
facet normal 0.0 0.0 0.0
  outer loop
    vertex -80.0 57.0 9.80000114440918
    vertex -74.125 53.5 9.80000114440918
    vertex -79.875 60.5 9.80000114440918
  endloop
endfacet
facet normal 0.0 0.0 0.0
  outer loop
    vertex -79.875 60.5 0.0
    vertex -74.125 53.5 0.0
    vertex -80.0 57.0 0.0
  endloop
endfacet
facet normal 0.0 0.0 0.0
  outer loop
    vertex -80.0 -60.375 9.80000114440918
    vertex -80.0 -57.0 9.80000114440918
    vertex -80.0 -57.0 0.0
  endloop
endfacet
facet normal 0.0 0.0 0.0
  outer loop
    vertex -80.0 -57.0 0.0
    vertex -80.0 -60.375 0.0
    vertex -80.0 -60.375 9.80000114440918
  endloop
endfacet
facet normal 0.0 0.0 0.0
  outer loop
    vertex -80.0 -60.5 9.80000114440918
    vertex -80.0 -60.375 9.80000114440918
    vertex -80.0 -60.375 0.0
  endloop
endfacet
facet normal 0.0 0.0 0.0
  outer loop
    vertex -80.0 -60.375 0.0
    vertex -80.0 -60.5 0.0
    vertex -80.0 -60.5 9.80000114440918
  endloop
endfacet
facet normal 0.0 0.0 0.0
  outer loop
    vertex -74.125 -60.5 9.80000114440918
    vertex -80.0 -60.5 9.80000114440918
    vertex -80.0 -60.5 0.0
  endloop
endfacet
facet normal 0.0 0.0 0.0
  outer loop
    vertex -80.0 -60.5 0.0
    vertex -74.125 -60.5 0.0
    vertex -74.125 -60.5 9.80000114440918
  endloop
endfacet
facet normal 0.0 0.0 0.0
  outer loop
    vertex -74.0 -60.5 9.80000114440918
    vertex -74.125 -60.5 9.80000114440918
    vertex -74.125 -60.5 0.0
  endloop
endfacet
facet normal 0.0 0.0 0.0
  outer loop
    vertex -74.125 -60.5 0.0
    vertex -74.0 -60.5 0.0
    vertex -74.0 -60.5 9.80000114440918
  endloop
endfacet
facet normal 0.0 0.0 0.0
  outer loop
    vertex -74.0 -53.625 9.80000114440918
    vertex -74.0 -60.5 9.80000114440918
    vertex -74.0 -60.5 0.0
  endloop
endfacet
facet normal 0.0 0.0 0.0
  outer loop
    vertex -74.0 -60.5 0.0
    vertex -74.0 -53.625 0.0
    vertex -74.0 -53.625 9.80000114440918
  endloop
endfacet
facet normal 0.0 0.0 0.0
  outer loop
    vertex -74.0 -53.5 9.80000114440918
    vertex -74.0 -53.625 9.80000114440918
    vertex -74.0 -53.625 0.0
  endloop
endfacet
facet normal 0.0 0.0 0.0
  outer loop
    vertex -74.0 -53.625 0.0
    vertex -74.0 -53.5 0.0
    vertex -74.0 -53.5 9.80000114440918
  endloop
endfacet
facet normal 0.0 0.0 0.0
  outer loop
    vertex -79.875 -53.5 9.80000114440918
    vertex -74.0 -53.5 9.80000114440918
    vertex -74.0 -53.5 0.0
  endloop
endfacet
facet normal 0.0 0.0 0.0
  outer loop
    vertex -74.0 -53.5 0.0
    vertex -79.875 -53.5 0.0
    vertex -79.875 -53.5 9.80000114440918
  endloop
endfacet
facet normal 0.0 0.0 0.0
  outer loop
    vertex -80.0 -53.5 9.80000114440918
    vertex -79.875 -53.5 9.80000114440918
    vertex -79.875 -53.5 0.0
  endloop
endfacet
facet normal 0.0 0.0 0.0
  outer loop
    vertex -79.875 -53.5 0.0
    vertex -80.0 -53.5 0.0
    vertex -80.0 -53.5 9.80000114440918
  endloop
endfacet
facet normal 0.0 0.0 0.0
  outer loop
    vertex -80.0 -56.875 9.80000114440918
    vertex -80.0 -53.5 9.80000114440918
    vertex -80.0 -53.5 0.0
  endloop
endfacet
facet normal 0.0 0.0 0.0
  outer loop
    vertex -80.0 -53.5 0.0
    vertex -80.0 -56.875 0.0
    vertex -80.0 -56.875 9.80000114440918
  endloop
endfacet
facet normal 0.0 0.0 0.0
  outer loop
    vertex -80.0 -57.0 9.80000114440918
    vertex -80.0 -56.875 9.80000114440918
    vertex -80.0 -56.875 0.0
  endloop
endfacet
facet normal 0.0 0.0 0.0
  outer loop
    vertex -80.0 -56.875 0.0
    vertex -80.0 -57.0 0.0
    vertex -80.0 -57.0 9.80000114440918
  endloop
endfacet
facet normal 0.0 0.0 0.0
  outer loop
    vertex -80.0 -60.375 9.80000114440918
    vertex -80.0 -60.5 9.80000114440918
    vertex -74.125 -60.5 9.80000114440918
  endloop
endfacet
facet normal 0.0 0.0 0.0
  outer loop
    vertex -74.125 -60.5 0.0
    vertex -80.0 -60.5 0.0
    vertex -80.0 -60.375 0.0
  endloop
endfacet
facet normal 0.0 0.0 0.0
  outer loop
    vertex -74.125 -60.5 9.80000114440918
    vertex -74.0 -60.5 9.80000114440918
    vertex -74.0 -53.625 9.80000114440918
  endloop
endfacet
facet normal 0.0 0.0 0.0
  outer loop
    vertex -74.0 -53.625 0.0
    vertex -74.0 -60.5 0.0
    vertex -74.125 -60.5 0.0
  endloop
endfacet
facet normal 0.0 0.0 0.0
  outer loop
    vertex -74.0 -53.625 9.80000114440918
    vertex -74.0 -53.5 9.80000114440918
    vertex -79.875 -53.5 9.80000114440918
  endloop
endfacet
facet normal 0.0 0.0 0.0
  outer loop
    vertex -79.875 -53.5 0.0
    vertex -74.0 -53.5 0.0
    vertex -74.0 -53.625 0.0
  endloop
endfacet
facet normal 0.0 0.0 0.0
  outer loop
    vertex -79.875 -53.5 9.80000114440918
    vertex -80.0 -53.5 9.80000114440918
    vertex -80.0 -56.875 9.80000114440918
  endloop
endfacet
facet normal 0.0 0.0 0.0
  outer loop
    vertex -80.0 -56.875 0.0
    vertex -80.0 -53.5 0.0
    vertex -79.875 -53.5 0.0
  endloop
endfacet
facet normal 0.0 0.0 0.0
  outer loop
    vertex -80.0 -57.0 9.80000114440918
    vertex -80.0 -60.375 9.80000114440918
    vertex -74.125 -60.5 9.80000114440918
  endloop
endfacet
facet normal 0.0 0.0 0.0
  outer loop
    vertex -74.125 -60.5 0.0
    vertex -80.0 -60.375 0.0
    vertex -80.0 -57.0 0.0
  endloop
endfacet
facet normal 0.0 0.0 0.0
  outer loop
    vertex -74.125 -60.5 9.80000114440918
    vertex -74.0 -53.625 9.80000114440918
    vertex -79.875 -53.5 9.80000114440918
  endloop
endfacet
facet normal 0.0 0.0 0.0
  outer loop
    vertex -79.875 -53.5 0.0
    vertex -74.0 -53.625 0.0
    vertex -74.125 -60.5 0.0
  endloop
endfacet
facet normal 0.0 0.0 0.0
  outer loop
    vertex -79.875 -53.5 9.80000114440918
    vertex -80.0 -56.875 9.80000114440918
    vertex -80.0 -57.0 9.80000114440918
  endloop
endfacet
facet normal 0.0 0.0 0.0
  outer loop
    vertex -80.0 -57.0 0.0
    vertex -80.0 -56.875 0.0
    vertex -79.875 -53.5 0.0
  endloop
endfacet
facet normal 0.0 0.0 0.0
  outer loop
    vertex -80.0 -57.0 9.80000114440918
    vertex -74.125 -60.5 9.80000114440918
    vertex -79.875 -53.5 9.80000114440918
  endloop
endfacet
facet normal 0.0 0.0 0.0
  outer loop
    vertex -79.875 -53.5 0.0
    vertex -74.125 -60.5 0.0
    vertex -80.0 -57.0 0.0
  endloop
endfacet
facet normal 0.0 0.0 0.0
  outer loop
    vertex 70.0 -60.375 10.000000953674316
    vertex 70.0 -0.0 10.000000953674316
    vertex 70.0 -0.0 9.80000114440918
  endloop
endfacet
facet normal 0.0 0.0 0.0
  outer loop
    vertex 70.0 -0.0 9.80000114440918
    vertex 70.0 -60.375 9.80000114440918
    vertex 70.0 -60.375 10.000000953674316
  endloop
endfacet
facet normal 0.0 0.0 0.0
  outer loop
    vertex 70.0 -60.5 10.000000953674316
    vertex 70.0 -60.375 10.000000953674316
    vertex 70.0 -60.375 9.80000114440918
  endloop
endfacet
facet normal 0.0 0.0 0.0
  outer loop
    vertex 70.0 -60.375 9.80000114440918
    vertex 70.0 -60.5 9.80000114440918
    vertex 70.0 -60.5 10.000000953674316
  endloop
endfacet
facet normal 0.0 0.0 0.0
  outer loop
    vertex 79.875 -60.5 10.000000953674316
    vertex 70.0 -60.5 10.000000953674316
    vertex 70.0 -60.5 9.80000114440918
  endloop
endfacet
facet normal 0.0 0.0 0.0
  outer loop
    vertex 70.0 -60.5 9.80000114440918
    vertex 79.875 -60.5 9.80000114440918
    vertex 79.875 -60.5 10.000000953674316
  endloop
endfacet
facet normal 0.0 0.0 0.0
  outer loop
    vertex 80.0 -60.5 10.000000953674316
    vertex 79.875 -60.5 10.000000953674316
    vertex 79.875 -60.5 9.80000114440918
  endloop
endfacet
facet normal 0.0 0.0 0.0
  outer loop
    vertex 79.875 -60.5 9.80000114440918
    vertex 80.0 -60.5 9.80000114440918
    vertex 80.0 -60.5 10.000000953674316
  endloop
endfacet
facet normal 0.0 0.0 0.0
  outer loop
    vertex 80.0 60.375 10.000000953674316
    vertex 80.0 -60.5 10.000000953674316
    vertex 80.0 -60.5 9.80000114440918
  endloop
endfacet
facet normal 0.0 0.0 0.0
  outer loop
    vertex 80.0 -60.5 9.80000114440918
    vertex 80.0 60.375 9.80000114440918
    vertex 80.0 60.375 10.000000953674316
  endloop
endfacet
facet normal 0.0 0.0 0.0
  outer loop
    vertex 80.0 60.5 10.000000953674316
    vertex 80.0 60.375 10.000000953674316
    vertex 80.0 60.375 9.80000114440918
  endloop
endfacet
facet normal 0.0 0.0 0.0
  outer loop
    vertex 80.0 60.375 9.80000114440918
    vertex 80.0 60.5 9.80000114440918
    vertex 80.0 60.5 10.000000953674316
  endloop
endfacet
facet normal 0.0 0.0 0.0
  outer loop
    vertex 70.125 60.5 10.000000953674316
    vertex 80.0 60.5 10.000000953674316
    vertex 80.0 60.5 9.80000114440918
  endloop
endfacet
facet normal 0.0 0.0 0.0
  outer loop
    vertex 80.0 60.5 9.80000114440918
    vertex 70.125 60.5 9.80000114440918
    vertex 70.125 60.5 10.000000953674316
  endloop
endfacet
facet normal 0.0 0.0 0.0
  outer loop
    vertex 70.0 60.5 10.000000953674316
    vertex 70.125 60.5 10.000000953674316
    vertex 70.125 60.5 9.80000114440918
  endloop
endfacet
facet normal 0.0 0.0 0.0
  outer loop
    vertex 70.125 60.5 9.80000114440918
    vertex 70.0 60.5 9.80000114440918
    vertex 70.0 60.5 10.000000953674316
  endloop
endfacet
facet normal 0.0 0.0 0.0
  outer loop
    vertex 70.0 0.125 10.000000953674316
    vertex 70.0 60.5 10.000000953674316
    vertex 70.0 60.5 9.80000114440918
  endloop
endfacet
facet normal 0.0 0.0 0.0
  outer loop
    vertex 70.0 60.5 9.80000114440918
    vertex 70.0 0.125 9.80000114440918
    vertex 70.0 0.125 10.000000953674316
  endloop
endfacet
facet normal 0.0 0.0 0.0
  outer loop
    vertex 70.0 -0.0 10.000000953674316
    vertex 70.0 0.125 10.000000953674316
    vertex 70.0 0.125 9.80000114440918
  endloop
endfacet
facet normal 0.0 0.0 0.0
  outer loop
    vertex 70.0 0.125 9.80000114440918
    vertex 70.0 -0.0 9.80000114440918
    vertex 70.0 -0.0 10.000000953674316
  endloop
endfacet
facet normal 0.0 0.0 0.0
  outer loop
    vertex 70.0 -60.375 10.000000953674316
    vertex 70.0 -60.5 10.000000953674316
    vertex 79.875 -60.5 10.000000953674316
  endloop
endfacet
facet normal 0.0 0.0 0.0
  outer loop
    vertex 79.875 -60.5 10.000000953674316
    vertex 80.0 -60.5 10.000000953674316
    vertex 80.0 60.375 10.000000953674316
  endloop
endfacet
facet normal 0.0 0.0 0.0
  outer loop
    vertex 80.0 60.375 10.000000953674316
    vertex 80.0 60.5 10.000000953674316
    vertex 70.125 60.5 10.000000953674316
  endloop
endfacet
facet normal 0.0 0.0 0.0
  outer loop
    vertex 70.125 60.5 10.000000953674316
    vertex 70.0 60.5 10.000000953674316
    vertex 70.0 0.125 10.000000953674316
  endloop
endfacet
facet normal 0.0 0.0 0.0
  outer loop
    vertex 70.0 -0.0 10.000000953674316
    vertex 70.0 -60.375 10.000000953674316
    vertex 79.875 -60.5 10.000000953674316
  endloop
endfacet
facet normal 0.0 0.0 0.0
  outer loop
    vertex 79.875 -60.5 10.000000953674316
    vertex 80.0 60.375 10.000000953674316
    vertex 70.125 60.5 10.000000953674316
  endloop
endfacet
facet normal 0.0 0.0 0.0
  outer loop
    vertex 70.125 60.5 10.000000953674316
    vertex 70.0 0.125 10.000000953674316
    vertex 70.0 -0.0 10.000000953674316
  endloop
endfacet
facet normal 0.0 0.0 0.0
  outer loop
    vertex 70.0 -0.0 10.000000953674316
    vertex 79.875 -60.5 10.000000953674316
    vertex 70.125 60.5 10.000000953674316
  endloop
endfacet
facet normal 0.0 0.0 0.0
  outer loop
    vertex -80.0 53.625 10.000000953674316
    vertex -80.0 57.0 10.000000953674316
    vertex -80.0 57.0 9.80000114440918
  endloop
endfacet
facet normal 0.0 0.0 0.0
  outer loop
    vertex -80.0 57.0 9.80000114440918
    vertex -80.0 53.625 9.80000114440918
    vertex -80.0 53.625 10.000000953674316
  endloop
endfacet
facet normal 0.0 0.0 0.0
  outer loop
    vertex -80.0 53.5 10.000000953674316
    vertex -80.0 53.625 10.000000953674316
    vertex -80.0 53.625 9.80000114440918
  endloop
endfacet
facet normal 0.0 0.0 0.0
  outer loop
    vertex -80.0 53.625 9.80000114440918
    vertex -80.0 53.5 9.80000114440918
    vertex -80.0 53.5 10.000000953674316
  endloop
endfacet
facet normal 0.0 0.0 0.0
  outer loop
    vertex -74.125 53.5 10.000000953674316
    vertex -80.0 53.5 10.000000953674316
    vertex -80.0 53.5 9.80000114440918
  endloop
endfacet
facet normal 0.0 0.0 0.0
  outer loop
    vertex -80.0 53.5 9.80000114440918
    vertex -74.125 53.5 9.80000114440918
    vertex -74.125 53.5 10.000000953674316
  endloop
endfacet
facet normal 0.0 0.0 0.0
  outer loop
    vertex -74.0 53.5 10.000000953674316
    vertex -74.125 53.5 10.000000953674316
    vertex -74.125 53.5 9.80000114440918
  endloop
endfacet
facet normal 0.0 0.0 0.0
  outer loop
    vertex -74.125 53.5 9.80000114440918
    vertex -74.0 53.5 9.80000114440918
    vertex -74.0 53.5 10.000000953674316
  endloop
endfacet
facet normal 0.0 0.0 0.0
  outer loop
    vertex -74.0 60.375 10.000000953674316
    vertex -74.0 53.5 10.000000953674316
    vertex -74.0 53.5 9.80000114440918
  endloop
endfacet
facet normal 0.0 0.0 0.0
  outer loop
    vertex -74.0 53.5 9.80000114440918
    vertex -74.0 60.375 9.80000114440918
    vertex -74.0 60.375 10.000000953674316
  endloop
endfacet
facet normal 0.0 0.0 0.0
  outer loop
    vertex -74.0 60.5 10.000000953674316
    vertex -74.0 60.375 10.000000953674316
    vertex -74.0 60.375 9.80000114440918
  endloop
endfacet
facet normal 0.0 0.0 0.0
  outer loop
    vertex -74.0 60.375 9.80000114440918
    vertex -74.0 60.5 9.80000114440918
    vertex -74.0 60.5 10.000000953674316
  endloop
endfacet
facet normal 0.0 0.0 0.0
  outer loop
    vertex -79.875 60.5 10.000000953674316
    vertex -74.0 60.5 10.000000953674316
    vertex -74.0 60.5 9.80000114440918
  endloop
endfacet
facet normal 0.0 0.0 0.0
  outer loop
    vertex -74.0 60.5 9.80000114440918
    vertex -79.875 60.5 9.80000114440918
    vertex -79.875 60.5 10.000000953674316
  endloop
endfacet
facet normal 0.0 0.0 0.0
  outer loop
    vertex -80.0 60.5 10.000000953674316
    vertex -79.875 60.5 10.000000953674316
    vertex -79.875 60.5 9.80000114440918
  endloop
endfacet
facet normal 0.0 0.0 0.0
  outer loop
    vertex -79.875 60.5 9.80000114440918
    vertex -80.0 60.5 9.80000114440918
    vertex -80.0 60.5 10.000000953674316
  endloop
endfacet
facet normal 0.0 0.0 0.0
  outer loop
    vertex -80.0 57.125 10.000000953674316
    vertex -80.0 60.5 10.000000953674316
    vertex -80.0 60.5 9.80000114440918
  endloop
endfacet
facet normal 0.0 0.0 0.0
  outer loop
    vertex -80.0 60.5 9.80000114440918
    vertex -80.0 57.125 9.80000114440918
    vertex -80.0 57.125 10.000000953674316
  endloop
endfacet
facet normal 0.0 0.0 0.0
  outer loop
    vertex -80.0 57.0 10.000000953674316
    vertex -80.0 57.125 10.000000953674316
    vertex -80.0 57.125 9.80000114440918
  endloop
endfacet
facet normal 0.0 0.0 0.0
  outer loop
    vertex -80.0 57.125 9.80000114440918
    vertex -80.0 57.0 9.80000114440918
    vertex -80.0 57.0 10.000000953674316
  endloop
endfacet
facet normal 0.0 0.0 0.0
  outer loop
    vertex -80.0 53.625 10.000000953674316
    vertex -80.0 53.5 10.000000953674316
    vertex -74.125 53.5 10.000000953674316
  endloop
endfacet
facet normal 0.0 0.0 0.0
  outer loop
    vertex -74.125 53.5 10.000000953674316
    vertex -74.0 53.5 10.000000953674316
    vertex -74.0 60.375 10.000000953674316
  endloop
endfacet
facet normal 0.0 0.0 0.0
  outer loop
    vertex -74.0 60.375 10.000000953674316
    vertex -74.0 60.5 10.000000953674316
    vertex -79.875 60.5 10.000000953674316
  endloop
endfacet
facet normal 0.0 0.0 0.0
  outer loop
    vertex -79.875 60.5 10.000000953674316
    vertex -80.0 60.5 10.000000953674316
    vertex -80.0 57.125 10.000000953674316
  endloop
endfacet
facet normal 0.0 0.0 0.0
  outer loop
    vertex -80.0 57.0 10.000000953674316
    vertex -80.0 53.625 10.000000953674316
    vertex -74.125 53.5 10.000000953674316
  endloop
endfacet
facet normal 0.0 0.0 0.0
  outer loop
    vertex -74.125 53.5 10.000000953674316
    vertex -74.0 60.375 10.000000953674316
    vertex -79.875 60.5 10.000000953674316
  endloop
endfacet
facet normal 0.0 0.0 0.0
  outer loop
    vertex -79.875 60.5 10.000000953674316
    vertex -80.0 57.125 10.000000953674316
    vertex -80.0 57.0 10.000000953674316
  endloop
endfacet
facet normal 0.0 0.0 0.0
  outer loop
    vertex -80.0 57.0 10.000000953674316
    vertex -74.125 53.5 10.000000953674316
    vertex -79.875 60.5 10.000000953674316
  endloop
endfacet
facet normal 0.0 0.0 0.0
  outer loop
    vertex -80.0 -60.375 10.000000953674316
    vertex -80.0 -57.0 10.000000953674316
    vertex -80.0 -57.0 9.80000114440918
  endloop
endfacet
facet normal 0.0 0.0 0.0
  outer loop
    vertex -80.0 -57.0 9.80000114440918
    vertex -80.0 -60.375 9.80000114440918
    vertex -80.0 -60.375 10.000000953674316
  endloop
endfacet
facet normal 0.0 0.0 0.0
  outer loop
    vertex -80.0 -60.5 10.000000953674316
    vertex -80.0 -60.375 10.000000953674316
    vertex -80.0 -60.375 9.80000114440918
  endloop
endfacet
facet normal 0.0 0.0 0.0
  outer loop
    vertex -80.0 -60.375 9.80000114440918
    vertex -80.0 -60.5 9.80000114440918
    vertex -80.0 -60.5 10.000000953674316
  endloop
endfacet
facet normal 0.0 0.0 0.0
  outer loop
    vertex -74.125 -60.5 10.000000953674316
    vertex -80.0 -60.5 10.000000953674316
    vertex -80.0 -60.5 9.80000114440918
  endloop
endfacet
facet normal 0.0 0.0 0.0
  outer loop
    vertex -80.0 -60.5 9.80000114440918
    vertex -74.125 -60.5 9.80000114440918
    vertex -74.125 -60.5 10.000000953674316
  endloop
endfacet
facet normal 0.0 0.0 0.0
  outer loop
    vertex -74.0 -60.5 10.000000953674316
    vertex -74.125 -60.5 10.000000953674316
    vertex -74.125 -60.5 9.80000114440918
  endloop
endfacet
facet normal 0.0 0.0 0.0
  outer loop
    vertex -74.125 -60.5 9.80000114440918
    vertex -74.0 -60.5 9.80000114440918
    vertex -74.0 -60.5 10.000000953674316
  endloop
endfacet
facet normal 0.0 0.0 0.0
  outer loop
    vertex -74.0 -53.625 10.000000953674316
    vertex -74.0 -60.5 10.000000953674316
    vertex -74.0 -60.5 9.80000114440918
  endloop
endfacet
facet normal 0.0 0.0 0.0
  outer loop
    vertex -74.0 -60.5 9.80000114440918
    vertex -74.0 -53.625 9.80000114440918
    vertex -74.0 -53.625 10.000000953674316
  endloop
endfacet
facet normal 0.0 0.0 0.0
  outer loop
    vertex -74.0 -53.5 10.000000953674316
    vertex -74.0 -53.625 10.000000953674316
    vertex -74.0 -53.625 9.80000114440918
  endloop
endfacet
facet normal 0.0 0.0 0.0
  outer loop
    vertex -74.0 -53.625 9.80000114440918
    vertex -74.0 -53.5 9.80000114440918
    vertex -74.0 -53.5 10.000000953674316
  endloop
endfacet
facet normal 0.0 0.0 0.0
  outer loop
    vertex -79.875 -53.5 10.000000953674316
    vertex -74.0 -53.5 10.000000953674316
    vertex -74.0 -53.5 9.80000114440918
  endloop
endfacet
facet normal 0.0 0.0 0.0
  outer loop
    vertex -74.0 -53.5 9.80000114440918
    vertex -79.875 -53.5 9.80000114440918
    vertex -79.875 -53.5 10.000000953674316
  endloop
endfacet
facet normal 0.0 0.0 0.0
  outer loop
    vertex -80.0 -53.5 10.000000953674316
    vertex -79.875 -53.5 10.000000953674316
    vertex -79.875 -53.5 9.80000114440918
  endloop
endfacet
facet normal 0.0 0.0 0.0
  outer loop
    vertex -79.875 -53.5 9.80000114440918
    vertex -80.0 -53.5 9.80000114440918
    vertex -80.0 -53.5 10.000000953674316
  endloop
endfacet
facet normal 0.0 0.0 0.0
  outer loop
    vertex -80.0 -56.875 10.000000953674316
    vertex -80.0 -53.5 10.000000953674316
    vertex -80.0 -53.5 9.80000114440918
  endloop
endfacet
facet normal 0.0 0.0 0.0
  outer loop
    vertex -80.0 -53.5 9.80000114440918
    vertex -80.0 -56.875 9.80000114440918
    vertex -80.0 -56.875 10.000000953674316
  endloop
endfacet
facet normal 0.0 0.0 0.0
  outer loop
    vertex -80.0 -57.0 10.000000953674316
    vertex -80.0 -56.875 10.000000953674316
    vertex -80.0 -56.875 9.80000114440918
  endloop
endfacet
facet normal 0.0 0.0 0.0
  outer loop
    vertex -80.0 -56.875 9.80000114440918
    vertex -80.0 -57.0 9.80000114440918
    vertex -80.0 -57.0 10.000000953674316
  endloop
endfacet
facet normal 0.0 0.0 0.0
  outer loop
    vertex -80.0 -60.375 10.000000953674316
    vertex -80.0 -60.5 10.000000953674316
    vertex -74.125 -60.5 10.000000953674316
  endloop
endfacet
facet normal 0.0 0.0 0.0
  outer loop
    vertex -74.125 -60.5 10.000000953674316
    vertex -74.0 -60.5 10.000000953674316
    vertex -74.0 -53.625 10.000000953674316
  endloop
endfacet
facet normal 0.0 0.0 0.0
  outer loop
    vertex -74.0 -53.625 10.000000953674316
    vertex -74.0 -53.5 10.000000953674316
    vertex -79.875 -53.5 10.000000953674316
  endloop
endfacet
facet normal 0.0 0.0 0.0
  outer loop
    vertex -79.875 -53.5 10.000000953674316
    vertex -80.0 -53.5 10.000000953674316
    vertex -80.0 -56.875 10.000000953674316
  endloop
endfacet
facet normal 0.0 0.0 0.0
  outer loop
    vertex -80.0 -57.0 10.000000953674316
    vertex -80.0 -60.375 10.000000953674316
    vertex -74.125 -60.5 10.000000953674316
  endloop
endfacet
facet normal 0.0 0.0 0.0
  outer loop
    vertex -74.125 -60.5 10.000000953674316
    vertex -74.0 -53.625 10.000000953674316
    vertex -79.875 -53.5 10.000000953674316
  endloop
endfacet
facet normal 0.0 0.0 0.0
  outer loop
    vertex -79.875 -53.5 10.000000953674316
    vertex -80.0 -56.875 10.000000953674316
    vertex -80.0 -57.0 10.000000953674316
  endloop
endfacet
facet normal 0.0 0.0 0.0
  outer loop
    vertex -80.0 -57.0 10.000000953674316
    vertex -74.125 -60.5 10.000000953674316
    vertex -79.875 -53.5 10.000000953674316
  endloop
endfacet
facet normal 0.0 0.0 0.0
  outer loop
    vertex 70.0 -10.375 14.80000114440918
    vertex 70.0 -0.0 14.80000114440918
    vertex 70.0 -0.0 10.000000953674316
  endloop
endfacet
facet normal 0.0 0.0 0.0
  outer loop
    vertex 70.0 -0.0 10.000000953674316
    vertex 70.0 -10.375 10.000000953674316
    vertex 70.0 -10.375 14.80000114440918
  endloop
endfacet
facet normal 0.0 0.0 0.0
  outer loop
    vertex 70.0 -10.5 14.80000114440918
    vertex 70.0 -10.375 14.80000114440918
    vertex 70.0 -10.375 10.000000953674316
  endloop
endfacet
facet normal 0.0 0.0 0.0
  outer loop
    vertex 70.0 -10.375 10.000000953674316
    vertex 70.0 -10.5 10.000000953674316
    vertex 70.0 -10.5 14.80000114440918
  endloop
endfacet
facet normal 0.0 0.0 0.0
  outer loop
    vertex 79.875 -10.5 14.80000114440918
    vertex 70.0 -10.5 14.80000114440918
    vertex 70.0 -10.5 10.000000953674316
  endloop
endfacet
facet normal 0.0 0.0 0.0
  outer loop
    vertex 70.0 -10.5 10.000000953674316
    vertex 79.875 -10.5 10.000000953674316
    vertex 79.875 -10.5 14.80000114440918
  endloop
endfacet
facet normal 0.0 0.0 0.0
  outer loop
    vertex 80.0 -10.5 14.80000114440918
    vertex 79.875 -10.5 14.80000114440918
    vertex 79.875 -10.5 10.000000953674316
  endloop
endfacet
facet normal 0.0 0.0 0.0
  outer loop
    vertex 79.875 -10.5 10.000000953674316
    vertex 80.0 -10.5 10.000000953674316
    vertex 80.0 -10.5 14.80000114440918
  endloop
endfacet
facet normal 0.0 0.0 0.0
  outer loop
    vertex 80.0 10.375 14.80000114440918
    vertex 80.0 -10.5 14.80000114440918
    vertex 80.0 -10.5 10.000000953674316
  endloop
endfacet
facet normal 0.0 0.0 0.0
  outer loop
    vertex 80.0 -10.5 10.000000953674316
    vertex 80.0 10.375 10.000000953674316
    vertex 80.0 10.375 14.80000114440918
  endloop
endfacet
facet normal 0.0 0.0 0.0
  outer loop
    vertex 80.0 10.5 14.80000114440918
    vertex 80.0 10.375 14.80000114440918
    vertex 80.0 10.375 10.000000953674316
  endloop
endfacet
facet normal 0.0 0.0 0.0
  outer loop
    vertex 80.0 10.375 10.000000953674316
    vertex 80.0 10.5 10.000000953674316
    vertex 80.0 10.5 14.80000114440918
  endloop
endfacet
facet normal 0.0 0.0 0.0
  outer loop
    vertex 70.125 10.5 14.80000114440918
    vertex 80.0 10.5 14.80000114440918
    vertex 80.0 10.5 10.000000953674316
  endloop
endfacet
facet normal 0.0 0.0 0.0
  outer loop
    vertex 80.0 10.5 10.000000953674316
    vertex 70.125 10.5 10.000000953674316
    vertex 70.125 10.5 14.80000114440918
  endloop
endfacet
facet normal 0.0 0.0 0.0
  outer loop
    vertex 70.0 10.5 14.80000114440918
    vertex 70.125 10.5 14.80000114440918
    vertex 70.125 10.5 10.000000953674316
  endloop
endfacet
facet normal 0.0 0.0 0.0
  outer loop
    vertex 70.125 10.5 10.000000953674316
    vertex 70.0 10.5 10.000000953674316
    vertex 70.0 10.5 14.80000114440918
  endloop
endfacet
facet normal 0.0 0.0 0.0
  outer loop
    vertex 70.0 0.125 14.80000114440918
    vertex 70.0 10.5 14.80000114440918
    vertex 70.0 10.5 10.000000953674316
  endloop
endfacet
facet normal 0.0 0.0 0.0
  outer loop
    vertex 70.0 10.5 10.000000953674316
    vertex 70.0 0.125 10.000000953674316
    vertex 70.0 0.125 14.80000114440918
  endloop
endfacet
facet normal 0.0 0.0 0.0
  outer loop
    vertex 70.0 -0.0 14.80000114440918
    vertex 70.0 0.125 14.80000114440918
    vertex 70.0 0.125 10.000000953674316
  endloop
endfacet
facet normal 0.0 0.0 0.0
  outer loop
    vertex 70.0 0.125 10.000000953674316
    vertex 70.0 -0.0 10.000000953674316
    vertex 70.0 -0.0 14.80000114440918
  endloop
endfacet
facet normal 0.0 0.0 0.0
  outer loop
    vertex 70.0 -10.375 14.80000114440918
    vertex 70.0 -10.5 14.80000114440918
    vertex 79.875 -10.5 14.80000114440918
  endloop
endfacet
facet normal 0.0 0.0 0.0
  outer loop
    vertex 79.875 -10.5 10.000000953674316
    vertex 70.0 -10.5 10.000000953674316
    vertex 70.0 -10.375 10.000000953674316
  endloop
endfacet
facet normal 0.0 0.0 0.0
  outer loop
    vertex 79.875 -10.5 14.80000114440918
    vertex 80.0 -10.5 14.80000114440918
    vertex 80.0 10.375 14.80000114440918
  endloop
endfacet
facet normal 0.0 0.0 0.0
  outer loop
    vertex 80.0 10.375 10.000000953674316
    vertex 80.0 -10.5 10.000000953674316
    vertex 79.875 -10.5 10.000000953674316
  endloop
endfacet
facet normal 0.0 0.0 0.0
  outer loop
    vertex 80.0 10.375 14.80000114440918
    vertex 80.0 10.5 14.80000114440918
    vertex 70.125 10.5 14.80000114440918
  endloop
endfacet
facet normal 0.0 0.0 0.0
  outer loop
    vertex 70.125 10.5 10.000000953674316
    vertex 80.0 10.5 10.000000953674316
    vertex 80.0 10.375 10.000000953674316
  endloop
endfacet
facet normal 0.0 0.0 0.0
  outer loop
    vertex 70.125 10.5 14.80000114440918
    vertex 70.0 10.5 14.80000114440918
    vertex 70.0 0.125 14.80000114440918
  endloop
endfacet
facet normal 0.0 0.0 0.0
  outer loop
    vertex 70.0 0.125 10.000000953674316
    vertex 70.0 10.5 10.000000953674316
    vertex 70.125 10.5 10.000000953674316
  endloop
endfacet
facet normal 0.0 0.0 0.0
  outer loop
    vertex 70.0 -0.0 14.80000114440918
    vertex 70.0 -10.375 14.80000114440918
    vertex 79.875 -10.5 14.80000114440918
  endloop
endfacet
facet normal 0.0 0.0 0.0
  outer loop
    vertex 79.875 -10.5 10.000000953674316
    vertex 70.0 -10.375 10.000000953674316
    vertex 70.0 -0.0 10.000000953674316
  endloop
endfacet
facet normal 0.0 0.0 0.0
  outer loop
    vertex 79.875 -10.5 14.80000114440918
    vertex 80.0 10.375 14.80000114440918
    vertex 70.125 10.5 14.80000114440918
  endloop
endfacet
facet normal 0.0 0.0 0.0
  outer loop
    vertex 70.125 10.5 10.000000953674316
    vertex 80.0 10.375 10.000000953674316
    vertex 79.875 -10.5 10.000000953674316
  endloop
endfacet
facet normal 0.0 0.0 0.0
  outer loop
    vertex 70.125 10.5 14.80000114440918
    vertex 70.0 0.125 14.80000114440918
    vertex 70.0 -0.0 14.80000114440918
  endloop
endfacet
facet normal 0.0 0.0 0.0
  outer loop
    vertex 70.0 -0.0 10.000000953674316
    vertex 70.0 0.125 10.000000953674316
    vertex 70.125 10.5 10.000000953674316
  endloop
endfacet
facet normal 0.0 0.0 0.0
  outer loop
    vertex 70.0 -0.0 14.80000114440918
    vertex 79.875 -10.5 14.80000114440918
    vertex 70.125 10.5 14.80000114440918
  endloop
endfacet
facet normal 0.0 0.0 0.0
  outer loop
    vertex 70.125 10.5 10.000000953674316
    vertex 79.875 -10.5 10.000000953674316
    vertex 70.0 -0.0 10.000000953674316
  endloop
endfacet
facet normal 0.0 0.0 0.0
  outer loop
    vertex 70.0 50.625 14.80000114440918
    vertex 70.0 55.5 14.80000114440918
    vertex 70.0 55.5 10.000000953674316
  endloop
endfacet
facet normal 0.0 0.0 0.0
  outer loop
    vertex 70.0 55.5 10.000000953674316
    vertex 70.0 50.625 10.000000953674316
    vertex 70.0 50.625 14.80000114440918
  endloop
endfacet
facet normal 0.0 0.0 0.0
  outer loop
    vertex 70.0 50.5 14.80000114440918
    vertex 70.0 50.625 14.80000114440918
    vertex 70.0 50.625 10.000000953674316
  endloop
endfacet
facet normal 0.0 0.0 0.0
  outer loop
    vertex 70.0 50.625 10.000000953674316
    vertex 70.0 50.5 10.000000953674316
    vertex 70.0 50.5 14.80000114440918
  endloop
endfacet
facet normal 0.0 0.0 0.0
  outer loop
    vertex 79.875 50.5 14.80000114440918
    vertex 70.0 50.5 14.80000114440918
    vertex 70.0 50.5 10.000000953674316
  endloop
endfacet
facet normal 0.0 0.0 0.0
  outer loop
    vertex 70.0 50.5 10.000000953674316
    vertex 79.875 50.5 10.000000953674316
    vertex 79.875 50.5 14.80000114440918
  endloop
endfacet
facet normal 0.0 0.0 0.0
  outer loop
    vertex 80.0 50.5 14.80000114440918
    vertex 79.875 50.5 14.80000114440918
    vertex 79.875 50.5 10.000000953674316
  endloop
endfacet
facet normal 0.0 0.0 0.0
  outer loop
    vertex 79.875 50.5 10.000000953674316
    vertex 80.0 50.5 10.000000953674316
    vertex 80.0 50.5 14.80000114440918
  endloop
endfacet
facet normal 0.0 0.0 0.0
  outer loop
    vertex 80.0 60.375 14.80000114440918
    vertex 80.0 50.5 14.80000114440918
    vertex 80.0 50.5 10.000000953674316
  endloop
endfacet
facet normal 0.0 0.0 0.0
  outer loop
    vertex 80.0 50.5 10.000000953674316
    vertex 80.0 60.375 10.000000953674316
    vertex 80.0 60.375 14.80000114440918
  endloop
endfacet
facet normal 0.0 0.0 0.0
  outer loop
    vertex 80.0 60.5 14.80000114440918
    vertex 80.0 60.375 14.80000114440918
    vertex 80.0 60.375 10.000000953674316
  endloop
endfacet
facet normal 0.0 0.0 0.0
  outer loop
    vertex 80.0 60.375 10.000000953674316
    vertex 80.0 60.5 10.000000953674316
    vertex 80.0 60.5 14.80000114440918
  endloop
endfacet
facet normal 0.0 0.0 0.0
  outer loop
    vertex 70.125 60.5 14.80000114440918
    vertex 80.0 60.5 14.80000114440918
    vertex 80.0 60.5 10.000000953674316
  endloop
endfacet
facet normal 0.0 0.0 0.0
  outer loop
    vertex 80.0 60.5 10.000000953674316
    vertex 70.125 60.5 10.000000953674316
    vertex 70.125 60.5 14.80000114440918
  endloop
endfacet
facet normal 0.0 0.0 0.0
  outer loop
    vertex 70.0 60.5 14.80000114440918
    vertex 70.125 60.5 14.80000114440918
    vertex 70.125 60.5 10.000000953674316
  endloop
endfacet
facet normal 0.0 0.0 0.0
  outer loop
    vertex 70.125 60.5 10.000000953674316
    vertex 70.0 60.5 10.000000953674316
    vertex 70.0 60.5 14.80000114440918
  endloop
endfacet
facet normal 0.0 0.0 0.0
  outer loop
    vertex 70.0 55.625 14.80000114440918
    vertex 70.0 60.5 14.80000114440918
    vertex 70.0 60.5 10.000000953674316
  endloop
endfacet
facet normal 0.0 0.0 0.0
  outer loop
    vertex 70.0 60.5 10.000000953674316
    vertex 70.0 55.625 10.000000953674316
    vertex 70.0 55.625 14.80000114440918
  endloop
endfacet
facet normal 0.0 0.0 0.0
  outer loop
    vertex 70.0 55.5 14.80000114440918
    vertex 70.0 55.625 14.80000114440918
    vertex 70.0 55.625 10.000000953674316
  endloop
endfacet
facet normal 0.0 0.0 0.0
  outer loop
    vertex 70.0 55.625 10.000000953674316
    vertex 70.0 55.5 10.000000953674316
    vertex 70.0 55.5 14.80000114440918
  endloop
endfacet
facet normal 0.0 0.0 0.0
  outer loop
    vertex 70.0 50.625 14.80000114440918
    vertex 70.0 50.5 14.80000114440918
    vertex 79.875 50.5 14.80000114440918
  endloop
endfacet
facet normal 0.0 0.0 0.0
  outer loop
    vertex 79.875 50.5 10.000000953674316
    vertex 70.0 50.5 10.000000953674316
    vertex 70.0 50.625 10.000000953674316
  endloop
endfacet
facet normal 0.0 0.0 0.0
  outer loop
    vertex 79.875 50.5 14.80000114440918
    vertex 80.0 50.5 14.80000114440918
    vertex 80.0 60.375 14.80000114440918
  endloop
endfacet
facet normal 0.0 0.0 0.0
  outer loop
    vertex 80.0 60.375 10.000000953674316
    vertex 80.0 50.5 10.000000953674316
    vertex 79.875 50.5 10.000000953674316
  endloop
endfacet
facet normal 0.0 0.0 0.0
  outer loop
    vertex 80.0 60.375 14.80000114440918
    vertex 80.0 60.5 14.80000114440918
    vertex 70.125 60.5 14.80000114440918
  endloop
endfacet
facet normal 0.0 0.0 0.0
  outer loop
    vertex 70.125 60.5 14.80000114440918
    vertex 70.0 60.5 14.80000114440918
    vertex 70.0 55.625 14.80000114440918
  endloop
endfacet
facet normal 0.0 0.0 0.0
  outer loop
    vertex 70.0 55.625 10.000000953674316
    vertex 70.0 60.5 10.000000953674316
    vertex 70.125 60.5 10.000000953674316
  endloop
endfacet
facet normal 0.0 0.0 0.0
  outer loop
    vertex 70.0 55.5 14.80000114440918
    vertex 70.0 50.625 14.80000114440918
    vertex 79.875 50.5 14.80000114440918
  endloop
endfacet
facet normal 0.0 0.0 0.0
  outer loop
    vertex 79.875 50.5 10.000000953674316
    vertex 70.0 50.625 10.000000953674316
    vertex 70.0 55.5 10.000000953674316
  endloop
endfacet
facet normal 0.0 0.0 0.0
  outer loop
    vertex 79.875 50.5 14.80000114440918
    vertex 80.0 60.375 14.80000114440918
    vertex 70.125 60.5 14.80000114440918
  endloop
endfacet
facet normal 0.0 0.0 0.0
  outer loop
    vertex 70.125 60.5 10.000000953674316
    vertex 80.0 60.375 10.000000953674316
    vertex 79.875 50.5 10.000000953674316
  endloop
endfacet
facet normal 0.0 0.0 0.0
  outer loop
    vertex 70.125 60.5 14.80000114440918
    vertex 70.0 55.625 14.80000114440918
    vertex 70.0 55.5 14.80000114440918
  endloop
endfacet
facet normal 0.0 0.0 0.0
  outer loop
    vertex 70.0 55.5 10.000000953674316
    vertex 70.0 55.625 10.000000953674316
    vertex 70.125 60.5 10.000000953674316
  endloop
endfacet
facet normal 0.0 0.0 0.0
  outer loop
    vertex 70.0 55.5 14.80000114440918
    vertex 79.875 50.5 14.80000114440918
    vertex 70.125 60.5 14.80000114440918
  endloop
endfacet
facet normal 0.0 0.0 0.0
  outer loop
    vertex 70.125 60.5 10.000000953674316
    vertex 79.875 50.5 10.000000953674316
    vertex 70.0 55.5 10.000000953674316
  endloop
endfacet
facet normal 0.0 0.0 0.0
  outer loop
    vertex 70.0 -60.375 14.80000114440918
    vertex 70.0 -55.5 14.80000114440918
    vertex 70.0 -55.5 10.000000953674316
  endloop
endfacet
facet normal 0.0 0.0 0.0
  outer loop
    vertex 70.0 -55.5 10.000000953674316
    vertex 70.0 -60.375 10.000000953674316
    vertex 70.0 -60.375 14.80000114440918
  endloop
endfacet
facet normal 0.0 0.0 0.0
  outer loop
    vertex 70.0 -60.5 14.80000114440918
    vertex 70.0 -60.375 14.80000114440918
    vertex 70.0 -60.375 10.000000953674316
  endloop
endfacet
facet normal 0.0 0.0 0.0
  outer loop
    vertex 70.0 -60.375 10.000000953674316
    vertex 70.0 -60.5 10.000000953674316
    vertex 70.0 -60.5 14.80000114440918
  endloop
endfacet
facet normal 0.0 0.0 0.0
  outer loop
    vertex 79.875 -60.5 14.80000114440918
    vertex 70.0 -60.5 14.80000114440918
    vertex 70.0 -60.5 10.000000953674316
  endloop
endfacet
facet normal 0.0 0.0 0.0
  outer loop
    vertex 70.0 -60.5 10.000000953674316
    vertex 79.875 -60.5 10.000000953674316
    vertex 79.875 -60.5 14.80000114440918
  endloop
endfacet
facet normal 0.0 0.0 0.0
  outer loop
    vertex 80.0 -60.5 14.80000114440918
    vertex 79.875 -60.5 14.80000114440918
    vertex 79.875 -60.5 10.000000953674316
  endloop
endfacet
facet normal 0.0 0.0 0.0
  outer loop
    vertex 79.875 -60.5 10.000000953674316
    vertex 80.0 -60.5 10.000000953674316
    vertex 80.0 -60.5 14.80000114440918
  endloop
endfacet
facet normal 0.0 0.0 0.0
  outer loop
    vertex 80.0 -50.625 14.80000114440918
    vertex 80.0 -60.5 14.80000114440918
    vertex 80.0 -60.5 10.000000953674316
  endloop
endfacet
facet normal 0.0 0.0 0.0
  outer loop
    vertex 80.0 -60.5 10.000000953674316
    vertex 80.0 -50.625 10.000000953674316
    vertex 80.0 -50.625 14.80000114440918
  endloop
endfacet
facet normal 0.0 0.0 0.0
  outer loop
    vertex 80.0 -50.5 14.80000114440918
    vertex 80.0 -50.625 14.80000114440918
    vertex 80.0 -50.625 10.000000953674316
  endloop
endfacet
facet normal 0.0 0.0 0.0
  outer loop
    vertex 80.0 -50.625 10.000000953674316
    vertex 80.0 -50.5 10.000000953674316
    vertex 80.0 -50.5 14.80000114440918
  endloop
endfacet
facet normal 0.0 0.0 0.0
  outer loop
    vertex 70.125 -50.5 14.80000114440918
    vertex 80.0 -50.5 14.80000114440918
    vertex 80.0 -50.5 10.000000953674316
  endloop
endfacet
facet normal 0.0 0.0 0.0
  outer loop
    vertex 80.0 -50.5 10.000000953674316
    vertex 70.125 -50.5 10.000000953674316
    vertex 70.125 -50.5 14.80000114440918
  endloop
endfacet
facet normal 0.0 0.0 0.0
  outer loop
    vertex 70.0 -50.5 14.80000114440918
    vertex 70.125 -50.5 14.80000114440918
    vertex 70.125 -50.5 10.000000953674316
  endloop
endfacet
facet normal 0.0 0.0 0.0
  outer loop
    vertex 70.125 -50.5 10.000000953674316
    vertex 70.0 -50.5 10.000000953674316
    vertex 70.0 -50.5 14.80000114440918
  endloop
endfacet
facet normal 0.0 0.0 0.0
  outer loop
    vertex 70.0 -55.375 14.80000114440918
    vertex 70.0 -50.5 14.80000114440918
    vertex 70.0 -50.5 10.000000953674316
  endloop
endfacet
facet normal 0.0 0.0 0.0
  outer loop
    vertex 70.0 -50.5 10.000000953674316
    vertex 70.0 -55.375 10.000000953674316
    vertex 70.0 -55.375 14.80000114440918
  endloop
endfacet
facet normal 0.0 0.0 0.0
  outer loop
    vertex 70.0 -55.5 14.80000114440918
    vertex 70.0 -55.375 14.80000114440918
    vertex 70.0 -55.375 10.000000953674316
  endloop
endfacet
facet normal 0.0 0.0 0.0
  outer loop
    vertex 70.0 -55.375 10.000000953674316
    vertex 70.0 -55.5 10.000000953674316
    vertex 70.0 -55.5 14.80000114440918
  endloop
endfacet
facet normal 0.0 0.0 0.0
  outer loop
    vertex 70.0 -60.375 14.80000114440918
    vertex 70.0 -60.5 14.80000114440918
    vertex 79.875 -60.5 14.80000114440918
  endloop
endfacet
facet normal 0.0 0.0 0.0
  outer loop
    vertex 79.875 -60.5 14.80000114440918
    vertex 80.0 -60.5 14.80000114440918
    vertex 80.0 -50.625 14.80000114440918
  endloop
endfacet
facet normal 0.0 0.0 0.0
  outer loop
    vertex 80.0 -50.625 10.000000953674316
    vertex 80.0 -60.5 10.000000953674316
    vertex 79.875 -60.5 10.000000953674316
  endloop
endfacet
facet normal 0.0 0.0 0.0
  outer loop
    vertex 80.0 -50.625 14.80000114440918
    vertex 80.0 -50.5 14.80000114440918
    vertex 70.125 -50.5 14.80000114440918
  endloop
endfacet
facet normal 0.0 0.0 0.0
  outer loop
    vertex 70.125 -50.5 10.000000953674316
    vertex 80.0 -50.5 10.000000953674316
    vertex 80.0 -50.625 10.000000953674316
  endloop
endfacet
facet normal 0.0 0.0 0.0
  outer loop
    vertex 70.125 -50.5 14.80000114440918
    vertex 70.0 -50.5 14.80000114440918
    vertex 70.0 -55.375 14.80000114440918
  endloop
endfacet
facet normal 0.0 0.0 0.0
  outer loop
    vertex 70.0 -55.375 10.000000953674316
    vertex 70.0 -50.5 10.000000953674316
    vertex 70.125 -50.5 10.000000953674316
  endloop
endfacet
facet normal 0.0 0.0 0.0
  outer loop
    vertex 70.0 -55.5 14.80000114440918
    vertex 70.0 -60.375 14.80000114440918
    vertex 79.875 -60.5 14.80000114440918
  endloop
endfacet
facet normal 0.0 0.0 0.0
  outer loop
    vertex 79.875 -60.5 10.000000953674316
    vertex 70.0 -60.375 10.000000953674316
    vertex 70.0 -55.5 10.000000953674316
  endloop
endfacet
facet normal 0.0 0.0 0.0
  outer loop
    vertex 79.875 -60.5 14.80000114440918
    vertex 80.0 -50.625 14.80000114440918
    vertex 70.125 -50.5 14.80000114440918
  endloop
endfacet
facet normal 0.0 0.0 0.0
  outer loop
    vertex 70.125 -50.5 10.000000953674316
    vertex 80.0 -50.625 10.000000953674316
    vertex 79.875 -60.5 10.000000953674316
  endloop
endfacet
facet normal 0.0 0.0 0.0
  outer loop
    vertex 70.125 -50.5 14.80000114440918
    vertex 70.0 -55.375 14.80000114440918
    vertex 70.0 -55.5 14.80000114440918
  endloop
endfacet
facet normal 0.0 0.0 0.0
  outer loop
    vertex 70.0 -55.5 10.000000953674316
    vertex 70.0 -55.375 10.000000953674316
    vertex 70.125 -50.5 10.000000953674316
  endloop
endfacet
facet normal 0.0 0.0 0.0
  outer loop
    vertex 70.0 -55.5 14.80000114440918
    vertex 79.875 -60.5 14.80000114440918
    vertex 70.125 -50.5 14.80000114440918
  endloop
endfacet
facet normal 0.0 0.0 0.0
  outer loop
    vertex 70.125 -50.5 10.000000953674316
    vertex 79.875 -60.5 10.000000953674316
    vertex 70.0 -55.5 10.000000953674316
  endloop
endfacet
facet normal 0.0 0.0 0.0
  outer loop
    vertex -80.0 53.625 14.80000114440918
    vertex -80.0 57.0 14.80000114440918
    vertex -80.0 57.0 10.000000953674316
  endloop
endfacet
facet normal 0.0 0.0 0.0
  outer loop
    vertex -80.0 57.0 10.000000953674316
    vertex -80.0 53.625 10.000000953674316
    vertex -80.0 53.625 14.80000114440918
  endloop
endfacet
facet normal 0.0 0.0 0.0
  outer loop
    vertex -80.0 53.5 14.80000114440918
    vertex -80.0 53.625 14.80000114440918
    vertex -80.0 53.625 10.000000953674316
  endloop
endfacet
facet normal 0.0 0.0 0.0
  outer loop
    vertex -80.0 53.625 10.000000953674316
    vertex -80.0 53.5 10.000000953674316
    vertex -80.0 53.5 14.80000114440918
  endloop
endfacet
facet normal 0.0 0.0 0.0
  outer loop
    vertex -74.125 53.5 14.80000114440918
    vertex -80.0 53.5 14.80000114440918
    vertex -80.0 53.5 10.000000953674316
  endloop
endfacet
facet normal 0.0 0.0 0.0
  outer loop
    vertex -80.0 53.5 10.000000953674316
    vertex -74.125 53.5 10.000000953674316
    vertex -74.125 53.5 14.80000114440918
  endloop
endfacet
facet normal 0.0 0.0 0.0
  outer loop
    vertex -74.0 53.5 14.80000114440918
    vertex -74.125 53.5 14.80000114440918
    vertex -74.125 53.5 10.000000953674316
  endloop
endfacet
facet normal 0.0 0.0 0.0
  outer loop
    vertex -74.125 53.5 10.000000953674316
    vertex -74.0 53.5 10.000000953674316
    vertex -74.0 53.5 14.80000114440918
  endloop
endfacet
facet normal 0.0 0.0 0.0
  outer loop
    vertex -74.0 60.375 14.80000114440918
    vertex -74.0 53.5 14.80000114440918
    vertex -74.0 53.5 10.000000953674316
  endloop
endfacet
facet normal 0.0 0.0 0.0
  outer loop
    vertex -74.0 53.5 10.000000953674316
    vertex -74.0 60.375 10.000000953674316
    vertex -74.0 60.375 14.80000114440918
  endloop
endfacet
facet normal 0.0 0.0 0.0
  outer loop
    vertex -74.0 60.5 14.80000114440918
    vertex -74.0 60.375 14.80000114440918
    vertex -74.0 60.375 10.000000953674316
  endloop
endfacet
facet normal 0.0 0.0 0.0
  outer loop
    vertex -74.0 60.375 10.000000953674316
    vertex -74.0 60.5 10.000000953674316
    vertex -74.0 60.5 14.80000114440918
  endloop
endfacet
facet normal 0.0 0.0 0.0
  outer loop
    vertex -79.875 60.5 14.80000114440918
    vertex -74.0 60.5 14.80000114440918
    vertex -74.0 60.5 10.000000953674316
  endloop
endfacet
facet normal 0.0 0.0 0.0
  outer loop
    vertex -74.0 60.5 10.000000953674316
    vertex -79.875 60.5 10.000000953674316
    vertex -79.875 60.5 14.80000114440918
  endloop
endfacet
facet normal 0.0 0.0 0.0
  outer loop
    vertex -80.0 60.5 14.80000114440918
    vertex -79.875 60.5 14.80000114440918
    vertex -79.875 60.5 10.000000953674316
  endloop
endfacet
facet normal 0.0 0.0 0.0
  outer loop
    vertex -79.875 60.5 10.000000953674316
    vertex -80.0 60.5 10.000000953674316
    vertex -80.0 60.5 14.80000114440918
  endloop
endfacet
facet normal 0.0 0.0 0.0
  outer loop
    vertex -80.0 57.125 14.80000114440918
    vertex -80.0 60.5 14.80000114440918
    vertex -80.0 60.5 10.000000953674316
  endloop
endfacet
facet normal 0.0 0.0 0.0
  outer loop
    vertex -80.0 60.5 10.000000953674316
    vertex -80.0 57.125 10.000000953674316
    vertex -80.0 57.125 14.80000114440918
  endloop
endfacet
facet normal 0.0 0.0 0.0
  outer loop
    vertex -80.0 57.0 14.80000114440918
    vertex -80.0 57.125 14.80000114440918
    vertex -80.0 57.125 10.000000953674316
  endloop
endfacet
facet normal 0.0 0.0 0.0
  outer loop
    vertex -80.0 57.125 10.000000953674316
    vertex -80.0 57.0 10.000000953674316
    vertex -80.0 57.0 14.80000114440918
  endloop
endfacet
facet normal 0.0 0.0 0.0
  outer loop
    vertex -80.0 53.625 14.80000114440918
    vertex -80.0 53.5 14.80000114440918
    vertex -74.125 53.5 14.80000114440918
  endloop
endfacet
facet normal 0.0 0.0 0.0
  outer loop
    vertex -74.125 53.5 14.80000114440918
    vertex -74.0 53.5 14.80000114440918
    vertex -74.0 60.375 14.80000114440918
  endloop
endfacet
facet normal 0.0 0.0 0.0
  outer loop
    vertex -74.0 60.375 14.80000114440918
    vertex -74.0 60.5 14.80000114440918
    vertex -79.875 60.5 14.80000114440918
  endloop
endfacet
facet normal 0.0 0.0 0.0
  outer loop
    vertex -79.875 60.5 14.80000114440918
    vertex -80.0 60.5 14.80000114440918
    vertex -80.0 57.125 14.80000114440918
  endloop
endfacet
facet normal 0.0 0.0 0.0
  outer loop
    vertex -80.0 57.0 14.80000114440918
    vertex -80.0 53.625 14.80000114440918
    vertex -74.125 53.5 14.80000114440918
  endloop
endfacet
facet normal 0.0 0.0 0.0
  outer loop
    vertex -74.125 53.5 14.80000114440918
    vertex -74.0 60.375 14.80000114440918
    vertex -79.875 60.5 14.80000114440918
  endloop
endfacet
facet normal 0.0 0.0 0.0
  outer loop
    vertex -79.875 60.5 14.80000114440918
    vertex -80.0 57.125 14.80000114440918
    vertex -80.0 57.0 14.80000114440918
  endloop
endfacet
facet normal 0.0 0.0 0.0
  outer loop
    vertex -80.0 57.0 14.80000114440918
    vertex -74.125 53.5 14.80000114440918
    vertex -79.875 60.5 14.80000114440918
  endloop
endfacet
facet normal 0.0 0.0 0.0
  outer loop
    vertex -80.0 -60.375 14.80000114440918
    vertex -80.0 -57.0 14.80000114440918
    vertex -80.0 -57.0 10.000000953674316
  endloop
endfacet
facet normal 0.0 0.0 0.0
  outer loop
    vertex -80.0 -57.0 10.000000953674316
    vertex -80.0 -60.375 10.000000953674316
    vertex -80.0 -60.375 14.80000114440918
  endloop
endfacet
facet normal 0.0 0.0 0.0
  outer loop
    vertex -80.0 -60.5 14.80000114440918
    vertex -80.0 -60.375 14.80000114440918
    vertex -80.0 -60.375 10.000000953674316
  endloop
endfacet
facet normal 0.0 0.0 0.0
  outer loop
    vertex -80.0 -60.375 10.000000953674316
    vertex -80.0 -60.5 10.000000953674316
    vertex -80.0 -60.5 14.80000114440918
  endloop
endfacet
facet normal 0.0 0.0 0.0
  outer loop
    vertex -74.125 -60.5 14.80000114440918
    vertex -80.0 -60.5 14.80000114440918
    vertex -80.0 -60.5 10.000000953674316
  endloop
endfacet
facet normal 0.0 0.0 0.0
  outer loop
    vertex -80.0 -60.5 10.000000953674316
    vertex -74.125 -60.5 10.000000953674316
    vertex -74.125 -60.5 14.80000114440918
  endloop
endfacet
facet normal 0.0 0.0 0.0
  outer loop
    vertex -74.0 -60.5 14.80000114440918
    vertex -74.125 -60.5 14.80000114440918
    vertex -74.125 -60.5 10.000000953674316
  endloop
endfacet
facet normal 0.0 0.0 0.0
  outer loop
    vertex -74.125 -60.5 10.000000953674316
    vertex -74.0 -60.5 10.000000953674316
    vertex -74.0 -60.5 14.80000114440918
  endloop
endfacet
facet normal 0.0 0.0 0.0
  outer loop
    vertex -74.0 -53.625 14.80000114440918
    vertex -74.0 -60.5 14.80000114440918
    vertex -74.0 -60.5 10.000000953674316
  endloop
endfacet
facet normal 0.0 0.0 0.0
  outer loop
    vertex -74.0 -60.5 10.000000953674316
    vertex -74.0 -53.625 10.000000953674316
    vertex -74.0 -53.625 14.80000114440918
  endloop
endfacet
facet normal 0.0 0.0 0.0
  outer loop
    vertex -74.0 -53.5 14.80000114440918
    vertex -74.0 -53.625 14.80000114440918
    vertex -74.0 -53.625 10.000000953674316
  endloop
endfacet
facet normal 0.0 0.0 0.0
  outer loop
    vertex -74.0 -53.625 10.000000953674316
    vertex -74.0 -53.5 10.000000953674316
    vertex -74.0 -53.5 14.80000114440918
  endloop
endfacet
facet normal 0.0 0.0 0.0
  outer loop
    vertex -79.875 -53.5 14.80000114440918
    vertex -74.0 -53.5 14.80000114440918
    vertex -74.0 -53.5 10.000000953674316
  endloop
endfacet
facet normal 0.0 0.0 0.0
  outer loop
    vertex -74.0 -53.5 10.000000953674316
    vertex -79.875 -53.5 10.000000953674316
    vertex -79.875 -53.5 14.80000114440918
  endloop
endfacet
facet normal 0.0 0.0 0.0
  outer loop
    vertex -80.0 -53.5 14.80000114440918
    vertex -79.875 -53.5 14.80000114440918
    vertex -79.875 -53.5 10.000000953674316
  endloop
endfacet
facet normal 0.0 0.0 0.0
  outer loop
    vertex -79.875 -53.5 10.000000953674316
    vertex -80.0 -53.5 10.000000953674316
    vertex -80.0 -53.5 14.80000114440918
  endloop
endfacet
facet normal 0.0 0.0 0.0
  outer loop
    vertex -80.0 -56.875 14.80000114440918
    vertex -80.0 -53.5 14.80000114440918
    vertex -80.0 -53.5 10.000000953674316
  endloop
endfacet
facet normal 0.0 0.0 0.0
  outer loop
    vertex -80.0 -53.5 10.000000953674316
    vertex -80.0 -56.875 10.000000953674316
    vertex -80.0 -56.875 14.80000114440918
  endloop
endfacet
facet normal 0.0 0.0 0.0
  outer loop
    vertex -80.0 -57.0 14.80000114440918
    vertex -80.0 -56.875 14.80000114440918
    vertex -80.0 -56.875 10.000000953674316
  endloop
endfacet
facet normal 0.0 0.0 0.0
  outer loop
    vertex -80.0 -56.875 10.000000953674316
    vertex -80.0 -57.0 10.000000953674316
    vertex -80.0 -57.0 14.80000114440918
  endloop
endfacet
facet normal 0.0 0.0 0.0
  outer loop
    vertex -80.0 -60.375 14.80000114440918
    vertex -80.0 -60.5 14.80000114440918
    vertex -74.125 -60.5 14.80000114440918
  endloop
endfacet
facet normal 0.0 0.0 0.0
  outer loop
    vertex -74.125 -60.5 14.80000114440918
    vertex -74.0 -60.5 14.80000114440918
    vertex -74.0 -53.625 14.80000114440918
  endloop
endfacet
facet normal 0.0 0.0 0.0
  outer loop
    vertex -74.0 -53.625 14.80000114440918
    vertex -74.0 -53.5 14.80000114440918
    vertex -79.875 -53.5 14.80000114440918
  endloop
endfacet
facet normal 0.0 0.0 0.0
  outer loop
    vertex -79.875 -53.5 14.80000114440918
    vertex -80.0 -53.5 14.80000114440918
    vertex -80.0 -56.875 14.80000114440918
  endloop
endfacet
facet normal 0.0 0.0 0.0
  outer loop
    vertex -80.0 -57.0 14.80000114440918
    vertex -80.0 -60.375 14.80000114440918
    vertex -74.125 -60.5 14.80000114440918
  endloop
endfacet
facet normal 0.0 0.0 0.0
  outer loop
    vertex -74.125 -60.5 14.80000114440918
    vertex -74.0 -53.625 14.80000114440918
    vertex -79.875 -53.5 14.80000114440918
  endloop
endfacet
facet normal 0.0 0.0 0.0
  outer loop
    vertex -79.875 -53.5 14.80000114440918
    vertex -80.0 -56.875 14.80000114440918
    vertex -80.0 -57.0 14.80000114440918
  endloop
endfacet
facet normal 0.0 0.0 0.0
  outer loop
    vertex -80.0 -57.0 14.80000114440918
    vertex -74.125 -60.5 14.80000114440918
    vertex -79.875 -53.5 14.80000114440918
  endloop
endfacet
facet normal 0.0 0.0 0.0
  outer loop
    vertex 70.0 -10.375 15.000000953674316
    vertex 70.0 -0.0 15.000000953674316
    vertex 70.0 -0.0 14.80000114440918
  endloop
endfacet
facet normal 0.0 0.0 0.0
  outer loop
    vertex 70.0 -0.0 14.80000114440918
    vertex 70.0 -10.375 14.80000114440918
    vertex 70.0 -10.375 15.000000953674316
  endloop
endfacet
facet normal 0.0 0.0 0.0
  outer loop
    vertex 70.0 -10.5 15.000000953674316
    vertex 70.0 -10.375 15.000000953674316
    vertex 70.0 -10.375 14.80000114440918
  endloop
endfacet
facet normal 0.0 0.0 0.0
  outer loop
    vertex 70.0 -10.375 14.80000114440918
    vertex 70.0 -10.5 14.80000114440918
    vertex 70.0 -10.5 15.000000953674316
  endloop
endfacet
facet normal 0.0 0.0 0.0
  outer loop
    vertex 79.875 -10.5 15.000000953674316
    vertex 70.0 -10.5 15.000000953674316
    vertex 70.0 -10.5 14.80000114440918
  endloop
endfacet
facet normal 0.0 0.0 0.0
  outer loop
    vertex 70.0 -10.5 14.80000114440918
    vertex 79.875 -10.5 14.80000114440918
    vertex 79.875 -10.5 15.000000953674316
  endloop
endfacet
facet normal 0.0 0.0 0.0
  outer loop
    vertex 80.0 -10.5 15.000000953674316
    vertex 79.875 -10.5 15.000000953674316
    vertex 79.875 -10.5 14.80000114440918
  endloop
endfacet
facet normal 0.0 0.0 0.0
  outer loop
    vertex 79.875 -10.5 14.80000114440918
    vertex 80.0 -10.5 14.80000114440918
    vertex 80.0 -10.5 15.000000953674316
  endloop
endfacet
facet normal 0.0 0.0 0.0
  outer loop
    vertex 80.0 10.375 15.000000953674316
    vertex 80.0 -10.5 15.000000953674316
    vertex 80.0 -10.5 14.80000114440918
  endloop
endfacet
facet normal 0.0 0.0 0.0
  outer loop
    vertex 80.0 -10.5 14.80000114440918
    vertex 80.0 10.375 14.80000114440918
    vertex 80.0 10.375 15.000000953674316
  endloop
endfacet
facet normal 0.0 0.0 0.0
  outer loop
    vertex 80.0 10.5 15.000000953674316
    vertex 80.0 10.375 15.000000953674316
    vertex 80.0 10.375 14.80000114440918
  endloop
endfacet
facet normal 0.0 0.0 0.0
  outer loop
    vertex 80.0 10.375 14.80000114440918
    vertex 80.0 10.5 14.80000114440918
    vertex 80.0 10.5 15.000000953674316
  endloop
endfacet
facet normal 0.0 0.0 0.0
  outer loop
    vertex 70.125 10.5 15.000000953674316
    vertex 80.0 10.5 15.000000953674316
    vertex 80.0 10.5 14.80000114440918
  endloop
endfacet
facet normal 0.0 0.0 0.0
  outer loop
    vertex 80.0 10.5 14.80000114440918
    vertex 70.125 10.5 14.80000114440918
    vertex 70.125 10.5 15.000000953674316
  endloop
endfacet
facet normal 0.0 0.0 0.0
  outer loop
    vertex 70.0 10.5 15.000000953674316
    vertex 70.125 10.5 15.000000953674316
    vertex 70.125 10.5 14.80000114440918
  endloop
endfacet
facet normal 0.0 0.0 0.0
  outer loop
    vertex 70.125 10.5 14.80000114440918
    vertex 70.0 10.5 14.80000114440918
    vertex 70.0 10.5 15.000000953674316
  endloop
endfacet
facet normal 0.0 0.0 0.0
  outer loop
    vertex 70.0 0.125 15.000000953674316
    vertex 70.0 10.5 15.000000953674316
    vertex 70.0 10.5 14.80000114440918
  endloop
endfacet
facet normal 0.0 0.0 0.0
  outer loop
    vertex 70.0 10.5 14.80000114440918
    vertex 70.0 0.125 14.80000114440918
    vertex 70.0 0.125 15.000000953674316
  endloop
endfacet
facet normal 0.0 0.0 0.0
  outer loop
    vertex 70.0 -0.0 15.000000953674316
    vertex 70.0 0.125 15.000000953674316
    vertex 70.0 0.125 14.80000114440918
  endloop
endfacet
facet normal 0.0 0.0 0.0
  outer loop
    vertex 70.0 0.125 14.80000114440918
    vertex 70.0 -0.0 14.80000114440918
    vertex 70.0 -0.0 15.000000953674316
  endloop
endfacet
facet normal 0.0 0.0 0.0
  outer loop
    vertex 70.0 -10.375 15.000000953674316
    vertex 70.0 -10.5 15.000000953674316
    vertex 79.875 -10.5 15.000000953674316
  endloop
endfacet
facet normal 0.0 0.0 0.0
  outer loop
    vertex 79.875 -10.5 15.000000953674316
    vertex 80.0 -10.5 15.000000953674316
    vertex 80.0 10.375 15.000000953674316
  endloop
endfacet
facet normal 0.0 0.0 0.0
  outer loop
    vertex 80.0 10.375 15.000000953674316
    vertex 80.0 10.5 15.000000953674316
    vertex 70.125 10.5 15.000000953674316
  endloop
endfacet
facet normal 0.0 0.0 0.0
  outer loop
    vertex 70.125 10.5 15.000000953674316
    vertex 70.0 10.5 15.000000953674316
    vertex 70.0 0.125 15.000000953674316
  endloop
endfacet
facet normal 0.0 0.0 0.0
  outer loop
    vertex 70.0 -0.0 15.000000953674316
    vertex 70.0 -10.375 15.000000953674316
    vertex 79.875 -10.5 15.000000953674316
  endloop
endfacet
facet normal 0.0 0.0 0.0
  outer loop
    vertex 79.875 -10.5 15.000000953674316
    vertex 80.0 10.375 15.000000953674316
    vertex 70.125 10.5 15.000000953674316
  endloop
endfacet
facet normal 0.0 0.0 0.0
  outer loop
    vertex 70.125 10.5 15.000000953674316
    vertex 70.0 0.125 15.000000953674316
    vertex 70.0 -0.0 15.000000953674316
  endloop
endfacet
facet normal 0.0 0.0 0.0
  outer loop
    vertex 70.0 -0.0 15.000000953674316
    vertex 79.875 -10.5 15.000000953674316
    vertex 70.125 10.5 15.000000953674316
  endloop
endfacet
facet normal 0.0 0.0 0.0
  outer loop
    vertex 70.0 50.625 15.000000953674316
    vertex 70.0 55.5 15.000000953674316
    vertex 70.0 55.5 14.80000114440918
  endloop
endfacet
facet normal 0.0 0.0 0.0
  outer loop
    vertex 70.0 55.5 14.80000114440918
    vertex 70.0 50.625 14.80000114440918
    vertex 70.0 50.625 15.000000953674316
  endloop
endfacet
facet normal 0.0 0.0 0.0
  outer loop
    vertex 70.0 50.5 15.000000953674316
    vertex 70.0 50.625 15.000000953674316
    vertex 70.0 50.625 14.80000114440918
  endloop
endfacet
facet normal 0.0 0.0 0.0
  outer loop
    vertex 70.0 50.625 14.80000114440918
    vertex 70.0 50.5 14.80000114440918
    vertex 70.0 50.5 15.000000953674316
  endloop
endfacet
facet normal 0.0 0.0 0.0
  outer loop
    vertex 79.875 50.5 15.000000953674316
    vertex 70.0 50.5 15.000000953674316
    vertex 70.0 50.5 14.80000114440918
  endloop
endfacet
facet normal 0.0 0.0 0.0
  outer loop
    vertex 70.0 50.5 14.80000114440918
    vertex 79.875 50.5 14.80000114440918
    vertex 79.875 50.5 15.000000953674316
  endloop
endfacet
facet normal 0.0 0.0 0.0
  outer loop
    vertex 80.0 50.5 15.000000953674316
    vertex 79.875 50.5 15.000000953674316
    vertex 79.875 50.5 14.80000114440918
  endloop
endfacet
facet normal 0.0 0.0 0.0
  outer loop
    vertex 79.875 50.5 14.80000114440918
    vertex 80.0 50.5 14.80000114440918
    vertex 80.0 50.5 15.000000953674316
  endloop
endfacet
facet normal 0.0 0.0 0.0
  outer loop
    vertex 80.0 60.375 15.000000953674316
    vertex 80.0 50.5 15.000000953674316
    vertex 80.0 50.5 14.80000114440918
  endloop
endfacet
facet normal 0.0 0.0 0.0
  outer loop
    vertex 80.0 50.5 14.80000114440918
    vertex 80.0 60.375 14.80000114440918
    vertex 80.0 60.375 15.000000953674316
  endloop
endfacet
facet normal 0.0 0.0 0.0
  outer loop
    vertex 80.0 60.5 15.000000953674316
    vertex 80.0 60.375 15.000000953674316
    vertex 80.0 60.375 14.80000114440918
  endloop
endfacet
facet normal 0.0 0.0 0.0
  outer loop
    vertex 80.0 60.375 14.80000114440918
    vertex 80.0 60.5 14.80000114440918
    vertex 80.0 60.5 15.000000953674316
  endloop
endfacet
facet normal 0.0 0.0 0.0
  outer loop
    vertex 70.125 60.5 15.000000953674316
    vertex 80.0 60.5 15.000000953674316
    vertex 80.0 60.5 14.80000114440918
  endloop
endfacet
facet normal 0.0 0.0 0.0
  outer loop
    vertex 80.0 60.5 14.80000114440918
    vertex 70.125 60.5 14.80000114440918
    vertex 70.125 60.5 15.000000953674316
  endloop
endfacet
facet normal 0.0 0.0 0.0
  outer loop
    vertex 70.0 60.5 15.000000953674316
    vertex 70.125 60.5 15.000000953674316
    vertex 70.125 60.5 14.80000114440918
  endloop
endfacet
facet normal 0.0 0.0 0.0
  outer loop
    vertex 70.125 60.5 14.80000114440918
    vertex 70.0 60.5 14.80000114440918
    vertex 70.0 60.5 15.000000953674316
  endloop
endfacet
facet normal 0.0 0.0 0.0
  outer loop
    vertex 70.0 55.625 15.000000953674316
    vertex 70.0 60.5 15.000000953674316
    vertex 70.0 60.5 14.80000114440918
  endloop
endfacet
facet normal 0.0 0.0 0.0
  outer loop
    vertex 70.0 60.5 14.80000114440918
    vertex 70.0 55.625 14.80000114440918
    vertex 70.0 55.625 15.000000953674316
  endloop
endfacet
facet normal 0.0 0.0 0.0
  outer loop
    vertex 70.0 55.5 15.000000953674316
    vertex 70.0 55.625 15.000000953674316
    vertex 70.0 55.625 14.80000114440918
  endloop
endfacet
facet normal 0.0 0.0 0.0
  outer loop
    vertex 70.0 55.625 14.80000114440918
    vertex 70.0 55.5 14.80000114440918
    vertex 70.0 55.5 15.000000953674316
  endloop
endfacet
facet normal 0.0 0.0 0.0
  outer loop
    vertex 70.0 50.625 15.000000953674316
    vertex 70.0 50.5 15.000000953674316
    vertex 79.875 50.5 15.000000953674316
  endloop
endfacet
facet normal 0.0 0.0 0.0
  outer loop
    vertex 79.875 50.5 15.000000953674316
    vertex 80.0 50.5 15.000000953674316
    vertex 80.0 60.375 15.000000953674316
  endloop
endfacet
facet normal 0.0 0.0 0.0
  outer loop
    vertex 80.0 60.375 15.000000953674316
    vertex 80.0 60.5 15.000000953674316
    vertex 70.125 60.5 15.000000953674316
  endloop
endfacet
facet normal 0.0 0.0 0.0
  outer loop
    vertex 70.125 60.5 15.000000953674316
    vertex 70.0 60.5 15.000000953674316
    vertex 70.0 55.625 15.000000953674316
  endloop
endfacet
facet normal 0.0 0.0 0.0
  outer loop
    vertex 70.0 55.5 15.000000953674316
    vertex 70.0 50.625 15.000000953674316
    vertex 79.875 50.5 15.000000953674316
  endloop
endfacet
facet normal 0.0 0.0 0.0
  outer loop
    vertex 79.875 50.5 15.000000953674316
    vertex 80.0 60.375 15.000000953674316
    vertex 70.125 60.5 15.000000953674316
  endloop
endfacet
facet normal 0.0 0.0 0.0
  outer loop
    vertex 70.125 60.5 15.000000953674316
    vertex 70.0 55.625 15.000000953674316
    vertex 70.0 55.5 15.000000953674316
  endloop
endfacet
facet normal 0.0 0.0 0.0
  outer loop
    vertex 70.0 55.5 15.000000953674316
    vertex 79.875 50.5 15.000000953674316
    vertex 70.125 60.5 15.000000953674316
  endloop
endfacet
facet normal 0.0 0.0 0.0
  outer loop
    vertex 70.0 -60.375 15.000000953674316
    vertex 70.0 -55.5 15.000000953674316
    vertex 70.0 -55.5 14.80000114440918
  endloop
endfacet
facet normal 0.0 0.0 0.0
  outer loop
    vertex 70.0 -55.5 14.80000114440918
    vertex 70.0 -60.375 14.80000114440918
    vertex 70.0 -60.375 15.000000953674316
  endloop
endfacet
facet normal 0.0 0.0 0.0
  outer loop
    vertex 70.0 -60.5 15.000000953674316
    vertex 70.0 -60.375 15.000000953674316
    vertex 70.0 -60.375 14.80000114440918
  endloop
endfacet
facet normal 0.0 0.0 0.0
  outer loop
    vertex 70.0 -60.375 14.80000114440918
    vertex 70.0 -60.5 14.80000114440918
    vertex 70.0 -60.5 15.000000953674316
  endloop
endfacet
facet normal 0.0 0.0 0.0
  outer loop
    vertex 79.875 -60.5 15.000000953674316
    vertex 70.0 -60.5 15.000000953674316
    vertex 70.0 -60.5 14.80000114440918
  endloop
endfacet
facet normal 0.0 0.0 0.0
  outer loop
    vertex 70.0 -60.5 14.80000114440918
    vertex 79.875 -60.5 14.80000114440918
    vertex 79.875 -60.5 15.000000953674316
  endloop
endfacet
facet normal 0.0 0.0 0.0
  outer loop
    vertex 80.0 -60.5 15.000000953674316
    vertex 79.875 -60.5 15.000000953674316
    vertex 79.875 -60.5 14.80000114440918
  endloop
endfacet
facet normal 0.0 0.0 0.0
  outer loop
    vertex 79.875 -60.5 14.80000114440918
    vertex 80.0 -60.5 14.80000114440918
    vertex 80.0 -60.5 15.000000953674316
  endloop
endfacet
facet normal 0.0 0.0 0.0
  outer loop
    vertex 80.0 -50.625 15.000000953674316
    vertex 80.0 -60.5 15.000000953674316
    vertex 80.0 -60.5 14.80000114440918
  endloop
endfacet
facet normal 0.0 0.0 0.0
  outer loop
    vertex 80.0 -60.5 14.80000114440918
    vertex 80.0 -50.625 14.80000114440918
    vertex 80.0 -50.625 15.000000953674316
  endloop
endfacet
facet normal 0.0 0.0 0.0
  outer loop
    vertex 80.0 -50.5 15.000000953674316
    vertex 80.0 -50.625 15.000000953674316
    vertex 80.0 -50.625 14.80000114440918
  endloop
endfacet
facet normal 0.0 0.0 0.0
  outer loop
    vertex 80.0 -50.625 14.80000114440918
    vertex 80.0 -50.5 14.80000114440918
    vertex 80.0 -50.5 15.000000953674316
  endloop
endfacet
facet normal 0.0 0.0 0.0
  outer loop
    vertex 70.125 -50.5 15.000000953674316
    vertex 80.0 -50.5 15.000000953674316
    vertex 80.0 -50.5 14.80000114440918
  endloop
endfacet
facet normal 0.0 0.0 0.0
  outer loop
    vertex 80.0 -50.5 14.80000114440918
    vertex 70.125 -50.5 14.80000114440918
    vertex 70.125 -50.5 15.000000953674316
  endloop
endfacet
facet normal 0.0 0.0 0.0
  outer loop
    vertex 70.0 -50.5 15.000000953674316
    vertex 70.125 -50.5 15.000000953674316
    vertex 70.125 -50.5 14.80000114440918
  endloop
endfacet
facet normal 0.0 0.0 0.0
  outer loop
    vertex 70.125 -50.5 14.80000114440918
    vertex 70.0 -50.5 14.80000114440918
    vertex 70.0 -50.5 15.000000953674316
  endloop
endfacet
facet normal 0.0 0.0 0.0
  outer loop
    vertex 70.0 -55.375 15.000000953674316
    vertex 70.0 -50.5 15.000000953674316
    vertex 70.0 -50.5 14.80000114440918
  endloop
endfacet
facet normal 0.0 0.0 0.0
  outer loop
    vertex 70.0 -50.5 14.80000114440918
    vertex 70.0 -55.375 14.80000114440918
    vertex 70.0 -55.375 15.000000953674316
  endloop
endfacet
facet normal 0.0 0.0 0.0
  outer loop
    vertex 70.0 -55.5 15.000000953674316
    vertex 70.0 -55.375 15.000000953674316
    vertex 70.0 -55.375 14.80000114440918
  endloop
endfacet
facet normal 0.0 0.0 0.0
  outer loop
    vertex 70.0 -55.375 14.80000114440918
    vertex 70.0 -55.5 14.80000114440918
    vertex 70.0 -55.5 15.000000953674316
  endloop
endfacet
facet normal 0.0 0.0 0.0
  outer loop
    vertex 70.0 -60.375 15.000000953674316
    vertex 70.0 -60.5 15.000000953674316
    vertex 79.875 -60.5 15.000000953674316
  endloop
endfacet
facet normal 0.0 0.0 0.0
  outer loop
    vertex 79.875 -60.5 15.000000953674316
    vertex 80.0 -60.5 15.000000953674316
    vertex 80.0 -50.625 15.000000953674316
  endloop
endfacet
facet normal 0.0 0.0 0.0
  outer loop
    vertex 80.0 -50.625 15.000000953674316
    vertex 80.0 -50.5 15.000000953674316
    vertex 70.125 -50.5 15.000000953674316
  endloop
endfacet
facet normal 0.0 0.0 0.0
  outer loop
    vertex 70.125 -50.5 15.000000953674316
    vertex 70.0 -50.5 15.000000953674316
    vertex 70.0 -55.375 15.000000953674316
  endloop
endfacet
facet normal 0.0 0.0 0.0
  outer loop
    vertex 70.0 -55.5 15.000000953674316
    vertex 70.0 -60.375 15.000000953674316
    vertex 79.875 -60.5 15.000000953674316
  endloop
endfacet
facet normal 0.0 0.0 0.0
  outer loop
    vertex 79.875 -60.5 15.000000953674316
    vertex 80.0 -50.625 15.000000953674316
    vertex 70.125 -50.5 15.000000953674316
  endloop
endfacet
facet normal 0.0 0.0 0.0
  outer loop
    vertex 70.125 -50.5 15.000000953674316
    vertex 70.0 -55.375 15.000000953674316
    vertex 70.0 -55.5 15.000000953674316
  endloop
endfacet
facet normal 0.0 0.0 0.0
  outer loop
    vertex 70.0 -55.5 15.000000953674316
    vertex 79.875 -60.5 15.000000953674316
    vertex 70.125 -50.5 15.000000953674316
  endloop
endfacet
facet normal 0.0 0.0 0.0
  outer loop
    vertex -80.0 53.625 15.000000953674316
    vertex -80.0 57.0 15.000000953674316
    vertex -80.0 57.0 14.80000114440918
  endloop
endfacet
facet normal 0.0 0.0 0.0
  outer loop
    vertex -80.0 57.0 14.80000114440918
    vertex -80.0 53.625 14.80000114440918
    vertex -80.0 53.625 15.000000953674316
  endloop
endfacet
facet normal 0.0 0.0 0.0
  outer loop
    vertex -80.0 53.5 15.000000953674316
    vertex -80.0 53.625 15.000000953674316
    vertex -80.0 53.625 14.80000114440918
  endloop
endfacet
facet normal 0.0 0.0 0.0
  outer loop
    vertex -80.0 53.625 14.80000114440918
    vertex -80.0 53.5 14.80000114440918
    vertex -80.0 53.5 15.000000953674316
  endloop
endfacet
facet normal 0.0 0.0 0.0
  outer loop
    vertex -74.125 53.5 15.000000953674316
    vertex -80.0 53.5 15.000000953674316
    vertex -80.0 53.5 14.80000114440918
  endloop
endfacet
facet normal 0.0 0.0 0.0
  outer loop
    vertex -80.0 53.5 14.80000114440918
    vertex -74.125 53.5 14.80000114440918
    vertex -74.125 53.5 15.000000953674316
  endloop
endfacet
facet normal 0.0 0.0 0.0
  outer loop
    vertex -74.0 53.5 15.000000953674316
    vertex -74.125 53.5 15.000000953674316
    vertex -74.125 53.5 14.80000114440918
  endloop
endfacet
facet normal 0.0 0.0 0.0
  outer loop
    vertex -74.125 53.5 14.80000114440918
    vertex -74.0 53.5 14.80000114440918
    vertex -74.0 53.5 15.000000953674316
  endloop
endfacet
facet normal 0.0 0.0 0.0
  outer loop
    vertex -74.0 60.375 15.000000953674316
    vertex -74.0 53.5 15.000000953674316
    vertex -74.0 53.5 14.80000114440918
  endloop
endfacet
facet normal 0.0 0.0 0.0
  outer loop
    vertex -74.0 53.5 14.80000114440918
    vertex -74.0 60.375 14.80000114440918
    vertex -74.0 60.375 15.000000953674316
  endloop
endfacet
facet normal 0.0 0.0 0.0
  outer loop
    vertex -74.0 60.5 15.000000953674316
    vertex -74.0 60.375 15.000000953674316
    vertex -74.0 60.375 14.80000114440918
  endloop
endfacet
facet normal 0.0 0.0 0.0
  outer loop
    vertex -74.0 60.375 14.80000114440918
    vertex -74.0 60.5 14.80000114440918
    vertex -74.0 60.5 15.000000953674316
  endloop
endfacet
facet normal 0.0 0.0 0.0
  outer loop
    vertex -79.875 60.5 15.000000953674316
    vertex -74.0 60.5 15.000000953674316
    vertex -74.0 60.5 14.80000114440918
  endloop
endfacet
facet normal 0.0 0.0 0.0
  outer loop
    vertex -74.0 60.5 14.80000114440918
    vertex -79.875 60.5 14.80000114440918
    vertex -79.875 60.5 15.000000953674316
  endloop
endfacet
facet normal 0.0 0.0 0.0
  outer loop
    vertex -80.0 60.5 15.000000953674316
    vertex -79.875 60.5 15.000000953674316
    vertex -79.875 60.5 14.80000114440918
  endloop
endfacet
facet normal 0.0 0.0 0.0
  outer loop
    vertex -79.875 60.5 14.80000114440918
    vertex -80.0 60.5 14.80000114440918
    vertex -80.0 60.5 15.000000953674316
  endloop
endfacet
facet normal 0.0 0.0 0.0
  outer loop
    vertex -80.0 57.125 15.000000953674316
    vertex -80.0 60.5 15.000000953674316
    vertex -80.0 60.5 14.80000114440918
  endloop
endfacet
facet normal 0.0 0.0 0.0
  outer loop
    vertex -80.0 60.5 14.80000114440918
    vertex -80.0 57.125 14.80000114440918
    vertex -80.0 57.125 15.000000953674316
  endloop
endfacet
facet normal 0.0 0.0 0.0
  outer loop
    vertex -80.0 57.0 15.000000953674316
    vertex -80.0 57.125 15.000000953674316
    vertex -80.0 57.125 14.80000114440918
  endloop
endfacet
facet normal 0.0 0.0 0.0
  outer loop
    vertex -80.0 57.125 14.80000114440918
    vertex -80.0 57.0 14.80000114440918
    vertex -80.0 57.0 15.000000953674316
  endloop
endfacet
facet normal 0.0 0.0 0.0
  outer loop
    vertex -80.0 53.625 15.000000953674316
    vertex -80.0 53.5 15.000000953674316
    vertex -74.125 53.5 15.000000953674316
  endloop
endfacet
facet normal 0.0 0.0 0.0
  outer loop
    vertex -74.125 53.5 15.000000953674316
    vertex -74.0 53.5 15.000000953674316
    vertex -74.0 60.375 15.000000953674316
  endloop
endfacet
facet normal 0.0 0.0 0.0
  outer loop
    vertex -74.0 60.375 15.000000953674316
    vertex -74.0 60.5 15.000000953674316
    vertex -79.875 60.5 15.000000953674316
  endloop
endfacet
facet normal 0.0 0.0 0.0
  outer loop
    vertex -79.875 60.5 15.000000953674316
    vertex -80.0 60.5 15.000000953674316
    vertex -80.0 57.125 15.000000953674316
  endloop
endfacet
facet normal 0.0 0.0 0.0
  outer loop
    vertex -80.0 57.0 15.000000953674316
    vertex -80.0 53.625 15.000000953674316
    vertex -74.125 53.5 15.000000953674316
  endloop
endfacet
facet normal 0.0 0.0 0.0
  outer loop
    vertex -74.125 53.5 15.000000953674316
    vertex -74.0 60.375 15.000000953674316
    vertex -79.875 60.5 15.000000953674316
  endloop
endfacet
facet normal 0.0 0.0 0.0
  outer loop
    vertex -79.875 60.5 15.000000953674316
    vertex -80.0 57.125 15.000000953674316
    vertex -80.0 57.0 15.000000953674316
  endloop
endfacet
facet normal 0.0 0.0 0.0
  outer loop
    vertex -80.0 57.0 15.000000953674316
    vertex -74.125 53.5 15.000000953674316
    vertex -79.875 60.5 15.000000953674316
  endloop
endfacet
facet normal 0.0 0.0 0.0
  outer loop
    vertex -80.0 -60.375 15.000000953674316
    vertex -80.0 -57.0 15.000000953674316
    vertex -80.0 -57.0 14.80000114440918
  endloop
endfacet
facet normal 0.0 0.0 0.0
  outer loop
    vertex -80.0 -57.0 14.80000114440918
    vertex -80.0 -60.375 14.80000114440918
    vertex -80.0 -60.375 15.000000953674316
  endloop
endfacet
facet normal 0.0 0.0 0.0
  outer loop
    vertex -80.0 -60.5 15.000000953674316
    vertex -80.0 -60.375 15.000000953674316
    vertex -80.0 -60.375 14.80000114440918
  endloop
endfacet
facet normal 0.0 0.0 0.0
  outer loop
    vertex -80.0 -60.375 14.80000114440918
    vertex -80.0 -60.5 14.80000114440918
    vertex -80.0 -60.5 15.000000953674316
  endloop
endfacet
facet normal 0.0 0.0 0.0
  outer loop
    vertex -74.125 -60.5 15.000000953674316
    vertex -80.0 -60.5 15.000000953674316
    vertex -80.0 -60.5 14.80000114440918
  endloop
endfacet
facet normal 0.0 0.0 0.0
  outer loop
    vertex -80.0 -60.5 14.80000114440918
    vertex -74.125 -60.5 14.80000114440918
    vertex -74.125 -60.5 15.000000953674316
  endloop
endfacet
facet normal 0.0 0.0 0.0
  outer loop
    vertex -74.0 -60.5 15.000000953674316
    vertex -74.125 -60.5 15.000000953674316
    vertex -74.125 -60.5 14.80000114440918
  endloop
endfacet
facet normal 0.0 0.0 0.0
  outer loop
    vertex -74.125 -60.5 14.80000114440918
    vertex -74.0 -60.5 14.80000114440918
    vertex -74.0 -60.5 15.000000953674316
  endloop
endfacet
facet normal 0.0 0.0 0.0
  outer loop
    vertex -74.0 -53.625 15.000000953674316
    vertex -74.0 -60.5 15.000000953674316
    vertex -74.0 -60.5 14.80000114440918
  endloop
endfacet
facet normal 0.0 0.0 0.0
  outer loop
    vertex -74.0 -60.5 14.80000114440918
    vertex -74.0 -53.625 14.80000114440918
    vertex -74.0 -53.625 15.000000953674316
  endloop
endfacet
facet normal 0.0 0.0 0.0
  outer loop
    vertex -74.0 -53.5 15.000000953674316
    vertex -74.0 -53.625 15.000000953674316
    vertex -74.0 -53.625 14.80000114440918
  endloop
endfacet
facet normal 0.0 0.0 0.0
  outer loop
    vertex -74.0 -53.625 14.80000114440918
    vertex -74.0 -53.5 14.80000114440918
    vertex -74.0 -53.5 15.000000953674316
  endloop
endfacet
facet normal 0.0 0.0 0.0
  outer loop
    vertex -79.875 -53.5 15.000000953674316
    vertex -74.0 -53.5 15.000000953674316
    vertex -74.0 -53.5 14.80000114440918
  endloop
endfacet
facet normal 0.0 0.0 0.0
  outer loop
    vertex -74.0 -53.5 14.80000114440918
    vertex -79.875 -53.5 14.80000114440918
    vertex -79.875 -53.5 15.000000953674316
  endloop
endfacet
facet normal 0.0 0.0 0.0
  outer loop
    vertex -80.0 -53.5 15.000000953674316
    vertex -79.875 -53.5 15.000000953674316
    vertex -79.875 -53.5 14.80000114440918
  endloop
endfacet
facet normal 0.0 0.0 0.0
  outer loop
    vertex -79.875 -53.5 14.80000114440918
    vertex -80.0 -53.5 14.80000114440918
    vertex -80.0 -53.5 15.000000953674316
  endloop
endfacet
facet normal 0.0 0.0 0.0
  outer loop
    vertex -80.0 -56.875 15.000000953674316
    vertex -80.0 -53.5 15.000000953674316
    vertex -80.0 -53.5 14.80000114440918
  endloop
endfacet
facet normal 0.0 0.0 0.0
  outer loop
    vertex -80.0 -53.5 14.80000114440918
    vertex -80.0 -56.875 14.80000114440918
    vertex -80.0 -56.875 15.000000953674316
  endloop
endfacet
facet normal 0.0 0.0 0.0
  outer loop
    vertex -80.0 -57.0 15.000000953674316
    vertex -80.0 -56.875 15.000000953674316
    vertex -80.0 -56.875 14.80000114440918
  endloop
endfacet
facet normal 0.0 0.0 0.0
  outer loop
    vertex -80.0 -56.875 14.80000114440918
    vertex -80.0 -57.0 14.80000114440918
    vertex -80.0 -57.0 15.000000953674316
  endloop
endfacet
facet normal 0.0 0.0 0.0
  outer loop
    vertex -80.0 -60.375 15.000000953674316
    vertex -80.0 -60.5 15.000000953674316
    vertex -74.125 -60.5 15.000000953674316
  endloop
endfacet
facet normal 0.0 0.0 0.0
  outer loop
    vertex -74.125 -60.5 15.000000953674316
    vertex -74.0 -60.5 15.000000953674316
    vertex -74.0 -53.625 15.000000953674316
  endloop
endfacet
facet normal 0.0 0.0 0.0
  outer loop
    vertex -74.0 -53.625 15.000000953674316
    vertex -74.0 -53.5 15.000000953674316
    vertex -79.875 -53.5 15.000000953674316
  endloop
endfacet
facet normal 0.0 0.0 0.0
  outer loop
    vertex -79.875 -53.5 15.000000953674316
    vertex -80.0 -53.5 15.000000953674316
    vertex -80.0 -56.875 15.000000953674316
  endloop
endfacet
facet normal 0.0 0.0 0.0
  outer loop
    vertex -80.0 -57.0 15.000000953674316
    vertex -80.0 -60.375 15.000000953674316
    vertex -74.125 -60.5 15.000000953674316
  endloop
endfacet
facet normal 0.0 0.0 0.0
  outer loop
    vertex -74.125 -60.5 15.000000953674316
    vertex -74.0 -53.625 15.000000953674316
    vertex -79.875 -53.5 15.000000953674316
  endloop
endfacet
facet normal 0.0 0.0 0.0
  outer loop
    vertex -79.875 -53.5 15.000000953674316
    vertex -80.0 -56.875 15.000000953674316
    vertex -80.0 -57.0 15.000000953674316
  endloop
endfacet
facet normal 0.0 0.0 0.0
  outer loop
    vertex -80.0 -57.0 15.000000953674316
    vertex -74.125 -60.5 15.000000953674316
    vertex -79.875 -53.5 15.000000953674316
  endloop
endfacet
facet normal 0.0 0.0 0.0
  outer loop
    vertex 70.0 -53.375 19.0
    vertex 70.0 -52.0 19.0
    vertex 70.0 -52.0 15.000000953674316
  endloop
endfacet
facet normal 0.0 0.0 0.0
  outer loop
    vertex 70.0 -52.0 15.000000953674316
    vertex 70.0 -53.375 15.000000953674316
    vertex 70.0 -53.375 19.0
  endloop
endfacet
facet normal 0.0 0.0 0.0
  outer loop
    vertex 70.0 -53.5 19.0
    vertex 70.0 -53.375 19.0
    vertex 70.0 -53.375 15.000000953674316
  endloop
endfacet
facet normal 0.0 0.0 0.0
  outer loop
    vertex 70.0 -53.375 15.000000953674316
    vertex 70.0 -53.5 15.000000953674316
    vertex 70.0 -53.5 19.0
  endloop
endfacet
facet normal 0.0 0.0 0.0
  outer loop
    vertex -79.875 -53.5 19.0
    vertex 70.0 -53.5 19.0
    vertex 70.0 -53.5 15.000000953674316
  endloop
endfacet
facet normal 0.0 0.0 0.0
  outer loop
    vertex 70.0 -53.5 15.000000953674316
    vertex -79.875 -53.5 15.000000953674316
    vertex -79.875 -53.5 19.0
  endloop
endfacet
facet normal 0.0 0.0 0.0
  outer loop
    vertex -80.0 -53.5 19.0
    vertex -79.875 -53.5 19.0
    vertex -79.875 -53.5 15.000000953674316
  endloop
endfacet
facet normal 0.0 0.0 0.0
  outer loop
    vertex -79.875 -53.5 15.000000953674316
    vertex -80.0 -53.5 15.000000953674316
    vertex -80.0 -53.5 19.0
  endloop
endfacet
facet normal 0.0 0.0 0.0
  outer loop
    vertex -80.0 -60.375 19.0
    vertex -80.0 -53.5 19.0
    vertex -80.0 -53.5 15.000000953674316
  endloop
endfacet
facet normal 0.0 0.0 0.0
  outer loop
    vertex -80.0 -53.5 15.000000953674316
    vertex -80.0 -60.375 15.000000953674316
    vertex -80.0 -60.375 19.0
  endloop
endfacet
facet normal 0.0 0.0 0.0
  outer loop
    vertex -80.0 -60.5 19.0
    vertex -80.0 -60.375 19.0
    vertex -80.0 -60.375 15.000000953674316
  endloop
endfacet
facet normal 0.0 0.0 0.0
  outer loop
    vertex -80.0 -60.375 15.000000953674316
    vertex -80.0 -60.5 15.000000953674316
    vertex -80.0 -60.5 19.0
  endloop
endfacet
facet normal 0.0 0.0 0.0
  outer loop
    vertex 79.875 -60.5 19.0
    vertex -80.0 -60.5 19.0
    vertex -80.0 -60.5 15.000000953674316
  endloop
endfacet
facet normal 0.0 0.0 0.0
  outer loop
    vertex -80.0 -60.5 15.000000953674316
    vertex 79.875 -60.5 15.000000953674316
    vertex 79.875 -60.5 19.0
  endloop
endfacet
facet normal 0.0 0.0 0.0
  outer loop
    vertex 80.0 -60.5 19.0
    vertex 79.875 -60.5 19.0
    vertex 79.875 -60.5 15.000000953674316
  endloop
endfacet
facet normal 0.0 0.0 0.0
  outer loop
    vertex 79.875 -60.5 15.000000953674316
    vertex 80.0 -60.5 15.000000953674316
    vertex 80.0 -60.5 19.0
  endloop
endfacet
facet normal 0.0 0.0 0.0
  outer loop
    vertex 80.0 -50.625 19.0
    vertex 80.0 -60.5 19.0
    vertex 80.0 -60.5 15.000000953674316
  endloop
endfacet
facet normal 0.0 0.0 0.0
  outer loop
    vertex 80.0 -60.5 15.000000953674316
    vertex 80.0 -50.625 15.000000953674316
    vertex 80.0 -50.625 19.0
  endloop
endfacet
facet normal 0.0 0.0 0.0
  outer loop
    vertex 80.0 -50.5 19.0
    vertex 80.0 -50.625 19.0
    vertex 80.0 -50.625 15.000000953674316
  endloop
endfacet
facet normal 0.0 0.0 0.0
  outer loop
    vertex 80.0 -50.625 15.000000953674316
    vertex 80.0 -50.5 15.000000953674316
    vertex 80.0 -50.5 19.0
  endloop
endfacet
facet normal 0.0 0.0 0.0
  outer loop
    vertex 70.125 -50.5 19.0
    vertex 80.0 -50.5 19.0
    vertex 80.0 -50.5 15.000000953674316
  endloop
endfacet
facet normal 0.0 0.0 0.0
  outer loop
    vertex 80.0 -50.5 15.000000953674316
    vertex 70.125 -50.5 15.000000953674316
    vertex 70.125 -50.5 19.0
  endloop
endfacet
facet normal 0.0 0.0 0.0
  outer loop
    vertex 70.0 -50.5 19.0
    vertex 70.125 -50.5 19.0
    vertex 70.125 -50.5 15.000000953674316
  endloop
endfacet
facet normal 0.0 0.0 0.0
  outer loop
    vertex 70.125 -50.5 15.000000953674316
    vertex 70.0 -50.5 15.000000953674316
    vertex 70.0 -50.5 19.0
  endloop
endfacet
facet normal 0.0 0.0 0.0
  outer loop
    vertex 70.0 -51.875 19.0
    vertex 70.0 -50.5 19.0
    vertex 70.0 -50.5 15.000000953674316
  endloop
endfacet
facet normal 0.0 0.0 0.0
  outer loop
    vertex 70.0 -50.5 15.000000953674316
    vertex 70.0 -51.875 15.000000953674316
    vertex 70.0 -51.875 19.0
  endloop
endfacet
facet normal 0.0 0.0 0.0
  outer loop
    vertex 70.0 -52.0 19.0
    vertex 70.0 -51.875 19.0
    vertex 70.0 -51.875 15.000000953674316
  endloop
endfacet
facet normal 0.0 0.0 0.0
  outer loop
    vertex 70.0 -51.875 15.000000953674316
    vertex 70.0 -52.0 15.000000953674316
    vertex 70.0 -52.0 19.0
  endloop
endfacet
facet normal 0.0 0.0 0.0
  outer loop
    vertex -79.875 -53.5 19.0
    vertex -80.0 -53.5 19.0
    vertex -80.0 -60.375 19.0
  endloop
endfacet
facet normal 0.0 0.0 0.0
  outer loop
    vertex -80.0 -60.375 15.000000953674316
    vertex -80.0 -53.5 15.000000953674316
    vertex -79.875 -53.5 15.000000953674316
  endloop
endfacet
facet normal 0.0 0.0 0.0
  outer loop
    vertex -80.0 -60.375 19.0
    vertex -80.0 -60.5 19.0
    vertex 79.875 -60.5 19.0
  endloop
endfacet
facet normal 0.0 0.0 0.0
  outer loop
    vertex 79.875 -60.5 15.000000953674316
    vertex -80.0 -60.5 15.000000953674316
    vertex -80.0 -60.375 15.000000953674316
  endloop
endfacet
facet normal 0.0 0.0 0.0
  outer loop
    vertex 79.875 -60.5 19.0
    vertex 80.0 -60.5 19.0
    vertex 80.0 -50.625 19.0
  endloop
endfacet
facet normal 0.0 0.0 0.0
  outer loop
    vertex 80.0 -50.625 19.0
    vertex 80.0 -50.5 19.0
    vertex 70.125 -50.5 19.0
  endloop
endfacet
facet normal 0.0 0.0 0.0
  outer loop
    vertex 70.125 -50.5 19.0
    vertex 70.0 -50.5 19.0
    vertex 70.0 -51.875 19.0
  endloop
endfacet
facet normal 0.0 0.0 0.0
  outer loop
    vertex 70.0 -51.875 15.000000953674316
    vertex 70.0 -50.5 15.000000953674316
    vertex 70.125 -50.5 15.000000953674316
  endloop
endfacet
facet normal 0.0 0.0 0.0
  outer loop
    vertex 70.0 -53.5 19.0
    vertex -79.875 -53.5 19.0
    vertex -80.0 -60.375 19.0
  endloop
endfacet
facet normal 0.0 0.0 0.0
  outer loop
    vertex -80.0 -60.375 15.000000953674316
    vertex -79.875 -53.5 15.000000953674316
    vertex 70.0 -53.5 15.000000953674316
  endloop
endfacet
facet normal 0.0 0.0 0.0
  outer loop
    vertex 79.875 -60.5 19.0
    vertex 80.0 -50.625 19.0
    vertex 70.125 -50.5 19.0
  endloop
endfacet
facet normal 0.0 0.0 0.0
  outer loop
    vertex 70.125 -50.5 19.0
    vertex 70.0 -51.875 19.0
    vertex 70.0 -52.0 19.0
  endloop
endfacet
facet normal 0.0 0.0 0.0
  outer loop
    vertex 70.0 -52.0 15.000000953674316
    vertex 70.0 -51.875 15.000000953674316
    vertex 70.125 -50.5 15.000000953674316
  endloop
endfacet
facet normal 0.0 0.0 0.0
  outer loop
    vertex 70.0 -53.5 19.0
    vertex -80.0 -60.375 19.0
    vertex 79.875 -60.5 19.0
  endloop
endfacet
facet normal 0.0 0.0 0.0
  outer loop
    vertex 79.875 -60.5 15.000000953674316
    vertex -80.0 -60.375 15.000000953674316
    vertex 70.0 -53.5 15.000000953674316
  endloop
endfacet
facet normal 0.0 0.0 0.0
  outer loop
    vertex 79.875 -60.5 19.0
    vertex 70.125 -50.5 19.0
    vertex 70.0 -52.0 19.0
  endloop
endfacet
facet normal 0.0 0.0 0.0
  outer loop
    vertex 70.0 -52.0 15.000000953674316
    vertex 70.125 -50.5 15.000000953674316
    vertex 79.875 -60.5 15.000000953674316
  endloop
endfacet
facet normal 0.0 0.0 0.0
  outer loop
    vertex 70.0 -53.375 19.0
    vertex 70.0 -53.5 19.0
    vertex 79.875 -60.5 19.0
  endloop
endfacet
facet normal 0.0 0.0 0.0
  outer loop
    vertex 79.875 -60.5 15.000000953674316
    vertex 70.0 -53.5 15.000000953674316
    vertex 70.0 -53.375 15.000000953674316
  endloop
endfacet
facet normal 0.0 0.0 0.0
  outer loop
    vertex 79.875 -60.5 19.0
    vertex 70.0 -52.0 19.0
    vertex 70.0 -53.375 19.0
  endloop
endfacet
facet normal 0.0 0.0 0.0
  outer loop
    vertex 70.0 -53.375 15.000000953674316
    vertex 70.0 -52.0 15.000000953674316
    vertex 79.875 -60.5 15.000000953674316
  endloop
endfacet
facet normal 0.0 0.0 0.0
  outer loop
    vertex 70.0 -10.375 19.0
    vertex 70.0 -0.0 19.0
    vertex 70.0 -0.0 15.000000953674316
  endloop
endfacet
facet normal 0.0 0.0 0.0
  outer loop
    vertex 70.0 -0.0 15.000000953674316
    vertex 70.0 -10.375 15.000000953674316
    vertex 70.0 -10.375 19.0
  endloop
endfacet
facet normal 0.0 0.0 0.0
  outer loop
    vertex 70.0 -10.5 19.0
    vertex 70.0 -10.375 19.0
    vertex 70.0 -10.375 15.000000953674316
  endloop
endfacet
facet normal 0.0 0.0 0.0
  outer loop
    vertex 70.0 -10.375 15.000000953674316
    vertex 70.0 -10.5 15.000000953674316
    vertex 70.0 -10.5 19.0
  endloop
endfacet
facet normal 0.0 0.0 0.0
  outer loop
    vertex 79.875 -10.5 19.0
    vertex 70.0 -10.5 19.0
    vertex 70.0 -10.5 15.000000953674316
  endloop
endfacet
facet normal 0.0 0.0 0.0
  outer loop
    vertex 70.0 -10.5 15.000000953674316
    vertex 79.875 -10.5 15.000000953674316
    vertex 79.875 -10.5 19.0
  endloop
endfacet
facet normal 0.0 0.0 0.0
  outer loop
    vertex 80.0 -10.5 19.0
    vertex 79.875 -10.5 19.0
    vertex 79.875 -10.5 15.000000953674316
  endloop
endfacet
facet normal 0.0 0.0 0.0
  outer loop
    vertex 79.875 -10.5 15.000000953674316
    vertex 80.0 -10.5 15.000000953674316
    vertex 80.0 -10.5 19.0
  endloop
endfacet
facet normal 0.0 0.0 0.0
  outer loop
    vertex 80.0 10.375 19.0
    vertex 80.0 -10.5 19.0
    vertex 80.0 -10.5 15.000000953674316
  endloop
endfacet
facet normal 0.0 0.0 0.0
  outer loop
    vertex 80.0 -10.5 15.000000953674316
    vertex 80.0 10.375 15.000000953674316
    vertex 80.0 10.375 19.0
  endloop
endfacet
facet normal 0.0 0.0 0.0
  outer loop
    vertex 80.0 10.5 19.0
    vertex 80.0 10.375 19.0
    vertex 80.0 10.375 15.000000953674316
  endloop
endfacet
facet normal 0.0 0.0 0.0
  outer loop
    vertex 80.0 10.375 15.000000953674316
    vertex 80.0 10.5 15.000000953674316
    vertex 80.0 10.5 19.0
  endloop
endfacet
facet normal 0.0 0.0 0.0
  outer loop
    vertex 70.125 10.5 19.0
    vertex 80.0 10.5 19.0
    vertex 80.0 10.5 15.000000953674316
  endloop
endfacet
facet normal 0.0 0.0 0.0
  outer loop
    vertex 80.0 10.5 15.000000953674316
    vertex 70.125 10.5 15.000000953674316
    vertex 70.125 10.5 19.0
  endloop
endfacet
facet normal 0.0 0.0 0.0
  outer loop
    vertex 70.0 10.5 19.0
    vertex 70.125 10.5 19.0
    vertex 70.125 10.5 15.000000953674316
  endloop
endfacet
facet normal 0.0 0.0 0.0
  outer loop
    vertex 70.125 10.5 15.000000953674316
    vertex 70.0 10.5 15.000000953674316
    vertex 70.0 10.5 19.0
  endloop
endfacet
facet normal 0.0 0.0 0.0
  outer loop
    vertex 70.0 0.125 19.0
    vertex 70.0 10.5 19.0
    vertex 70.0 10.5 15.000000953674316
  endloop
endfacet
facet normal 0.0 0.0 0.0
  outer loop
    vertex 70.0 10.5 15.000000953674316
    vertex 70.0 0.125 15.000000953674316
    vertex 70.0 0.125 19.0
  endloop
endfacet
facet normal 0.0 0.0 0.0
  outer loop
    vertex 70.0 -0.0 19.0
    vertex 70.0 0.125 19.0
    vertex 70.0 0.125 15.000000953674316
  endloop
endfacet
facet normal 0.0 0.0 0.0
  outer loop
    vertex 70.0 0.125 15.000000953674316
    vertex 70.0 -0.0 15.000000953674316
    vertex 70.0 -0.0 19.0
  endloop
endfacet
facet normal 0.0 0.0 0.0
  outer loop
    vertex 70.0 -10.375 19.0
    vertex 70.0 -10.5 19.0
    vertex 79.875 -10.5 19.0
  endloop
endfacet
facet normal 0.0 0.0 0.0
  outer loop
    vertex 79.875 -10.5 19.0
    vertex 80.0 -10.5 19.0
    vertex 80.0 10.375 19.0
  endloop
endfacet
facet normal 0.0 0.0 0.0
  outer loop
    vertex 80.0 10.375 19.0
    vertex 80.0 10.5 19.0
    vertex 70.125 10.5 19.0
  endloop
endfacet
facet normal 0.0 0.0 0.0
  outer loop
    vertex 70.125 10.5 19.0
    vertex 70.0 10.5 19.0
    vertex 70.0 0.125 19.0
  endloop
endfacet
facet normal 0.0 0.0 0.0
  outer loop
    vertex 70.0 -0.0 19.0
    vertex 70.0 -10.375 19.0
    vertex 79.875 -10.5 19.0
  endloop
endfacet
facet normal 0.0 0.0 0.0
  outer loop
    vertex 79.875 -10.5 19.0
    vertex 80.0 10.375 19.0
    vertex 70.125 10.5 19.0
  endloop
endfacet
facet normal 0.0 0.0 0.0
  outer loop
    vertex 70.125 10.5 19.0
    vertex 70.0 0.125 19.0
    vertex 70.0 -0.0 19.0
  endloop
endfacet
facet normal 0.0 0.0 0.0
  outer loop
    vertex 70.0 -0.0 19.0
    vertex 79.875 -10.5 19.0
    vertex 70.125 10.5 19.0
  endloop
endfacet
facet normal 0.0 0.0 0.0
  outer loop
    vertex 70.0 50.625 19.0
    vertex 70.0 55.5 19.0
    vertex 70.0 55.5 15.000000953674316
  endloop
endfacet
facet normal 0.0 0.0 0.0
  outer loop
    vertex 70.0 55.5 15.000000953674316
    vertex 70.0 50.625 15.000000953674316
    vertex 70.0 50.625 19.0
  endloop
endfacet
facet normal 0.0 0.0 0.0
  outer loop
    vertex 70.0 50.5 19.0
    vertex 70.0 50.625 19.0
    vertex 70.0 50.625 15.000000953674316
  endloop
endfacet
facet normal 0.0 0.0 0.0
  outer loop
    vertex 70.0 50.625 15.000000953674316
    vertex 70.0 50.5 15.000000953674316
    vertex 70.0 50.5 19.0
  endloop
endfacet
facet normal 0.0 0.0 0.0
  outer loop
    vertex 79.875 50.5 19.0
    vertex 70.0 50.5 19.0
    vertex 70.0 50.5 15.000000953674316
  endloop
endfacet
facet normal 0.0 0.0 0.0
  outer loop
    vertex 70.0 50.5 15.000000953674316
    vertex 79.875 50.5 15.000000953674316
    vertex 79.875 50.5 19.0
  endloop
endfacet
facet normal 0.0 0.0 0.0
  outer loop
    vertex 80.0 50.5 19.0
    vertex 79.875 50.5 19.0
    vertex 79.875 50.5 15.000000953674316
  endloop
endfacet
facet normal 0.0 0.0 0.0
  outer loop
    vertex 79.875 50.5 15.000000953674316
    vertex 80.0 50.5 15.000000953674316
    vertex 80.0 50.5 19.0
  endloop
endfacet
facet normal 0.0 0.0 0.0
  outer loop
    vertex 80.0 60.375 19.0
    vertex 80.0 50.5 19.0
    vertex 80.0 50.5 15.000000953674316
  endloop
endfacet
facet normal 0.0 0.0 0.0
  outer loop
    vertex 80.0 50.5 15.000000953674316
    vertex 80.0 60.375 15.000000953674316
    vertex 80.0 60.375 19.0
  endloop
endfacet
facet normal 0.0 0.0 0.0
  outer loop
    vertex 80.0 60.5 19.0
    vertex 80.0 60.375 19.0
    vertex 80.0 60.375 15.000000953674316
  endloop
endfacet
facet normal 0.0 0.0 0.0
  outer loop
    vertex 80.0 60.375 15.000000953674316
    vertex 80.0 60.5 15.000000953674316
    vertex 80.0 60.5 19.0
  endloop
endfacet
facet normal 0.0 0.0 0.0
  outer loop
    vertex 70.125 60.5 19.0
    vertex 80.0 60.5 19.0
    vertex 80.0 60.5 15.000000953674316
  endloop
endfacet
facet normal 0.0 0.0 0.0
  outer loop
    vertex 80.0 60.5 15.000000953674316
    vertex 70.125 60.5 15.000000953674316
    vertex 70.125 60.5 19.0
  endloop
endfacet
facet normal 0.0 0.0 0.0
  outer loop
    vertex 70.0 60.5 19.0
    vertex 70.125 60.5 19.0
    vertex 70.125 60.5 15.000000953674316
  endloop
endfacet
facet normal 0.0 0.0 0.0
  outer loop
    vertex 70.125 60.5 15.000000953674316
    vertex 70.0 60.5 15.000000953674316
    vertex 70.0 60.5 19.0
  endloop
endfacet
facet normal 0.0 0.0 0.0
  outer loop
    vertex 70.0 55.625 19.0
    vertex 70.0 60.5 19.0
    vertex 70.0 60.5 15.000000953674316
  endloop
endfacet
facet normal 0.0 0.0 0.0
  outer loop
    vertex 70.0 60.5 15.000000953674316
    vertex 70.0 55.625 15.000000953674316
    vertex 70.0 55.625 19.0
  endloop
endfacet
facet normal 0.0 0.0 0.0
  outer loop
    vertex 70.0 55.5 19.0
    vertex 70.0 55.625 19.0
    vertex 70.0 55.625 15.000000953674316
  endloop
endfacet
facet normal 0.0 0.0 0.0
  outer loop
    vertex 70.0 55.625 15.000000953674316
    vertex 70.0 55.5 15.000000953674316
    vertex 70.0 55.5 19.0
  endloop
endfacet
facet normal 0.0 0.0 0.0
  outer loop
    vertex 70.0 50.625 19.0
    vertex 70.0 50.5 19.0
    vertex 79.875 50.5 19.0
  endloop
endfacet
facet normal 0.0 0.0 0.0
  outer loop
    vertex 79.875 50.5 19.0
    vertex 80.0 50.5 19.0
    vertex 80.0 60.375 19.0
  endloop
endfacet
facet normal 0.0 0.0 0.0
  outer loop
    vertex 80.0 60.375 19.0
    vertex 80.0 60.5 19.0
    vertex 70.125 60.5 19.0
  endloop
endfacet
facet normal 0.0 0.0 0.0
  outer loop
    vertex 70.125 60.5 19.0
    vertex 70.0 60.5 19.0
    vertex 70.0 55.625 19.0
  endloop
endfacet
facet normal 0.0 0.0 0.0
  outer loop
    vertex 70.0 55.5 19.0
    vertex 70.0 50.625 19.0
    vertex 79.875 50.5 19.0
  endloop
endfacet
facet normal 0.0 0.0 0.0
  outer loop
    vertex 79.875 50.5 19.0
    vertex 80.0 60.375 19.0
    vertex 70.125 60.5 19.0
  endloop
endfacet
facet normal 0.0 0.0 0.0
  outer loop
    vertex 70.125 60.5 19.0
    vertex 70.0 55.625 19.0
    vertex 70.0 55.5 19.0
  endloop
endfacet
facet normal 0.0 0.0 0.0
  outer loop
    vertex 70.0 55.5 19.0
    vertex 79.875 50.5 19.0
    vertex 70.125 60.5 19.0
  endloop
endfacet
facet normal 0.0 0.0 0.0
  outer loop
    vertex -80.0 53.625 19.0
    vertex -80.0 57.0 19.0
    vertex -80.0 57.0 15.000000953674316
  endloop
endfacet
facet normal 0.0 0.0 0.0
  outer loop
    vertex -80.0 57.0 15.000000953674316
    vertex -80.0 53.625 15.000000953674316
    vertex -80.0 53.625 19.0
  endloop
endfacet
facet normal 0.0 0.0 0.0
  outer loop
    vertex -80.0 53.5 19.0
    vertex -80.0 53.625 19.0
    vertex -80.0 53.625 15.000000953674316
  endloop
endfacet
facet normal 0.0 0.0 0.0
  outer loop
    vertex -80.0 53.625 15.000000953674316
    vertex -80.0 53.5 15.000000953674316
    vertex -80.0 53.5 19.0
  endloop
endfacet
facet normal 0.0 0.0 0.0
  outer loop
    vertex -74.125 53.5 19.0
    vertex -80.0 53.5 19.0
    vertex -80.0 53.5 15.000000953674316
  endloop
endfacet
facet normal 0.0 0.0 0.0
  outer loop
    vertex -80.0 53.5 15.000000953674316
    vertex -74.125 53.5 15.000000953674316
    vertex -74.125 53.5 19.0
  endloop
endfacet
facet normal 0.0 0.0 0.0
  outer loop
    vertex -74.0 53.5 19.0
    vertex -74.125 53.5 19.0
    vertex -74.125 53.5 15.000000953674316
  endloop
endfacet
facet normal 0.0 0.0 0.0
  outer loop
    vertex -74.125 53.5 15.000000953674316
    vertex -74.0 53.5 15.000000953674316
    vertex -74.0 53.5 19.0
  endloop
endfacet
facet normal 0.0 0.0 0.0
  outer loop
    vertex -74.0 60.375 19.0
    vertex -74.0 53.5 19.0
    vertex -74.0 53.5 15.000000953674316
  endloop
endfacet
facet normal 0.0 0.0 0.0
  outer loop
    vertex -74.0 53.5 15.000000953674316
    vertex -74.0 60.375 15.000000953674316
    vertex -74.0 60.375 19.0
  endloop
endfacet
facet normal 0.0 0.0 0.0
  outer loop
    vertex -74.0 60.5 19.0
    vertex -74.0 60.375 19.0
    vertex -74.0 60.375 15.000000953674316
  endloop
endfacet
facet normal 0.0 0.0 0.0
  outer loop
    vertex -74.0 60.375 15.000000953674316
    vertex -74.0 60.5 15.000000953674316
    vertex -74.0 60.5 19.0
  endloop
endfacet
facet normal 0.0 0.0 0.0
  outer loop
    vertex -79.875 60.5 19.0
    vertex -74.0 60.5 19.0
    vertex -74.0 60.5 15.000000953674316
  endloop
endfacet
facet normal 0.0 0.0 0.0
  outer loop
    vertex -74.0 60.5 15.000000953674316
    vertex -79.875 60.5 15.000000953674316
    vertex -79.875 60.5 19.0
  endloop
endfacet
facet normal 0.0 0.0 0.0
  outer loop
    vertex -80.0 60.5 19.0
    vertex -79.875 60.5 19.0
    vertex -79.875 60.5 15.000000953674316
  endloop
endfacet
facet normal 0.0 0.0 0.0
  outer loop
    vertex -79.875 60.5 15.000000953674316
    vertex -80.0 60.5 15.000000953674316
    vertex -80.0 60.5 19.0
  endloop
endfacet
facet normal 0.0 0.0 0.0
  outer loop
    vertex -80.0 57.125 19.0
    vertex -80.0 60.5 19.0
    vertex -80.0 60.5 15.000000953674316
  endloop
endfacet
facet normal 0.0 0.0 0.0
  outer loop
    vertex -80.0 60.5 15.000000953674316
    vertex -80.0 57.125 15.000000953674316
    vertex -80.0 57.125 19.0
  endloop
endfacet
facet normal 0.0 0.0 0.0
  outer loop
    vertex -80.0 57.0 19.0
    vertex -80.0 57.125 19.0
    vertex -80.0 57.125 15.000000953674316
  endloop
endfacet
facet normal 0.0 0.0 0.0
  outer loop
    vertex -80.0 57.125 15.000000953674316
    vertex -80.0 57.0 15.000000953674316
    vertex -80.0 57.0 19.0
  endloop
endfacet
facet normal 0.0 0.0 0.0
  outer loop
    vertex -80.0 53.625 19.0
    vertex -80.0 53.5 19.0
    vertex -74.125 53.5 19.0
  endloop
endfacet
facet normal 0.0 0.0 0.0
  outer loop
    vertex -74.125 53.5 19.0
    vertex -74.0 53.5 19.0
    vertex -74.0 60.375 19.0
  endloop
endfacet
facet normal 0.0 0.0 0.0
  outer loop
    vertex -74.0 60.375 19.0
    vertex -74.0 60.5 19.0
    vertex -79.875 60.5 19.0
  endloop
endfacet
facet normal 0.0 0.0 0.0
  outer loop
    vertex -79.875 60.5 19.0
    vertex -80.0 60.5 19.0
    vertex -80.0 57.125 19.0
  endloop
endfacet
facet normal 0.0 0.0 0.0
  outer loop
    vertex -80.0 57.0 19.0
    vertex -80.0 53.625 19.0
    vertex -74.125 53.5 19.0
  endloop
endfacet
facet normal 0.0 0.0 0.0
  outer loop
    vertex -74.125 53.5 19.0
    vertex -74.0 60.375 19.0
    vertex -79.875 60.5 19.0
  endloop
endfacet
facet normal 0.0 0.0 0.0
  outer loop
    vertex -79.875 60.5 19.0
    vertex -80.0 57.125 19.0
    vertex -80.0 57.0 19.0
  endloop
endfacet
facet normal 0.0 0.0 0.0
  outer loop
    vertex -80.0 57.0 19.0
    vertex -74.125 53.5 19.0
    vertex -79.875 60.5 19.0
  endloop
endfacet
facet normal 0.0 0.0 0.0
  outer loop
    vertex 70.0 -53.375 19.200000762939453
    vertex 70.0 -52.0 19.200000762939453
    vertex 70.0 -52.0 19.0
  endloop
endfacet
facet normal 0.0 0.0 0.0
  outer loop
    vertex 70.0 -52.0 19.0
    vertex 70.0 -53.375 19.0
    vertex 70.0 -53.375 19.200000762939453
  endloop
endfacet
facet normal 0.0 0.0 0.0
  outer loop
    vertex 70.0 -53.5 19.200000762939453
    vertex 70.0 -53.375 19.200000762939453
    vertex 70.0 -53.375 19.0
  endloop
endfacet
facet normal 0.0 0.0 0.0
  outer loop
    vertex 70.0 -53.375 19.0
    vertex 70.0 -53.5 19.0
    vertex 70.0 -53.5 19.200000762939453
  endloop
endfacet
facet normal 0.0 0.0 0.0
  outer loop
    vertex -79.875 -53.5 19.200000762939453
    vertex 70.0 -53.5 19.200000762939453
    vertex 70.0 -53.5 19.0
  endloop
endfacet
facet normal 0.0 0.0 0.0
  outer loop
    vertex 70.0 -53.5 19.0
    vertex -79.875 -53.5 19.0
    vertex -79.875 -53.5 19.200000762939453
  endloop
endfacet
facet normal 0.0 0.0 0.0
  outer loop
    vertex -80.0 -53.5 19.200000762939453
    vertex -79.875 -53.5 19.200000762939453
    vertex -79.875 -53.5 19.0
  endloop
endfacet
facet normal 0.0 0.0 0.0
  outer loop
    vertex -79.875 -53.5 19.0
    vertex -80.0 -53.5 19.0
    vertex -80.0 -53.5 19.200000762939453
  endloop
endfacet
facet normal 0.0 0.0 0.0
  outer loop
    vertex -80.0 -60.375 19.200000762939453
    vertex -80.0 -53.5 19.200000762939453
    vertex -80.0 -53.5 19.0
  endloop
endfacet
facet normal 0.0 0.0 0.0
  outer loop
    vertex -80.0 -53.5 19.0
    vertex -80.0 -60.375 19.0
    vertex -80.0 -60.375 19.200000762939453
  endloop
endfacet
facet normal 0.0 0.0 0.0
  outer loop
    vertex -80.0 -60.5 19.200000762939453
    vertex -80.0 -60.375 19.200000762939453
    vertex -80.0 -60.375 19.0
  endloop
endfacet
facet normal 0.0 0.0 0.0
  outer loop
    vertex -80.0 -60.375 19.0
    vertex -80.0 -60.5 19.0
    vertex -80.0 -60.5 19.200000762939453
  endloop
endfacet
facet normal 0.0 0.0 0.0
  outer loop
    vertex 79.875 -60.5 19.200000762939453
    vertex -80.0 -60.5 19.200000762939453
    vertex -80.0 -60.5 19.0
  endloop
endfacet
facet normal 0.0 0.0 0.0
  outer loop
    vertex -80.0 -60.5 19.0
    vertex 79.875 -60.5 19.0
    vertex 79.875 -60.5 19.200000762939453
  endloop
endfacet
facet normal 0.0 0.0 0.0
  outer loop
    vertex 80.0 -60.5 19.200000762939453
    vertex 79.875 -60.5 19.200000762939453
    vertex 79.875 -60.5 19.0
  endloop
endfacet
facet normal 0.0 0.0 0.0
  outer loop
    vertex 79.875 -60.5 19.0
    vertex 80.0 -60.5 19.0
    vertex 80.0 -60.5 19.200000762939453
  endloop
endfacet
facet normal 0.0 0.0 0.0
  outer loop
    vertex 80.0 -50.625 19.200000762939453
    vertex 80.0 -60.5 19.200000762939453
    vertex 80.0 -60.5 19.0
  endloop
endfacet
facet normal 0.0 0.0 0.0
  outer loop
    vertex 80.0 -60.5 19.0
    vertex 80.0 -50.625 19.0
    vertex 80.0 -50.625 19.200000762939453
  endloop
endfacet
facet normal 0.0 0.0 0.0
  outer loop
    vertex 80.0 -50.5 19.200000762939453
    vertex 80.0 -50.625 19.200000762939453
    vertex 80.0 -50.625 19.0
  endloop
endfacet
facet normal 0.0 0.0 0.0
  outer loop
    vertex 80.0 -50.625 19.0
    vertex 80.0 -50.5 19.0
    vertex 80.0 -50.5 19.200000762939453
  endloop
endfacet
facet normal 0.0 0.0 0.0
  outer loop
    vertex 70.125 -50.5 19.200000762939453
    vertex 80.0 -50.5 19.200000762939453
    vertex 80.0 -50.5 19.0
  endloop
endfacet
facet normal 0.0 0.0 0.0
  outer loop
    vertex 80.0 -50.5 19.0
    vertex 70.125 -50.5 19.0
    vertex 70.125 -50.5 19.200000762939453
  endloop
endfacet
facet normal 0.0 0.0 0.0
  outer loop
    vertex 70.0 -50.5 19.200000762939453
    vertex 70.125 -50.5 19.200000762939453
    vertex 70.125 -50.5 19.0
  endloop
endfacet
facet normal 0.0 0.0 0.0
  outer loop
    vertex 70.125 -50.5 19.0
    vertex 70.0 -50.5 19.0
    vertex 70.0 -50.5 19.200000762939453
  endloop
endfacet
facet normal 0.0 0.0 0.0
  outer loop
    vertex 70.0 -51.875 19.200000762939453
    vertex 70.0 -50.5 19.200000762939453
    vertex 70.0 -50.5 19.0
  endloop
endfacet
facet normal 0.0 0.0 0.0
  outer loop
    vertex 70.0 -50.5 19.0
    vertex 70.0 -51.875 19.0
    vertex 70.0 -51.875 19.200000762939453
  endloop
endfacet
facet normal 0.0 0.0 0.0
  outer loop
    vertex 70.0 -52.0 19.200000762939453
    vertex 70.0 -51.875 19.200000762939453
    vertex 70.0 -51.875 19.0
  endloop
endfacet
facet normal 0.0 0.0 0.0
  outer loop
    vertex 70.0 -51.875 19.0
    vertex 70.0 -52.0 19.0
    vertex 70.0 -52.0 19.200000762939453
  endloop
endfacet
facet normal 0.0 0.0 0.0
  outer loop
    vertex -79.875 -53.5 19.200000762939453
    vertex -80.0 -53.5 19.200000762939453
    vertex -80.0 -60.375 19.200000762939453
  endloop
endfacet
facet normal 0.0 0.0 0.0
  outer loop
    vertex -80.0 -60.375 19.200000762939453
    vertex -80.0 -60.5 19.200000762939453
    vertex 79.875 -60.5 19.200000762939453
  endloop
endfacet
facet normal 0.0 0.0 0.0
  outer loop
    vertex 79.875 -60.5 19.200000762939453
    vertex 80.0 -60.5 19.200000762939453
    vertex 80.0 -50.625 19.200000762939453
  endloop
endfacet
facet normal 0.0 0.0 0.0
  outer loop
    vertex 80.0 -50.625 19.200000762939453
    vertex 80.0 -50.5 19.200000762939453
    vertex 70.125 -50.5 19.200000762939453
  endloop
endfacet
facet normal 0.0 0.0 0.0
  outer loop
    vertex 70.125 -50.5 19.200000762939453
    vertex 70.0 -50.5 19.200000762939453
    vertex 70.0 -51.875 19.200000762939453
  endloop
endfacet
facet normal 0.0 0.0 0.0
  outer loop
    vertex 70.0 -53.5 19.200000762939453
    vertex -79.875 -53.5 19.200000762939453
    vertex -80.0 -60.375 19.200000762939453
  endloop
endfacet
facet normal 0.0 0.0 0.0
  outer loop
    vertex 79.875 -60.5 19.200000762939453
    vertex 80.0 -50.625 19.200000762939453
    vertex 70.125 -50.5 19.200000762939453
  endloop
endfacet
facet normal 0.0 0.0 0.0
  outer loop
    vertex 70.125 -50.5 19.200000762939453
    vertex 70.0 -51.875 19.200000762939453
    vertex 70.0 -52.0 19.200000762939453
  endloop
endfacet
facet normal 0.0 0.0 0.0
  outer loop
    vertex 70.0 -53.5 19.200000762939453
    vertex -80.0 -60.375 19.200000762939453
    vertex 79.875 -60.5 19.200000762939453
  endloop
endfacet
facet normal 0.0 0.0 0.0
  outer loop
    vertex 79.875 -60.5 19.200000762939453
    vertex 70.125 -50.5 19.200000762939453
    vertex 70.0 -52.0 19.200000762939453
  endloop
endfacet
facet normal 0.0 0.0 0.0
  outer loop
    vertex 70.0 -53.375 19.200000762939453
    vertex 70.0 -53.5 19.200000762939453
    vertex 79.875 -60.5 19.200000762939453
  endloop
endfacet
facet normal 0.0 0.0 0.0
  outer loop
    vertex 79.875 -60.5 19.200000762939453
    vertex 70.0 -52.0 19.200000762939453
    vertex 70.0 -53.375 19.200000762939453
  endloop
endfacet
facet normal 0.0 0.0 0.0
  outer loop
    vertex 70.0 -10.375 19.200000762939453
    vertex 70.0 -0.0 19.200000762939453
    vertex 70.0 -0.0 19.0
  endloop
endfacet
facet normal 0.0 0.0 0.0
  outer loop
    vertex 70.0 -0.0 19.0
    vertex 70.0 -10.375 19.0
    vertex 70.0 -10.375 19.200000762939453
  endloop
endfacet
facet normal 0.0 0.0 0.0
  outer loop
    vertex 70.0 -10.5 19.200000762939453
    vertex 70.0 -10.375 19.200000762939453
    vertex 70.0 -10.375 19.0
  endloop
endfacet
facet normal 0.0 0.0 0.0
  outer loop
    vertex 70.0 -10.375 19.0
    vertex 70.0 -10.5 19.0
    vertex 70.0 -10.5 19.200000762939453
  endloop
endfacet
facet normal 0.0 0.0 0.0
  outer loop
    vertex 79.875 -10.5 19.200000762939453
    vertex 70.0 -10.5 19.200000762939453
    vertex 70.0 -10.5 19.0
  endloop
endfacet
facet normal 0.0 0.0 0.0
  outer loop
    vertex 70.0 -10.5 19.0
    vertex 79.875 -10.5 19.0
    vertex 79.875 -10.5 19.200000762939453
  endloop
endfacet
facet normal 0.0 0.0 0.0
  outer loop
    vertex 80.0 -10.5 19.200000762939453
    vertex 79.875 -10.5 19.200000762939453
    vertex 79.875 -10.5 19.0
  endloop
endfacet
facet normal 0.0 0.0 0.0
  outer loop
    vertex 79.875 -10.5 19.0
    vertex 80.0 -10.5 19.0
    vertex 80.0 -10.5 19.200000762939453
  endloop
endfacet
facet normal 0.0 0.0 0.0
  outer loop
    vertex 80.0 10.375 19.200000762939453
    vertex 80.0 -10.5 19.200000762939453
    vertex 80.0 -10.5 19.0
  endloop
endfacet
facet normal 0.0 0.0 0.0
  outer loop
    vertex 80.0 -10.5 19.0
    vertex 80.0 10.375 19.0
    vertex 80.0 10.375 19.200000762939453
  endloop
endfacet
facet normal 0.0 0.0 0.0
  outer loop
    vertex 80.0 10.5 19.200000762939453
    vertex 80.0 10.375 19.200000762939453
    vertex 80.0 10.375 19.0
  endloop
endfacet
facet normal 0.0 0.0 0.0
  outer loop
    vertex 80.0 10.375 19.0
    vertex 80.0 10.5 19.0
    vertex 80.0 10.5 19.200000762939453
  endloop
endfacet
facet normal 0.0 0.0 0.0
  outer loop
    vertex 70.125 10.5 19.200000762939453
    vertex 80.0 10.5 19.200000762939453
    vertex 80.0 10.5 19.0
  endloop
endfacet
facet normal 0.0 0.0 0.0
  outer loop
    vertex 80.0 10.5 19.0
    vertex 70.125 10.5 19.0
    vertex 70.125 10.5 19.200000762939453
  endloop
endfacet
facet normal 0.0 0.0 0.0
  outer loop
    vertex 70.0 10.5 19.200000762939453
    vertex 70.125 10.5 19.200000762939453
    vertex 70.125 10.5 19.0
  endloop
endfacet
facet normal 0.0 0.0 0.0
  outer loop
    vertex 70.125 10.5 19.0
    vertex 70.0 10.5 19.0
    vertex 70.0 10.5 19.200000762939453
  endloop
endfacet
facet normal 0.0 0.0 0.0
  outer loop
    vertex 70.0 0.125 19.200000762939453
    vertex 70.0 10.5 19.200000762939453
    vertex 70.0 10.5 19.0
  endloop
endfacet
facet normal 0.0 0.0 0.0
  outer loop
    vertex 70.0 10.5 19.0
    vertex 70.0 0.125 19.0
    vertex 70.0 0.125 19.200000762939453
  endloop
endfacet
facet normal 0.0 0.0 0.0
  outer loop
    vertex 70.0 -0.0 19.200000762939453
    vertex 70.0 0.125 19.200000762939453
    vertex 70.0 0.125 19.0
  endloop
endfacet
facet normal 0.0 0.0 0.0
  outer loop
    vertex 70.0 0.125 19.0
    vertex 70.0 -0.0 19.0
    vertex 70.0 -0.0 19.200000762939453
  endloop
endfacet
facet normal 0.0 0.0 0.0
  outer loop
    vertex 70.0 -10.375 19.200000762939453
    vertex 70.0 -10.5 19.200000762939453
    vertex 79.875 -10.5 19.200000762939453
  endloop
endfacet
facet normal 0.0 0.0 0.0
  outer loop
    vertex 79.875 -10.5 19.200000762939453
    vertex 80.0 -10.5 19.200000762939453
    vertex 80.0 10.375 19.200000762939453
  endloop
endfacet
facet normal 0.0 0.0 0.0
  outer loop
    vertex 80.0 10.375 19.200000762939453
    vertex 80.0 10.5 19.200000762939453
    vertex 70.125 10.5 19.200000762939453
  endloop
endfacet
facet normal 0.0 0.0 0.0
  outer loop
    vertex 70.125 10.5 19.200000762939453
    vertex 70.0 10.5 19.200000762939453
    vertex 70.0 0.125 19.200000762939453
  endloop
endfacet
facet normal 0.0 0.0 0.0
  outer loop
    vertex 70.0 -0.0 19.200000762939453
    vertex 70.0 -10.375 19.200000762939453
    vertex 79.875 -10.5 19.200000762939453
  endloop
endfacet
facet normal 0.0 0.0 0.0
  outer loop
    vertex 79.875 -10.5 19.200000762939453
    vertex 80.0 10.375 19.200000762939453
    vertex 70.125 10.5 19.200000762939453
  endloop
endfacet
facet normal 0.0 0.0 0.0
  outer loop
    vertex 70.125 10.5 19.200000762939453
    vertex 70.0 0.125 19.200000762939453
    vertex 70.0 -0.0 19.200000762939453
  endloop
endfacet
facet normal 0.0 0.0 0.0
  outer loop
    vertex 70.0 -0.0 19.200000762939453
    vertex 79.875 -10.5 19.200000762939453
    vertex 70.125 10.5 19.200000762939453
  endloop
endfacet
facet normal 0.0 0.0 0.0
  outer loop
    vertex 70.0 50.625 19.200000762939453
    vertex 70.0 55.5 19.200000762939453
    vertex 70.0 55.5 19.0
  endloop
endfacet
facet normal 0.0 0.0 0.0
  outer loop
    vertex 70.0 55.5 19.0
    vertex 70.0 50.625 19.0
    vertex 70.0 50.625 19.200000762939453
  endloop
endfacet
facet normal 0.0 0.0 0.0
  outer loop
    vertex 70.0 50.5 19.200000762939453
    vertex 70.0 50.625 19.200000762939453
    vertex 70.0 50.625 19.0
  endloop
endfacet
facet normal 0.0 0.0 0.0
  outer loop
    vertex 70.0 50.625 19.0
    vertex 70.0 50.5 19.0
    vertex 70.0 50.5 19.200000762939453
  endloop
endfacet
facet normal 0.0 0.0 0.0
  outer loop
    vertex 79.875 50.5 19.200000762939453
    vertex 70.0 50.5 19.200000762939453
    vertex 70.0 50.5 19.0
  endloop
endfacet
facet normal 0.0 0.0 0.0
  outer loop
    vertex 70.0 50.5 19.0
    vertex 79.875 50.5 19.0
    vertex 79.875 50.5 19.200000762939453
  endloop
endfacet
facet normal 0.0 0.0 0.0
  outer loop
    vertex 80.0 50.5 19.200000762939453
    vertex 79.875 50.5 19.200000762939453
    vertex 79.875 50.5 19.0
  endloop
endfacet
facet normal 0.0 0.0 0.0
  outer loop
    vertex 79.875 50.5 19.0
    vertex 80.0 50.5 19.0
    vertex 80.0 50.5 19.200000762939453
  endloop
endfacet
facet normal 0.0 0.0 0.0
  outer loop
    vertex 80.0 60.375 19.200000762939453
    vertex 80.0 50.5 19.200000762939453
    vertex 80.0 50.5 19.0
  endloop
endfacet
facet normal 0.0 0.0 0.0
  outer loop
    vertex 80.0 50.5 19.0
    vertex 80.0 60.375 19.0
    vertex 80.0 60.375 19.200000762939453
  endloop
endfacet
facet normal 0.0 0.0 0.0
  outer loop
    vertex 80.0 60.5 19.200000762939453
    vertex 80.0 60.375 19.200000762939453
    vertex 80.0 60.375 19.0
  endloop
endfacet
facet normal 0.0 0.0 0.0
  outer loop
    vertex 80.0 60.375 19.0
    vertex 80.0 60.5 19.0
    vertex 80.0 60.5 19.200000762939453
  endloop
endfacet
facet normal 0.0 0.0 0.0
  outer loop
    vertex 70.125 60.5 19.200000762939453
    vertex 80.0 60.5 19.200000762939453
    vertex 80.0 60.5 19.0
  endloop
endfacet
facet normal 0.0 0.0 0.0
  outer loop
    vertex 80.0 60.5 19.0
    vertex 70.125 60.5 19.0
    vertex 70.125 60.5 19.200000762939453
  endloop
endfacet
facet normal 0.0 0.0 0.0
  outer loop
    vertex 70.0 60.5 19.200000762939453
    vertex 70.125 60.5 19.200000762939453
    vertex 70.125 60.5 19.0
  endloop
endfacet
facet normal 0.0 0.0 0.0
  outer loop
    vertex 70.125 60.5 19.0
    vertex 70.0 60.5 19.0
    vertex 70.0 60.5 19.200000762939453
  endloop
endfacet
facet normal 0.0 0.0 0.0
  outer loop
    vertex 70.0 55.625 19.200000762939453
    vertex 70.0 60.5 19.200000762939453
    vertex 70.0 60.5 19.0
  endloop
endfacet
facet normal 0.0 0.0 0.0
  outer loop
    vertex 70.0 60.5 19.0
    vertex 70.0 55.625 19.0
    vertex 70.0 55.625 19.200000762939453
  endloop
endfacet
facet normal 0.0 0.0 0.0
  outer loop
    vertex 70.0 55.5 19.200000762939453
    vertex 70.0 55.625 19.200000762939453
    vertex 70.0 55.625 19.0
  endloop
endfacet
facet normal 0.0 0.0 0.0
  outer loop
    vertex 70.0 55.625 19.0
    vertex 70.0 55.5 19.0
    vertex 70.0 55.5 19.200000762939453
  endloop
endfacet
facet normal 0.0 0.0 0.0
  outer loop
    vertex 70.0 50.625 19.200000762939453
    vertex 70.0 50.5 19.200000762939453
    vertex 79.875 50.5 19.200000762939453
  endloop
endfacet
facet normal 0.0 0.0 0.0
  outer loop
    vertex 79.875 50.5 19.200000762939453
    vertex 80.0 50.5 19.200000762939453
    vertex 80.0 60.375 19.200000762939453
  endloop
endfacet
facet normal 0.0 0.0 0.0
  outer loop
    vertex 80.0 60.375 19.200000762939453
    vertex 80.0 60.5 19.200000762939453
    vertex 70.125 60.5 19.200000762939453
  endloop
endfacet
facet normal 0.0 0.0 0.0
  outer loop
    vertex 70.125 60.5 19.200000762939453
    vertex 70.0 60.5 19.200000762939453
    vertex 70.0 55.625 19.200000762939453
  endloop
endfacet
facet normal 0.0 0.0 0.0
  outer loop
    vertex 70.0 55.5 19.200000762939453
    vertex 70.0 50.625 19.200000762939453
    vertex 79.875 50.5 19.200000762939453
  endloop
endfacet
facet normal 0.0 0.0 0.0
  outer loop
    vertex 79.875 50.5 19.200000762939453
    vertex 80.0 60.375 19.200000762939453
    vertex 70.125 60.5 19.200000762939453
  endloop
endfacet
facet normal 0.0 0.0 0.0
  outer loop
    vertex 70.125 60.5 19.200000762939453
    vertex 70.0 55.625 19.200000762939453
    vertex 70.0 55.5 19.200000762939453
  endloop
endfacet
facet normal 0.0 0.0 0.0
  outer loop
    vertex 70.0 55.5 19.200000762939453
    vertex 79.875 50.5 19.200000762939453
    vertex 70.125 60.5 19.200000762939453
  endloop
endfacet
facet normal 0.0 0.0 0.0
  outer loop
    vertex -80.0 53.625 19.200000762939453
    vertex -80.0 57.0 19.200000762939453
    vertex -80.0 57.0 19.0
  endloop
endfacet
facet normal 0.0 0.0 0.0
  outer loop
    vertex -80.0 57.0 19.0
    vertex -80.0 53.625 19.0
    vertex -80.0 53.625 19.200000762939453
  endloop
endfacet
facet normal 0.0 0.0 0.0
  outer loop
    vertex -80.0 53.5 19.200000762939453
    vertex -80.0 53.625 19.200000762939453
    vertex -80.0 53.625 19.0
  endloop
endfacet
facet normal 0.0 0.0 0.0
  outer loop
    vertex -80.0 53.625 19.0
    vertex -80.0 53.5 19.0
    vertex -80.0 53.5 19.200000762939453
  endloop
endfacet
facet normal 0.0 0.0 0.0
  outer loop
    vertex -74.125 53.5 19.200000762939453
    vertex -80.0 53.5 19.200000762939453
    vertex -80.0 53.5 19.0
  endloop
endfacet
facet normal 0.0 0.0 0.0
  outer loop
    vertex -80.0 53.5 19.0
    vertex -74.125 53.5 19.0
    vertex -74.125 53.5 19.200000762939453
  endloop
endfacet
facet normal 0.0 0.0 0.0
  outer loop
    vertex -74.0 53.5 19.200000762939453
    vertex -74.125 53.5 19.200000762939453
    vertex -74.125 53.5 19.0
  endloop
endfacet
facet normal 0.0 0.0 0.0
  outer loop
    vertex -74.125 53.5 19.0
    vertex -74.0 53.5 19.0
    vertex -74.0 53.5 19.200000762939453
  endloop
endfacet
facet normal 0.0 0.0 0.0
  outer loop
    vertex -74.0 60.375 19.200000762939453
    vertex -74.0 53.5 19.200000762939453
    vertex -74.0 53.5 19.0
  endloop
endfacet
facet normal 0.0 0.0 0.0
  outer loop
    vertex -74.0 53.5 19.0
    vertex -74.0 60.375 19.0
    vertex -74.0 60.375 19.200000762939453
  endloop
endfacet
facet normal 0.0 0.0 0.0
  outer loop
    vertex -74.0 60.5 19.200000762939453
    vertex -74.0 60.375 19.200000762939453
    vertex -74.0 60.375 19.0
  endloop
endfacet
facet normal 0.0 0.0 0.0
  outer loop
    vertex -74.0 60.375 19.0
    vertex -74.0 60.5 19.0
    vertex -74.0 60.5 19.200000762939453
  endloop
endfacet
facet normal 0.0 0.0 0.0
  outer loop
    vertex -79.875 60.5 19.200000762939453
    vertex -74.0 60.5 19.200000762939453
    vertex -74.0 60.5 19.0
  endloop
endfacet
facet normal 0.0 0.0 0.0
  outer loop
    vertex -74.0 60.5 19.0
    vertex -79.875 60.5 19.0
    vertex -79.875 60.5 19.200000762939453
  endloop
endfacet
facet normal 0.0 0.0 0.0
  outer loop
    vertex -80.0 60.5 19.200000762939453
    vertex -79.875 60.5 19.200000762939453
    vertex -79.875 60.5 19.0
  endloop
endfacet
facet normal 0.0 0.0 0.0
  outer loop
    vertex -79.875 60.5 19.0
    vertex -80.0 60.5 19.0
    vertex -80.0 60.5 19.200000762939453
  endloop
endfacet
facet normal 0.0 0.0 0.0
  outer loop
    vertex -80.0 57.125 19.200000762939453
    vertex -80.0 60.5 19.200000762939453
    vertex -80.0 60.5 19.0
  endloop
endfacet
facet normal 0.0 0.0 0.0
  outer loop
    vertex -80.0 60.5 19.0
    vertex -80.0 57.125 19.0
    vertex -80.0 57.125 19.200000762939453
  endloop
endfacet
facet normal 0.0 0.0 0.0
  outer loop
    vertex -80.0 57.0 19.200000762939453
    vertex -80.0 57.125 19.200000762939453
    vertex -80.0 57.125 19.0
  endloop
endfacet
facet normal 0.0 0.0 0.0
  outer loop
    vertex -80.0 57.125 19.0
    vertex -80.0 57.0 19.0
    vertex -80.0 57.0 19.200000762939453
  endloop
endfacet
facet normal 0.0 0.0 0.0
  outer loop
    vertex -80.0 53.625 19.200000762939453
    vertex -80.0 53.5 19.200000762939453
    vertex -74.125 53.5 19.200000762939453
  endloop
endfacet
facet normal 0.0 0.0 0.0
  outer loop
    vertex -74.125 53.5 19.200000762939453
    vertex -74.0 53.5 19.200000762939453
    vertex -74.0 60.375 19.200000762939453
  endloop
endfacet
facet normal 0.0 0.0 0.0
  outer loop
    vertex -74.0 60.375 19.200000762939453
    vertex -74.0 60.5 19.200000762939453
    vertex -79.875 60.5 19.200000762939453
  endloop
endfacet
facet normal 0.0 0.0 0.0
  outer loop
    vertex -79.875 60.5 19.200000762939453
    vertex -80.0 60.5 19.200000762939453
    vertex -80.0 57.125 19.200000762939453
  endloop
endfacet
facet normal 0.0 0.0 0.0
  outer loop
    vertex -80.0 57.0 19.200000762939453
    vertex -80.0 53.625 19.200000762939453
    vertex -74.125 53.5 19.200000762939453
  endloop
endfacet
facet normal 0.0 0.0 0.0
  outer loop
    vertex -74.125 53.5 19.200000762939453
    vertex -74.0 60.375 19.200000762939453
    vertex -79.875 60.5 19.200000762939453
  endloop
endfacet
facet normal 0.0 0.0 0.0
  outer loop
    vertex -79.875 60.5 19.200000762939453
    vertex -80.0 57.125 19.200000762939453
    vertex -80.0 57.0 19.200000762939453
  endloop
endfacet
facet normal 0.0 0.0 0.0
  outer loop
    vertex -80.0 57.0 19.200000762939453
    vertex -74.125 53.5 19.200000762939453
    vertex -79.875 60.5 19.200000762939453
  endloop
endfacet
facet normal 0.0 0.0 0.0
  outer loop
    vertex 70.0 -53.375 20.400001525878906
    vertex 70.0 -52.0 20.400001525878906
    vertex 70.0 -52.0 19.200000762939453
  endloop
endfacet
facet normal 0.0 0.0 0.0
  outer loop
    vertex 70.0 -52.0 19.200000762939453
    vertex 70.0 -53.375 19.200000762939453
    vertex 70.0 -53.375 20.400001525878906
  endloop
endfacet
facet normal 0.0 0.0 0.0
  outer loop
    vertex 70.0 -53.5 20.400001525878906
    vertex 70.0 -53.375 20.400001525878906
    vertex 70.0 -53.375 19.200000762939453
  endloop
endfacet
facet normal 0.0 0.0 0.0
  outer loop
    vertex 70.0 -53.375 19.200000762939453
    vertex 70.0 -53.5 19.200000762939453
    vertex 70.0 -53.5 20.400001525878906
  endloop
endfacet
facet normal 0.0 0.0 0.0
  outer loop
    vertex 52.125 -53.5 20.400001525878906
    vertex 70.0 -53.5 20.400001525878906
    vertex 70.0 -53.5 19.200000762939453
  endloop
endfacet
facet normal 0.0 0.0 0.0
  outer loop
    vertex 70.0 -53.5 19.200000762939453
    vertex 52.125 -53.5 19.200000762939453
    vertex 52.125 -53.5 20.400001525878906
  endloop
endfacet
facet normal 0.0 0.0 0.0
  outer loop
    vertex 52.0 -53.5 20.400001525878906
    vertex 52.125 -53.5 20.400001525878906
    vertex 52.125 -53.5 19.200000762939453
  endloop
endfacet
facet normal 0.0 0.0 0.0
  outer loop
    vertex 52.125 -53.5 19.200000762939453
    vertex 52.0 -53.5 19.200000762939453
    vertex 52.0 -53.5 20.400001525878906
  endloop
endfacet
facet normal 0.0 0.0 0.0
  outer loop
    vertex 52.0 -60.375 20.400001525878906
    vertex 52.0 -53.5 20.400001525878906
    vertex 52.0 -53.5 19.200000762939453
  endloop
endfacet
facet normal 0.0 0.0 0.0
  outer loop
    vertex 52.0 -53.5 19.200000762939453
    vertex 52.0 -60.375 19.200000762939453
    vertex 52.0 -60.375 20.400001525878906
  endloop
endfacet
facet normal 0.0 0.0 0.0
  outer loop
    vertex 52.0 -60.5 20.400001525878906
    vertex 52.0 -60.375 20.400001525878906
    vertex 52.0 -60.375 19.200000762939453
  endloop
endfacet
facet normal 0.0 0.0 0.0
  outer loop
    vertex 52.0 -60.375 19.200000762939453
    vertex 52.0 -60.5 19.200000762939453
    vertex 52.0 -60.5 20.400001525878906
  endloop
endfacet
facet normal 0.0 0.0 0.0
  outer loop
    vertex 79.875 -60.5 20.400001525878906
    vertex 52.0 -60.5 20.400001525878906
    vertex 52.0 -60.5 19.200000762939453
  endloop
endfacet
facet normal 0.0 0.0 0.0
  outer loop
    vertex 52.0 -60.5 19.200000762939453
    vertex 79.875 -60.5 19.200000762939453
    vertex 79.875 -60.5 20.400001525878906
  endloop
endfacet
facet normal 0.0 0.0 0.0
  outer loop
    vertex 80.0 -60.5 20.400001525878906
    vertex 79.875 -60.5 20.400001525878906
    vertex 79.875 -60.5 19.200000762939453
  endloop
endfacet
facet normal 0.0 0.0 0.0
  outer loop
    vertex 79.875 -60.5 19.200000762939453
    vertex 80.0 -60.5 19.200000762939453
    vertex 80.0 -60.5 20.400001525878906
  endloop
endfacet
facet normal 0.0 0.0 0.0
  outer loop
    vertex 80.0 -50.625 20.400001525878906
    vertex 80.0 -60.5 20.400001525878906
    vertex 80.0 -60.5 19.200000762939453
  endloop
endfacet
facet normal 0.0 0.0 0.0
  outer loop
    vertex 80.0 -60.5 19.200000762939453
    vertex 80.0 -50.625 19.200000762939453
    vertex 80.0 -50.625 20.400001525878906
  endloop
endfacet
facet normal 0.0 0.0 0.0
  outer loop
    vertex 80.0 -50.5 20.400001525878906
    vertex 80.0 -50.625 20.400001525878906
    vertex 80.0 -50.625 19.200000762939453
  endloop
endfacet
facet normal 0.0 0.0 0.0
  outer loop
    vertex 80.0 -50.625 19.200000762939453
    vertex 80.0 -50.5 19.200000762939453
    vertex 80.0 -50.5 20.400001525878906
  endloop
endfacet
facet normal 0.0 0.0 0.0
  outer loop
    vertex 70.125 -50.5 20.400001525878906
    vertex 80.0 -50.5 20.400001525878906
    vertex 80.0 -50.5 19.200000762939453
  endloop
endfacet
facet normal 0.0 0.0 0.0
  outer loop
    vertex 80.0 -50.5 19.200000762939453
    vertex 70.125 -50.5 19.200000762939453
    vertex 70.125 -50.5 20.400001525878906
  endloop
endfacet
facet normal 0.0 0.0 0.0
  outer loop
    vertex 70.0 -50.5 20.400001525878906
    vertex 70.125 -50.5 20.400001525878906
    vertex 70.125 -50.5 19.200000762939453
  endloop
endfacet
facet normal 0.0 0.0 0.0
  outer loop
    vertex 70.125 -50.5 19.200000762939453
    vertex 70.0 -50.5 19.200000762939453
    vertex 70.0 -50.5 20.400001525878906
  endloop
endfacet
facet normal 0.0 0.0 0.0
  outer loop
    vertex 70.0 -51.875 20.400001525878906
    vertex 70.0 -50.5 20.400001525878906
    vertex 70.0 -50.5 19.200000762939453
  endloop
endfacet
facet normal 0.0 0.0 0.0
  outer loop
    vertex 70.0 -50.5 19.200000762939453
    vertex 70.0 -51.875 19.200000762939453
    vertex 70.0 -51.875 20.400001525878906
  endloop
endfacet
facet normal 0.0 0.0 0.0
  outer loop
    vertex 70.0 -52.0 20.400001525878906
    vertex 70.0 -51.875 20.400001525878906
    vertex 70.0 -51.875 19.200000762939453
  endloop
endfacet
facet normal 0.0 0.0 0.0
  outer loop
    vertex 70.0 -51.875 19.200000762939453
    vertex 70.0 -52.0 19.200000762939453
    vertex 70.0 -52.0 20.400001525878906
  endloop
endfacet
facet normal 0.0 0.0 0.0
  outer loop
    vertex 52.125 -53.5 20.400001525878906
    vertex 52.0 -53.5 20.400001525878906
    vertex 52.0 -60.375 20.400001525878906
  endloop
endfacet
facet normal 0.0 0.0 0.0
  outer loop
    vertex 52.0 -60.375 19.200000762939453
    vertex 52.0 -53.5 19.200000762939453
    vertex 52.125 -53.5 19.200000762939453
  endloop
endfacet
facet normal 0.0 0.0 0.0
  outer loop
    vertex 52.0 -60.375 20.400001525878906
    vertex 52.0 -60.5 20.400001525878906
    vertex 79.875 -60.5 20.400001525878906
  endloop
endfacet
facet normal 0.0 0.0 0.0
  outer loop
    vertex 79.875 -60.5 19.200000762939453
    vertex 52.0 -60.5 19.200000762939453
    vertex 52.0 -60.375 19.200000762939453
  endloop
endfacet
facet normal 0.0 0.0 0.0
  outer loop
    vertex 79.875 -60.5 20.400001525878906
    vertex 80.0 -60.5 20.400001525878906
    vertex 80.0 -50.625 20.400001525878906
  endloop
endfacet
facet normal 0.0 0.0 0.0
  outer loop
    vertex 80.0 -50.625 20.400001525878906
    vertex 80.0 -50.5 20.400001525878906
    vertex 70.125 -50.5 20.400001525878906
  endloop
endfacet
facet normal 0.0 0.0 0.0
  outer loop
    vertex 70.125 -50.5 20.400001525878906
    vertex 70.0 -50.5 20.400001525878906
    vertex 70.0 -51.875 20.400001525878906
  endloop
endfacet
facet normal 0.0 0.0 0.0
  outer loop
    vertex 70.0 -53.5 20.400001525878906
    vertex 52.125 -53.5 20.400001525878906
    vertex 52.0 -60.375 20.400001525878906
  endloop
endfacet
facet normal 0.0 0.0 0.0
  outer loop
    vertex 52.0 -60.375 19.200000762939453
    vertex 52.125 -53.5 19.200000762939453
    vertex 70.0 -53.5 19.200000762939453
  endloop
endfacet
facet normal 0.0 0.0 0.0
  outer loop
    vertex 52.0 -60.375 20.400001525878906
    vertex 79.875 -60.5 20.400001525878906
    vertex 80.0 -50.625 20.400001525878906
  endloop
endfacet
facet normal 0.0 0.0 0.0
  outer loop
    vertex 80.0 -50.625 19.200000762939453
    vertex 79.875 -60.5 19.200000762939453
    vertex 52.0 -60.375 19.200000762939453
  endloop
endfacet
facet normal 0.0 0.0 0.0
  outer loop
    vertex 80.0 -50.625 20.400001525878906
    vertex 70.125 -50.5 20.400001525878906
    vertex 70.0 -51.875 20.400001525878906
  endloop
endfacet
facet normal 0.0 0.0 0.0
  outer loop
    vertex 70.0 -51.875 19.200000762939453
    vertex 70.125 -50.5 19.200000762939453
    vertex 80.0 -50.625 19.200000762939453
  endloop
endfacet
facet normal 0.0 0.0 0.0
  outer loop
    vertex 70.0 -53.5 20.400001525878906
    vertex 52.0 -60.375 20.400001525878906
    vertex 80.0 -50.625 20.400001525878906
  endloop
endfacet
facet normal 0.0 0.0 0.0
  outer loop
    vertex 80.0 -50.625 19.200000762939453
    vertex 52.0 -60.375 19.200000762939453
    vertex 70.0 -53.5 19.200000762939453
  endloop
endfacet
facet normal 0.0 0.0 0.0
  outer loop
    vertex 80.0 -50.625 20.400001525878906
    vertex 70.0 -51.875 20.400001525878906
    vertex 70.0 -52.0 20.400001525878906
  endloop
endfacet
facet normal 0.0 0.0 0.0
  outer loop
    vertex 70.0 -52.0 19.200000762939453
    vertex 70.0 -51.875 19.200000762939453
    vertex 80.0 -50.625 19.200000762939453
  endloop
endfacet
facet normal 0.0 0.0 0.0
  outer loop
    vertex 70.0 -53.375 20.400001525878906
    vertex 70.0 -53.5 20.400001525878906
    vertex 80.0 -50.625 20.400001525878906
  endloop
endfacet
facet normal 0.0 0.0 0.0
  outer loop
    vertex 80.0 -50.625 19.200000762939453
    vertex 70.0 -53.5 19.200000762939453
    vertex 70.0 -53.375 19.200000762939453
  endloop
endfacet
facet normal 0.0 0.0 0.0
  outer loop
    vertex 80.0 -50.625 20.400001525878906
    vertex 70.0 -52.0 20.400001525878906
    vertex 70.0 -53.375 20.400001525878906
  endloop
endfacet
facet normal 0.0 0.0 0.0
  outer loop
    vertex 70.0 -53.375 19.200000762939453
    vertex 70.0 -52.0 19.200000762939453
    vertex 80.0 -50.625 19.200000762939453
  endloop
endfacet
facet normal 0.0 0.0 0.0
  outer loop
    vertex 70.0 -10.375 20.400001525878906
    vertex 70.0 -0.0 20.400001525878906
    vertex 70.0 -0.0 19.200000762939453
  endloop
endfacet
facet normal 0.0 0.0 0.0
  outer loop
    vertex 70.0 -0.0 19.200000762939453
    vertex 70.0 -10.375 19.200000762939453
    vertex 70.0 -10.375 20.400001525878906
  endloop
endfacet
facet normal 0.0 0.0 0.0
  outer loop
    vertex 70.0 -10.5 20.400001525878906
    vertex 70.0 -10.375 20.400001525878906
    vertex 70.0 -10.375 19.200000762939453
  endloop
endfacet
facet normal 0.0 0.0 0.0
  outer loop
    vertex 70.0 -10.375 19.200000762939453
    vertex 70.0 -10.5 19.200000762939453
    vertex 70.0 -10.5 20.400001525878906
  endloop
endfacet
facet normal 0.0 0.0 0.0
  outer loop
    vertex 79.875 -10.5 20.400001525878906
    vertex 70.0 -10.5 20.400001525878906
    vertex 70.0 -10.5 19.200000762939453
  endloop
endfacet
facet normal 0.0 0.0 0.0
  outer loop
    vertex 70.0 -10.5 19.200000762939453
    vertex 79.875 -10.5 19.200000762939453
    vertex 79.875 -10.5 20.400001525878906
  endloop
endfacet
facet normal 0.0 0.0 0.0
  outer loop
    vertex 80.0 -10.5 20.400001525878906
    vertex 79.875 -10.5 20.400001525878906
    vertex 79.875 -10.5 19.200000762939453
  endloop
endfacet
facet normal 0.0 0.0 0.0
  outer loop
    vertex 79.875 -10.5 19.200000762939453
    vertex 80.0 -10.5 19.200000762939453
    vertex 80.0 -10.5 20.400001525878906
  endloop
endfacet
facet normal 0.0 0.0 0.0
  outer loop
    vertex 80.0 10.375 20.400001525878906
    vertex 80.0 -10.5 20.400001525878906
    vertex 80.0 -10.5 19.200000762939453
  endloop
endfacet
facet normal 0.0 0.0 0.0
  outer loop
    vertex 80.0 -10.5 19.200000762939453
    vertex 80.0 10.375 19.200000762939453
    vertex 80.0 10.375 20.400001525878906
  endloop
endfacet
facet normal 0.0 0.0 0.0
  outer loop
    vertex 80.0 10.5 20.400001525878906
    vertex 80.0 10.375 20.400001525878906
    vertex 80.0 10.375 19.200000762939453
  endloop
endfacet
facet normal 0.0 0.0 0.0
  outer loop
    vertex 80.0 10.375 19.200000762939453
    vertex 80.0 10.5 19.200000762939453
    vertex 80.0 10.5 20.400001525878906
  endloop
endfacet
facet normal 0.0 0.0 0.0
  outer loop
    vertex 70.125 10.5 20.400001525878906
    vertex 80.0 10.5 20.400001525878906
    vertex 80.0 10.5 19.200000762939453
  endloop
endfacet
facet normal 0.0 0.0 0.0
  outer loop
    vertex 80.0 10.5 19.200000762939453
    vertex 70.125 10.5 19.200000762939453
    vertex 70.125 10.5 20.400001525878906
  endloop
endfacet
facet normal 0.0 0.0 0.0
  outer loop
    vertex 70.0 10.5 20.400001525878906
    vertex 70.125 10.5 20.400001525878906
    vertex 70.125 10.5 19.200000762939453
  endloop
endfacet
facet normal 0.0 0.0 0.0
  outer loop
    vertex 70.125 10.5 19.200000762939453
    vertex 70.0 10.5 19.200000762939453
    vertex 70.0 10.5 20.400001525878906
  endloop
endfacet
facet normal 0.0 0.0 0.0
  outer loop
    vertex 70.0 0.125 20.400001525878906
    vertex 70.0 10.5 20.400001525878906
    vertex 70.0 10.5 19.200000762939453
  endloop
endfacet
facet normal 0.0 0.0 0.0
  outer loop
    vertex 70.0 10.5 19.200000762939453
    vertex 70.0 0.125 19.200000762939453
    vertex 70.0 0.125 20.400001525878906
  endloop
endfacet
facet normal 0.0 0.0 0.0
  outer loop
    vertex 70.0 -0.0 20.400001525878906
    vertex 70.0 0.125 20.400001525878906
    vertex 70.0 0.125 19.200000762939453
  endloop
endfacet
facet normal 0.0 0.0 0.0
  outer loop
    vertex 70.0 0.125 19.200000762939453
    vertex 70.0 -0.0 19.200000762939453
    vertex 70.0 -0.0 20.400001525878906
  endloop
endfacet
facet normal 0.0 0.0 0.0
  outer loop
    vertex 70.0 -10.375 20.400001525878906
    vertex 70.0 -10.5 20.400001525878906
    vertex 79.875 -10.5 20.400001525878906
  endloop
endfacet
facet normal 0.0 0.0 0.0
  outer loop
    vertex 79.875 -10.5 20.400001525878906
    vertex 80.0 -10.5 20.400001525878906
    vertex 80.0 10.375 20.400001525878906
  endloop
endfacet
facet normal 0.0 0.0 0.0
  outer loop
    vertex 80.0 10.375 20.400001525878906
    vertex 80.0 10.5 20.400001525878906
    vertex 70.125 10.5 20.400001525878906
  endloop
endfacet
facet normal 0.0 0.0 0.0
  outer loop
    vertex 70.125 10.5 20.400001525878906
    vertex 70.0 10.5 20.400001525878906
    vertex 70.0 0.125 20.400001525878906
  endloop
endfacet
facet normal 0.0 0.0 0.0
  outer loop
    vertex 70.0 -0.0 20.400001525878906
    vertex 70.0 -10.375 20.400001525878906
    vertex 79.875 -10.5 20.400001525878906
  endloop
endfacet
facet normal 0.0 0.0 0.0
  outer loop
    vertex 79.875 -10.5 20.400001525878906
    vertex 80.0 10.375 20.400001525878906
    vertex 70.125 10.5 20.400001525878906
  endloop
endfacet
facet normal 0.0 0.0 0.0
  outer loop
    vertex 70.125 10.5 20.400001525878906
    vertex 70.0 0.125 20.400001525878906
    vertex 70.0 -0.0 20.400001525878906
  endloop
endfacet
facet normal 0.0 0.0 0.0
  outer loop
    vertex 70.0 -0.0 20.400001525878906
    vertex 79.875 -10.5 20.400001525878906
    vertex 70.125 10.5 20.400001525878906
  endloop
endfacet
facet normal 0.0 0.0 0.0
  outer loop
    vertex 70.0 50.625 20.400001525878906
    vertex 70.0 55.5 20.400001525878906
    vertex 70.0 55.5 19.200000762939453
  endloop
endfacet
facet normal 0.0 0.0 0.0
  outer loop
    vertex 70.0 55.5 19.200000762939453
    vertex 70.0 50.625 19.200000762939453
    vertex 70.0 50.625 20.400001525878906
  endloop
endfacet
facet normal 0.0 0.0 0.0
  outer loop
    vertex 70.0 50.5 20.400001525878906
    vertex 70.0 50.625 20.400001525878906
    vertex 70.0 50.625 19.200000762939453
  endloop
endfacet
facet normal 0.0 0.0 0.0
  outer loop
    vertex 70.0 50.625 19.200000762939453
    vertex 70.0 50.5 19.200000762939453
    vertex 70.0 50.5 20.400001525878906
  endloop
endfacet
facet normal 0.0 0.0 0.0
  outer loop
    vertex 79.875 50.5 20.400001525878906
    vertex 70.0 50.5 20.400001525878906
    vertex 70.0 50.5 19.200000762939453
  endloop
endfacet
facet normal 0.0 0.0 0.0
  outer loop
    vertex 70.0 50.5 19.200000762939453
    vertex 79.875 50.5 19.200000762939453
    vertex 79.875 50.5 20.400001525878906
  endloop
endfacet
facet normal 0.0 0.0 0.0
  outer loop
    vertex 80.0 50.5 20.400001525878906
    vertex 79.875 50.5 20.400001525878906
    vertex 79.875 50.5 19.200000762939453
  endloop
endfacet
facet normal 0.0 0.0 0.0
  outer loop
    vertex 79.875 50.5 19.200000762939453
    vertex 80.0 50.5 19.200000762939453
    vertex 80.0 50.5 20.400001525878906
  endloop
endfacet
facet normal 0.0 0.0 0.0
  outer loop
    vertex 80.0 60.375 20.400001525878906
    vertex 80.0 50.5 20.400001525878906
    vertex 80.0 50.5 19.200000762939453
  endloop
endfacet
facet normal 0.0 0.0 0.0
  outer loop
    vertex 80.0 50.5 19.200000762939453
    vertex 80.0 60.375 19.200000762939453
    vertex 80.0 60.375 20.400001525878906
  endloop
endfacet
facet normal 0.0 0.0 0.0
  outer loop
    vertex 80.0 60.5 20.400001525878906
    vertex 80.0 60.375 20.400001525878906
    vertex 80.0 60.375 19.200000762939453
  endloop
endfacet
facet normal 0.0 0.0 0.0
  outer loop
    vertex 80.0 60.375 19.200000762939453
    vertex 80.0 60.5 19.200000762939453
    vertex 80.0 60.5 20.400001525878906
  endloop
endfacet
facet normal 0.0 0.0 0.0
  outer loop
    vertex 70.125 60.5 20.400001525878906
    vertex 80.0 60.5 20.400001525878906
    vertex 80.0 60.5 19.200000762939453
  endloop
endfacet
facet normal 0.0 0.0 0.0
  outer loop
    vertex 80.0 60.5 19.200000762939453
    vertex 70.125 60.5 19.200000762939453
    vertex 70.125 60.5 20.400001525878906
  endloop
endfacet
facet normal 0.0 0.0 0.0
  outer loop
    vertex 70.0 60.5 20.400001525878906
    vertex 70.125 60.5 20.400001525878906
    vertex 70.125 60.5 19.200000762939453
  endloop
endfacet
facet normal 0.0 0.0 0.0
  outer loop
    vertex 70.125 60.5 19.200000762939453
    vertex 70.0 60.5 19.200000762939453
    vertex 70.0 60.5 20.400001525878906
  endloop
endfacet
facet normal 0.0 0.0 0.0
  outer loop
    vertex 70.0 55.625 20.400001525878906
    vertex 70.0 60.5 20.400001525878906
    vertex 70.0 60.5 19.200000762939453
  endloop
endfacet
facet normal 0.0 0.0 0.0
  outer loop
    vertex 70.0 60.5 19.200000762939453
    vertex 70.0 55.625 19.200000762939453
    vertex 70.0 55.625 20.400001525878906
  endloop
endfacet
facet normal 0.0 0.0 0.0
  outer loop
    vertex 70.0 55.5 20.400001525878906
    vertex 70.0 55.625 20.400001525878906
    vertex 70.0 55.625 19.200000762939453
  endloop
endfacet
facet normal 0.0 0.0 0.0
  outer loop
    vertex 70.0 55.625 19.200000762939453
    vertex 70.0 55.5 19.200000762939453
    vertex 70.0 55.5 20.400001525878906
  endloop
endfacet
facet normal 0.0 0.0 0.0
  outer loop
    vertex 70.0 50.625 20.400001525878906
    vertex 70.0 50.5 20.400001525878906
    vertex 79.875 50.5 20.400001525878906
  endloop
endfacet
facet normal 0.0 0.0 0.0
  outer loop
    vertex 79.875 50.5 20.400001525878906
    vertex 80.0 50.5 20.400001525878906
    vertex 80.0 60.375 20.400001525878906
  endloop
endfacet
facet normal 0.0 0.0 0.0
  outer loop
    vertex 80.0 60.375 20.400001525878906
    vertex 80.0 60.5 20.400001525878906
    vertex 70.125 60.5 20.400001525878906
  endloop
endfacet
facet normal 0.0 0.0 0.0
  outer loop
    vertex 70.125 60.5 20.400001525878906
    vertex 70.0 60.5 20.400001525878906
    vertex 70.0 55.625 20.400001525878906
  endloop
endfacet
facet normal 0.0 0.0 0.0
  outer loop
    vertex 70.0 55.5 20.400001525878906
    vertex 70.0 50.625 20.400001525878906
    vertex 79.875 50.5 20.400001525878906
  endloop
endfacet
facet normal 0.0 0.0 0.0
  outer loop
    vertex 79.875 50.5 20.400001525878906
    vertex 80.0 60.375 20.400001525878906
    vertex 70.125 60.5 20.400001525878906
  endloop
endfacet
facet normal 0.0 0.0 0.0
  outer loop
    vertex 70.125 60.5 20.400001525878906
    vertex 70.0 55.625 20.400001525878906
    vertex 70.0 55.5 20.400001525878906
  endloop
endfacet
facet normal 0.0 0.0 0.0
  outer loop
    vertex 70.0 55.5 20.400001525878906
    vertex 79.875 50.5 20.400001525878906
    vertex 70.125 60.5 20.400001525878906
  endloop
endfacet
facet normal 0.0 0.0 0.0
  outer loop
    vertex -80.0 -60.375 20.400001525878906
    vertex -80.0 -57.0 20.400001525878906
    vertex -80.0 -57.0 19.200000762939453
  endloop
endfacet
facet normal 0.0 0.0 0.0
  outer loop
    vertex -80.0 -57.0 19.200000762939453
    vertex -80.0 -60.375 19.200000762939453
    vertex -80.0 -60.375 20.400001525878906
  endloop
endfacet
facet normal 0.0 0.0 0.0
  outer loop
    vertex -80.0 -60.5 20.400001525878906
    vertex -80.0 -60.375 20.400001525878906
    vertex -80.0 -60.375 19.200000762939453
  endloop
endfacet
facet normal 0.0 0.0 0.0
  outer loop
    vertex -80.0 -60.375 19.200000762939453
    vertex -80.0 -60.5 19.200000762939453
    vertex -80.0 -60.5 20.400001525878906
  endloop
endfacet
facet normal 0.0 0.0 0.0
  outer loop
    vertex -68.125 -60.5 20.400001525878906
    vertex -80.0 -60.5 20.400001525878906
    vertex -80.0 -60.5 19.200000762939453
  endloop
endfacet
facet normal 0.0 0.0 0.0
  outer loop
    vertex -80.0 -60.5 19.200000762939453
    vertex -68.125 -60.5 19.200000762939453
    vertex -68.125 -60.5 20.400001525878906
  endloop
endfacet
facet normal 0.0 0.0 0.0
  outer loop
    vertex -68.0 -60.5 20.400001525878906
    vertex -68.125 -60.5 20.400001525878906
    vertex -68.125 -60.5 19.200000762939453
  endloop
endfacet
facet normal 0.0 0.0 0.0
  outer loop
    vertex -68.125 -60.5 19.200000762939453
    vertex -68.0 -60.5 19.200000762939453
    vertex -68.0 -60.5 20.400001525878906
  endloop
endfacet
facet normal 0.0 0.0 0.0
  outer loop
    vertex -68.0 -53.625 20.400001525878906
    vertex -68.0 -60.5 20.400001525878906
    vertex -68.0 -60.5 19.200000762939453
  endloop
endfacet
facet normal 0.0 0.0 0.0
  outer loop
    vertex -68.0 -60.5 19.200000762939453
    vertex -68.0 -53.625 19.200000762939453
    vertex -68.0 -53.625 20.400001525878906
  endloop
endfacet
facet normal 0.0 0.0 0.0
  outer loop
    vertex -68.0 -53.5 20.400001525878906
    vertex -68.0 -53.625 20.400001525878906
    vertex -68.0 -53.625 19.200000762939453
  endloop
endfacet
facet normal 0.0 0.0 0.0
  outer loop
    vertex -68.0 -53.625 19.200000762939453
    vertex -68.0 -53.5 19.200000762939453
    vertex -68.0 -53.5 20.400001525878906
  endloop
endfacet
facet normal 0.0 0.0 0.0
  outer loop
    vertex -79.875 -53.5 20.400001525878906
    vertex -68.0 -53.5 20.400001525878906
    vertex -68.0 -53.5 19.200000762939453
  endloop
endfacet
facet normal 0.0 0.0 0.0
  outer loop
    vertex -68.0 -53.5 19.200000762939453
    vertex -79.875 -53.5 19.200000762939453
    vertex -79.875 -53.5 20.400001525878906
  endloop
endfacet
facet normal 0.0 0.0 0.0
  outer loop
    vertex -80.0 -53.5 20.400001525878906
    vertex -79.875 -53.5 20.400001525878906
    vertex -79.875 -53.5 19.200000762939453
  endloop
endfacet
facet normal 0.0 0.0 0.0
  outer loop
    vertex -79.875 -53.5 19.200000762939453
    vertex -80.0 -53.5 19.200000762939453
    vertex -80.0 -53.5 20.400001525878906
  endloop
endfacet
facet normal 0.0 0.0 0.0
  outer loop
    vertex -80.0 -56.875 20.400001525878906
    vertex -80.0 -53.5 20.400001525878906
    vertex -80.0 -53.5 19.200000762939453
  endloop
endfacet
facet normal 0.0 0.0 0.0
  outer loop
    vertex -80.0 -53.5 19.200000762939453
    vertex -80.0 -56.875 19.200000762939453
    vertex -80.0 -56.875 20.400001525878906
  endloop
endfacet
facet normal 0.0 0.0 0.0
  outer loop
    vertex -80.0 -57.0 20.400001525878906
    vertex -80.0 -56.875 20.400001525878906
    vertex -80.0 -56.875 19.200000762939453
  endloop
endfacet
facet normal 0.0 0.0 0.0
  outer loop
    vertex -80.0 -56.875 19.200000762939453
    vertex -80.0 -57.0 19.200000762939453
    vertex -80.0 -57.0 20.400001525878906
  endloop
endfacet
facet normal 0.0 0.0 0.0
  outer loop
    vertex -80.0 -60.375 20.400001525878906
    vertex -80.0 -60.5 20.400001525878906
    vertex -68.125 -60.5 20.400001525878906
  endloop
endfacet
facet normal 0.0 0.0 0.0
  outer loop
    vertex -68.125 -60.5 19.200000762939453
    vertex -80.0 -60.5 19.200000762939453
    vertex -80.0 -60.375 19.200000762939453
  endloop
endfacet
facet normal 0.0 0.0 0.0
  outer loop
    vertex -68.125 -60.5 20.400001525878906
    vertex -68.0 -60.5 20.400001525878906
    vertex -68.0 -53.625 20.400001525878906
  endloop
endfacet
facet normal 0.0 0.0 0.0
  outer loop
    vertex -68.0 -53.625 19.200000762939453
    vertex -68.0 -60.5 19.200000762939453
    vertex -68.125 -60.5 19.200000762939453
  endloop
endfacet
facet normal 0.0 0.0 0.0
  outer loop
    vertex -68.0 -53.625 20.400001525878906
    vertex -68.0 -53.5 20.400001525878906
    vertex -79.875 -53.5 20.400001525878906
  endloop
endfacet
facet normal 0.0 0.0 0.0
  outer loop
    vertex -79.875 -53.5 19.200000762939453
    vertex -68.0 -53.5 19.200000762939453
    vertex -68.0 -53.625 19.200000762939453
  endloop
endfacet
facet normal 0.0 0.0 0.0
  outer loop
    vertex -79.875 -53.5 20.400001525878906
    vertex -80.0 -53.5 20.400001525878906
    vertex -80.0 -56.875 20.400001525878906
  endloop
endfacet
facet normal 0.0 0.0 0.0
  outer loop
    vertex -80.0 -56.875 19.200000762939453
    vertex -80.0 -53.5 19.200000762939453
    vertex -79.875 -53.5 19.200000762939453
  endloop
endfacet
facet normal 0.0 0.0 0.0
  outer loop
    vertex -80.0 -57.0 20.400001525878906
    vertex -80.0 -60.375 20.400001525878906
    vertex -68.125 -60.5 20.400001525878906
  endloop
endfacet
facet normal 0.0 0.0 0.0
  outer loop
    vertex -68.125 -60.5 19.200000762939453
    vertex -80.0 -60.375 19.200000762939453
    vertex -80.0 -57.0 19.200000762939453
  endloop
endfacet
facet normal 0.0 0.0 0.0
  outer loop
    vertex -68.125 -60.5 20.400001525878906
    vertex -68.0 -53.625 20.400001525878906
    vertex -79.875 -53.5 20.400001525878906
  endloop
endfacet
facet normal 0.0 0.0 0.0
  outer loop
    vertex -79.875 -53.5 19.200000762939453
    vertex -68.0 -53.625 19.200000762939453
    vertex -68.125 -60.5 19.200000762939453
  endloop
endfacet
facet normal 0.0 0.0 0.0
  outer loop
    vertex -79.875 -53.5 20.400001525878906
    vertex -80.0 -56.875 20.400001525878906
    vertex -80.0 -57.0 20.400001525878906
  endloop
endfacet
facet normal 0.0 0.0 0.0
  outer loop
    vertex -80.0 -57.0 19.200000762939453
    vertex -80.0 -56.875 19.200000762939453
    vertex -79.875 -53.5 19.200000762939453
  endloop
endfacet
facet normal 0.0 0.0 0.0
  outer loop
    vertex -80.0 -57.0 20.400001525878906
    vertex -68.125 -60.5 20.400001525878906
    vertex -79.875 -53.5 20.400001525878906
  endloop
endfacet
facet normal 0.0 0.0 0.0
  outer loop
    vertex -79.875 -53.5 19.200000762939453
    vertex -68.125 -60.5 19.200000762939453
    vertex -80.0 -57.0 19.200000762939453
  endloop
endfacet
facet normal 0.0 0.0 0.0
  outer loop
    vertex -58.0 -60.375 20.400001525878906
    vertex -58.0 -57.0 20.400001525878906
    vertex -58.0 -57.0 19.200000762939453
  endloop
endfacet
facet normal 0.0 0.0 0.0
  outer loop
    vertex -58.0 -57.0 19.200000762939453
    vertex -58.0 -60.375 19.200000762939453
    vertex -58.0 -60.375 20.400001525878906
  endloop
endfacet
facet normal 0.0 0.0 0.0
  outer loop
    vertex -58.0 -60.5 20.400001525878906
    vertex -58.0 -60.375 20.400001525878906
    vertex -58.0 -60.375 19.200000762939453
  endloop
endfacet
facet normal 0.0 0.0 0.0
  outer loop
    vertex -58.0 -60.375 19.200000762939453
    vertex -58.0 -60.5 19.200000762939453
    vertex -58.0 -60.5 20.400001525878906
  endloop
endfacet
facet normal 0.0 0.0 0.0
  outer loop
    vertex -46.125 -60.5 20.400001525878906
    vertex -58.0 -60.5 20.400001525878906
    vertex -58.0 -60.5 19.200000762939453
  endloop
endfacet
facet normal 0.0 0.0 0.0
  outer loop
    vertex -58.0 -60.5 19.200000762939453
    vertex -46.125 -60.5 19.200000762939453
    vertex -46.125 -60.5 20.400001525878906
  endloop
endfacet
facet normal 0.0 0.0 0.0
  outer loop
    vertex -46.0 -60.5 20.400001525878906
    vertex -46.125 -60.5 20.400001525878906
    vertex -46.125 -60.5 19.200000762939453
  endloop
endfacet
facet normal 0.0 0.0 0.0
  outer loop
    vertex -46.125 -60.5 19.200000762939453
    vertex -46.0 -60.5 19.200000762939453
    vertex -46.0 -60.5 20.400001525878906
  endloop
endfacet
facet normal 0.0 0.0 0.0
  outer loop
    vertex -46.0 -53.625 20.400001525878906
    vertex -46.0 -60.5 20.400001525878906
    vertex -46.0 -60.5 19.200000762939453
  endloop
endfacet
facet normal 0.0 0.0 0.0
  outer loop
    vertex -46.0 -60.5 19.200000762939453
    vertex -46.0 -53.625 19.200000762939453
    vertex -46.0 -53.625 20.400001525878906
  endloop
endfacet
facet normal 0.0 0.0 0.0
  outer loop
    vertex -46.0 -53.5 20.400001525878906
    vertex -46.0 -53.625 20.400001525878906
    vertex -46.0 -53.625 19.200000762939453
  endloop
endfacet
facet normal 0.0 0.0 0.0
  outer loop
    vertex -46.0 -53.625 19.200000762939453
    vertex -46.0 -53.5 19.200000762939453
    vertex -46.0 -53.5 20.400001525878906
  endloop
endfacet
facet normal 0.0 0.0 0.0
  outer loop
    vertex -57.875 -53.5 20.400001525878906
    vertex -46.0 -53.5 20.400001525878906
    vertex -46.0 -53.5 19.200000762939453
  endloop
endfacet
facet normal 0.0 0.0 0.0
  outer loop
    vertex -46.0 -53.5 19.200000762939453
    vertex -57.875 -53.5 19.200000762939453
    vertex -57.875 -53.5 20.400001525878906
  endloop
endfacet
facet normal 0.0 0.0 0.0
  outer loop
    vertex -58.0 -53.5 20.400001525878906
    vertex -57.875 -53.5 20.400001525878906
    vertex -57.875 -53.5 19.200000762939453
  endloop
endfacet
facet normal 0.0 0.0 0.0
  outer loop
    vertex -57.875 -53.5 19.200000762939453
    vertex -58.0 -53.5 19.200000762939453
    vertex -58.0 -53.5 20.400001525878906
  endloop
endfacet
facet normal 0.0 0.0 0.0
  outer loop
    vertex -58.0 -56.875 20.400001525878906
    vertex -58.0 -53.5 20.400001525878906
    vertex -58.0 -53.5 19.200000762939453
  endloop
endfacet
facet normal 0.0 0.0 0.0
  outer loop
    vertex -58.0 -53.5 19.200000762939453
    vertex -58.0 -56.875 19.200000762939453
    vertex -58.0 -56.875 20.400001525878906
  endloop
endfacet
facet normal 0.0 0.0 0.0
  outer loop
    vertex -58.0 -57.0 20.400001525878906
    vertex -58.0 -56.875 20.400001525878906
    vertex -58.0 -56.875 19.200000762939453
  endloop
endfacet
facet normal 0.0 0.0 0.0
  outer loop
    vertex -58.0 -56.875 19.200000762939453
    vertex -58.0 -57.0 19.200000762939453
    vertex -58.0 -57.0 20.400001525878906
  endloop
endfacet
facet normal 0.0 0.0 0.0
  outer loop
    vertex -58.0 -60.375 20.400001525878906
    vertex -58.0 -60.5 20.400001525878906
    vertex -46.125 -60.5 20.400001525878906
  endloop
endfacet
facet normal 0.0 0.0 0.0
  outer loop
    vertex -46.125 -60.5 19.200000762939453
    vertex -58.0 -60.5 19.200000762939453
    vertex -58.0 -60.375 19.200000762939453
  endloop
endfacet
facet normal 0.0 0.0 0.0
  outer loop
    vertex -46.125 -60.5 20.400001525878906
    vertex -46.0 -60.5 20.400001525878906
    vertex -46.0 -53.625 20.400001525878906
  endloop
endfacet
facet normal 0.0 0.0 0.0
  outer loop
    vertex -46.0 -53.625 19.200000762939453
    vertex -46.0 -60.5 19.200000762939453
    vertex -46.125 -60.5 19.200000762939453
  endloop
endfacet
facet normal 0.0 0.0 0.0
  outer loop
    vertex -46.0 -53.625 20.400001525878906
    vertex -46.0 -53.5 20.400001525878906
    vertex -57.875 -53.5 20.400001525878906
  endloop
endfacet
facet normal 0.0 0.0 0.0
  outer loop
    vertex -57.875 -53.5 19.200000762939453
    vertex -46.0 -53.5 19.200000762939453
    vertex -46.0 -53.625 19.200000762939453
  endloop
endfacet
facet normal 0.0 0.0 0.0
  outer loop
    vertex -57.875 -53.5 20.400001525878906
    vertex -58.0 -53.5 20.400001525878906
    vertex -58.0 -56.875 20.400001525878906
  endloop
endfacet
facet normal 0.0 0.0 0.0
  outer loop
    vertex -58.0 -56.875 19.200000762939453
    vertex -58.0 -53.5 19.200000762939453
    vertex -57.875 -53.5 19.200000762939453
  endloop
endfacet
facet normal 0.0 0.0 0.0
  outer loop
    vertex -58.0 -57.0 20.400001525878906
    vertex -58.0 -60.375 20.400001525878906
    vertex -46.125 -60.5 20.400001525878906
  endloop
endfacet
facet normal 0.0 0.0 0.0
  outer loop
    vertex -46.125 -60.5 19.200000762939453
    vertex -58.0 -60.375 19.200000762939453
    vertex -58.0 -57.0 19.200000762939453
  endloop
endfacet
facet normal 0.0 0.0 0.0
  outer loop
    vertex -46.125 -60.5 20.400001525878906
    vertex -46.0 -53.625 20.400001525878906
    vertex -57.875 -53.5 20.400001525878906
  endloop
endfacet
facet normal 0.0 0.0 0.0
  outer loop
    vertex -57.875 -53.5 19.200000762939453
    vertex -46.0 -53.625 19.200000762939453
    vertex -46.125 -60.5 19.200000762939453
  endloop
endfacet
facet normal 0.0 0.0 0.0
  outer loop
    vertex -57.875 -53.5 20.400001525878906
    vertex -58.0 -56.875 20.400001525878906
    vertex -58.0 -57.0 20.400001525878906
  endloop
endfacet
facet normal 0.0 0.0 0.0
  outer loop
    vertex -58.0 -57.0 19.200000762939453
    vertex -58.0 -56.875 19.200000762939453
    vertex -57.875 -53.5 19.200000762939453
  endloop
endfacet
facet normal 0.0 0.0 0.0
  outer loop
    vertex -58.0 -57.0 20.400001525878906
    vertex -46.125 -60.5 20.400001525878906
    vertex -57.875 -53.5 20.400001525878906
  endloop
endfacet
facet normal 0.0 0.0 0.0
  outer loop
    vertex -57.875 -53.5 19.200000762939453
    vertex -46.125 -60.5 19.200000762939453
    vertex -58.0 -57.0 19.200000762939453
  endloop
endfacet
facet normal 0.0 0.0 0.0
  outer loop
    vertex -36.0 -60.375 20.400001525878906
    vertex -36.0 -57.0 20.400001525878906
    vertex -36.0 -57.0 19.200000762939453
  endloop
endfacet
facet normal 0.0 0.0 0.0
  outer loop
    vertex -36.0 -57.0 19.200000762939453
    vertex -36.0 -60.375 19.200000762939453
    vertex -36.0 -60.375 20.400001525878906
  endloop
endfacet
facet normal 0.0 0.0 0.0
  outer loop
    vertex -36.0 -60.5 20.400001525878906
    vertex -36.0 -60.375 20.400001525878906
    vertex -36.0 -60.375 19.200000762939453
  endloop
endfacet
facet normal 0.0 0.0 0.0
  outer loop
    vertex -36.0 -60.375 19.200000762939453
    vertex -36.0 -60.5 19.200000762939453
    vertex -36.0 -60.5 20.400001525878906
  endloop
endfacet
facet normal 0.0 0.0 0.0
  outer loop
    vertex -24.125 -60.5 20.400001525878906
    vertex -36.0 -60.5 20.400001525878906
    vertex -36.0 -60.5 19.200000762939453
  endloop
endfacet
facet normal 0.0 0.0 0.0
  outer loop
    vertex -36.0 -60.5 19.200000762939453
    vertex -24.125 -60.5 19.200000762939453
    vertex -24.125 -60.5 20.400001525878906
  endloop
endfacet
facet normal 0.0 0.0 0.0
  outer loop
    vertex -24.0 -60.5 20.400001525878906
    vertex -24.125 -60.5 20.400001525878906
    vertex -24.125 -60.5 19.200000762939453
  endloop
endfacet
facet normal 0.0 0.0 0.0
  outer loop
    vertex -24.125 -60.5 19.200000762939453
    vertex -24.0 -60.5 19.200000762939453
    vertex -24.0 -60.5 20.400001525878906
  endloop
endfacet
facet normal 0.0 0.0 0.0
  outer loop
    vertex -24.0 -53.625 20.400001525878906
    vertex -24.0 -60.5 20.400001525878906
    vertex -24.0 -60.5 19.200000762939453
  endloop
endfacet
facet normal 0.0 0.0 0.0
  outer loop
    vertex -24.0 -60.5 19.200000762939453
    vertex -24.0 -53.625 19.200000762939453
    vertex -24.0 -53.625 20.400001525878906
  endloop
endfacet
facet normal 0.0 0.0 0.0
  outer loop
    vertex -24.0 -53.5 20.400001525878906
    vertex -24.0 -53.625 20.400001525878906
    vertex -24.0 -53.625 19.200000762939453
  endloop
endfacet
facet normal 0.0 0.0 0.0
  outer loop
    vertex -24.0 -53.625 19.200000762939453
    vertex -24.0 -53.5 19.200000762939453
    vertex -24.0 -53.5 20.400001525878906
  endloop
endfacet
facet normal 0.0 0.0 0.0
  outer loop
    vertex -35.875 -53.5 20.400001525878906
    vertex -24.0 -53.5 20.400001525878906
    vertex -24.0 -53.5 19.200000762939453
  endloop
endfacet
facet normal 0.0 0.0 0.0
  outer loop
    vertex -24.0 -53.5 19.200000762939453
    vertex -35.875 -53.5 19.200000762939453
    vertex -35.875 -53.5 20.400001525878906
  endloop
endfacet
facet normal 0.0 0.0 0.0
  outer loop
    vertex -36.0 -53.5 20.400001525878906
    vertex -35.875 -53.5 20.400001525878906
    vertex -35.875 -53.5 19.200000762939453
  endloop
endfacet
facet normal 0.0 0.0 0.0
  outer loop
    vertex -35.875 -53.5 19.200000762939453
    vertex -36.0 -53.5 19.200000762939453
    vertex -36.0 -53.5 20.400001525878906
  endloop
endfacet
facet normal 0.0 0.0 0.0
  outer loop
    vertex -36.0 -56.875 20.400001525878906
    vertex -36.0 -53.5 20.400001525878906
    vertex -36.0 -53.5 19.200000762939453
  endloop
endfacet
facet normal 0.0 0.0 0.0
  outer loop
    vertex -36.0 -53.5 19.200000762939453
    vertex -36.0 -56.875 19.200000762939453
    vertex -36.0 -56.875 20.400001525878906
  endloop
endfacet
facet normal 0.0 0.0 0.0
  outer loop
    vertex -36.0 -57.0 20.400001525878906
    vertex -36.0 -56.875 20.400001525878906
    vertex -36.0 -56.875 19.200000762939453
  endloop
endfacet
facet normal 0.0 0.0 0.0
  outer loop
    vertex -36.0 -56.875 19.200000762939453
    vertex -36.0 -57.0 19.200000762939453
    vertex -36.0 -57.0 20.400001525878906
  endloop
endfacet
facet normal 0.0 0.0 0.0
  outer loop
    vertex -36.0 -60.375 20.400001525878906
    vertex -36.0 -60.5 20.400001525878906
    vertex -24.125 -60.5 20.400001525878906
  endloop
endfacet
facet normal 0.0 0.0 0.0
  outer loop
    vertex -24.125 -60.5 19.200000762939453
    vertex -36.0 -60.5 19.200000762939453
    vertex -36.0 -60.375 19.200000762939453
  endloop
endfacet
facet normal 0.0 0.0 0.0
  outer loop
    vertex -24.125 -60.5 20.400001525878906
    vertex -24.0 -60.5 20.400001525878906
    vertex -24.0 -53.625 20.400001525878906
  endloop
endfacet
facet normal 0.0 0.0 0.0
  outer loop
    vertex -24.0 -53.625 19.200000762939453
    vertex -24.0 -60.5 19.200000762939453
    vertex -24.125 -60.5 19.200000762939453
  endloop
endfacet
facet normal 0.0 0.0 0.0
  outer loop
    vertex -24.0 -53.625 20.400001525878906
    vertex -24.0 -53.5 20.400001525878906
    vertex -35.875 -53.5 20.400001525878906
  endloop
endfacet
facet normal 0.0 0.0 0.0
  outer loop
    vertex -35.875 -53.5 19.200000762939453
    vertex -24.0 -53.5 19.200000762939453
    vertex -24.0 -53.625 19.200000762939453
  endloop
endfacet
facet normal 0.0 0.0 0.0
  outer loop
    vertex -35.875 -53.5 20.400001525878906
    vertex -36.0 -53.5 20.400001525878906
    vertex -36.0 -56.875 20.400001525878906
  endloop
endfacet
facet normal 0.0 0.0 0.0
  outer loop
    vertex -36.0 -56.875 19.200000762939453
    vertex -36.0 -53.5 19.200000762939453
    vertex -35.875 -53.5 19.200000762939453
  endloop
endfacet
facet normal 0.0 0.0 0.0
  outer loop
    vertex -36.0 -57.0 20.400001525878906
    vertex -36.0 -60.375 20.400001525878906
    vertex -24.125 -60.5 20.400001525878906
  endloop
endfacet
facet normal 0.0 0.0 0.0
  outer loop
    vertex -24.125 -60.5 19.200000762939453
    vertex -36.0 -60.375 19.200000762939453
    vertex -36.0 -57.0 19.200000762939453
  endloop
endfacet
facet normal 0.0 0.0 0.0
  outer loop
    vertex -24.125 -60.5 20.400001525878906
    vertex -24.0 -53.625 20.400001525878906
    vertex -35.875 -53.5 20.400001525878906
  endloop
endfacet
facet normal 0.0 0.0 0.0
  outer loop
    vertex -35.875 -53.5 19.200000762939453
    vertex -24.0 -53.625 19.200000762939453
    vertex -24.125 -60.5 19.200000762939453
  endloop
endfacet
facet normal 0.0 0.0 0.0
  outer loop
    vertex -35.875 -53.5 20.400001525878906
    vertex -36.0 -56.875 20.400001525878906
    vertex -36.0 -57.0 20.400001525878906
  endloop
endfacet
facet normal 0.0 0.0 0.0
  outer loop
    vertex -36.0 -57.0 19.200000762939453
    vertex -36.0 -56.875 19.200000762939453
    vertex -35.875 -53.5 19.200000762939453
  endloop
endfacet
facet normal 0.0 0.0 0.0
  outer loop
    vertex -36.0 -57.0 20.400001525878906
    vertex -24.125 -60.5 20.400001525878906
    vertex -35.875 -53.5 20.400001525878906
  endloop
endfacet
facet normal 0.0 0.0 0.0
  outer loop
    vertex -35.875 -53.5 19.200000762939453
    vertex -24.125 -60.5 19.200000762939453
    vertex -36.0 -57.0 19.200000762939453
  endloop
endfacet
facet normal 0.0 0.0 0.0
  outer loop
    vertex -14.0 -60.375 20.400001525878906
    vertex -14.0 -57.0 20.400001525878906
    vertex -14.0 -57.0 19.200000762939453
  endloop
endfacet
facet normal 0.0 0.0 0.0
  outer loop
    vertex -14.0 -57.0 19.200000762939453
    vertex -14.0 -60.375 19.200000762939453
    vertex -14.0 -60.375 20.400001525878906
  endloop
endfacet
facet normal 0.0 0.0 0.0
  outer loop
    vertex -14.0 -60.5 20.400001525878906
    vertex -14.0 -60.375 20.400001525878906
    vertex -14.0 -60.375 19.200000762939453
  endloop
endfacet
facet normal 0.0 0.0 0.0
  outer loop
    vertex -14.0 -60.375 19.200000762939453
    vertex -14.0 -60.5 19.200000762939453
    vertex -14.0 -60.5 20.400001525878906
  endloop
endfacet
facet normal 0.0 0.0 0.0
  outer loop
    vertex -2.125 -60.5 20.400001525878906
    vertex -14.0 -60.5 20.400001525878906
    vertex -14.0 -60.5 19.200000762939453
  endloop
endfacet
facet normal 0.0 0.0 0.0
  outer loop
    vertex -14.0 -60.5 19.200000762939453
    vertex -2.125 -60.5 19.200000762939453
    vertex -2.125 -60.5 20.400001525878906
  endloop
endfacet
facet normal 0.0 0.0 0.0
  outer loop
    vertex -2.0 -60.5 20.400001525878906
    vertex -2.125 -60.5 20.400001525878906
    vertex -2.125 -60.5 19.200000762939453
  endloop
endfacet
facet normal 0.0 0.0 0.0
  outer loop
    vertex -2.125 -60.5 19.200000762939453
    vertex -2.0 -60.5 19.200000762939453
    vertex -2.0 -60.5 20.400001525878906
  endloop
endfacet
facet normal 0.0 0.0 0.0
  outer loop
    vertex -2.0 -53.625 20.400001525878906
    vertex -2.0 -60.5 20.400001525878906
    vertex -2.0 -60.5 19.200000762939453
  endloop
endfacet
facet normal 0.0 0.0 0.0
  outer loop
    vertex -2.0 -60.5 19.200000762939453
    vertex -2.0 -53.625 19.200000762939453
    vertex -2.0 -53.625 20.400001525878906
  endloop
endfacet
facet normal 0.0 0.0 0.0
  outer loop
    vertex -2.0 -53.5 20.400001525878906
    vertex -2.0 -53.625 20.400001525878906
    vertex -2.0 -53.625 19.200000762939453
  endloop
endfacet
facet normal 0.0 0.0 0.0
  outer loop
    vertex -2.0 -53.625 19.200000762939453
    vertex -2.0 -53.5 19.200000762939453
    vertex -2.0 -53.5 20.400001525878906
  endloop
endfacet
facet normal 0.0 0.0 0.0
  outer loop
    vertex -13.875 -53.5 20.400001525878906
    vertex -2.0 -53.5 20.400001525878906
    vertex -2.0 -53.5 19.200000762939453
  endloop
endfacet
facet normal 0.0 0.0 0.0
  outer loop
    vertex -2.0 -53.5 19.200000762939453
    vertex -13.875 -53.5 19.200000762939453
    vertex -13.875 -53.5 20.400001525878906
  endloop
endfacet
facet normal 0.0 0.0 0.0
  outer loop
    vertex -14.0 -53.5 20.400001525878906
    vertex -13.875 -53.5 20.400001525878906
    vertex -13.875 -53.5 19.200000762939453
  endloop
endfacet
facet normal 0.0 0.0 0.0
  outer loop
    vertex -13.875 -53.5 19.200000762939453
    vertex -14.0 -53.5 19.200000762939453
    vertex -14.0 -53.5 20.400001525878906
  endloop
endfacet
facet normal 0.0 0.0 0.0
  outer loop
    vertex -14.0 -56.875 20.400001525878906
    vertex -14.0 -53.5 20.400001525878906
    vertex -14.0 -53.5 19.200000762939453
  endloop
endfacet
facet normal 0.0 0.0 0.0
  outer loop
    vertex -14.0 -53.5 19.200000762939453
    vertex -14.0 -56.875 19.200000762939453
    vertex -14.0 -56.875 20.400001525878906
  endloop
endfacet
facet normal 0.0 0.0 0.0
  outer loop
    vertex -14.0 -57.0 20.400001525878906
    vertex -14.0 -56.875 20.400001525878906
    vertex -14.0 -56.875 19.200000762939453
  endloop
endfacet
facet normal 0.0 0.0 0.0
  outer loop
    vertex -14.0 -56.875 19.200000762939453
    vertex -14.0 -57.0 19.200000762939453
    vertex -14.0 -57.0 20.400001525878906
  endloop
endfacet
facet normal 0.0 0.0 0.0
  outer loop
    vertex -14.0 -60.375 20.400001525878906
    vertex -14.0 -60.5 20.400001525878906
    vertex -2.125 -60.5 20.400001525878906
  endloop
endfacet
facet normal 0.0 0.0 0.0
  outer loop
    vertex -2.125 -60.5 19.200000762939453
    vertex -14.0 -60.5 19.200000762939453
    vertex -14.0 -60.375 19.200000762939453
  endloop
endfacet
facet normal 0.0 0.0 0.0
  outer loop
    vertex -2.125 -60.5 20.400001525878906
    vertex -2.0 -60.5 20.400001525878906
    vertex -2.0 -53.625 20.400001525878906
  endloop
endfacet
facet normal 0.0 0.0 0.0
  outer loop
    vertex -2.0 -53.625 19.200000762939453
    vertex -2.0 -60.5 19.200000762939453
    vertex -2.125 -60.5 19.200000762939453
  endloop
endfacet
facet normal 0.0 0.0 0.0
  outer loop
    vertex -2.0 -53.625 20.400001525878906
    vertex -2.0 -53.5 20.400001525878906
    vertex -13.875 -53.5 20.400001525878906
  endloop
endfacet
facet normal 0.0 0.0 0.0
  outer loop
    vertex -13.875 -53.5 19.200000762939453
    vertex -2.0 -53.5 19.200000762939453
    vertex -2.0 -53.625 19.200000762939453
  endloop
endfacet
facet normal 0.0 0.0 0.0
  outer loop
    vertex -13.875 -53.5 20.400001525878906
    vertex -14.0 -53.5 20.400001525878906
    vertex -14.0 -56.875 20.400001525878906
  endloop
endfacet
facet normal 0.0 0.0 0.0
  outer loop
    vertex -14.0 -56.875 19.200000762939453
    vertex -14.0 -53.5 19.200000762939453
    vertex -13.875 -53.5 19.200000762939453
  endloop
endfacet
facet normal 0.0 0.0 0.0
  outer loop
    vertex -14.0 -57.0 20.400001525878906
    vertex -14.0 -60.375 20.400001525878906
    vertex -2.125 -60.5 20.400001525878906
  endloop
endfacet
facet normal 0.0 0.0 0.0
  outer loop
    vertex -2.125 -60.5 19.200000762939453
    vertex -14.0 -60.375 19.200000762939453
    vertex -14.0 -57.0 19.200000762939453
  endloop
endfacet
facet normal 0.0 0.0 0.0
  outer loop
    vertex -2.125 -60.5 20.400001525878906
    vertex -2.0 -53.625 20.400001525878906
    vertex -13.875 -53.5 20.400001525878906
  endloop
endfacet
facet normal 0.0 0.0 0.0
  outer loop
    vertex -13.875 -53.5 19.200000762939453
    vertex -2.0 -53.625 19.200000762939453
    vertex -2.125 -60.5 19.200000762939453
  endloop
endfacet
facet normal 0.0 0.0 0.0
  outer loop
    vertex -13.875 -53.5 20.400001525878906
    vertex -14.0 -56.875 20.400001525878906
    vertex -14.0 -57.0 20.400001525878906
  endloop
endfacet
facet normal 0.0 0.0 0.0
  outer loop
    vertex -14.0 -57.0 19.200000762939453
    vertex -14.0 -56.875 19.200000762939453
    vertex -13.875 -53.5 19.200000762939453
  endloop
endfacet
facet normal 0.0 0.0 0.0
  outer loop
    vertex -14.0 -57.0 20.400001525878906
    vertex -2.125 -60.5 20.400001525878906
    vertex -13.875 -53.5 20.400001525878906
  endloop
endfacet
facet normal 0.0 0.0 0.0
  outer loop
    vertex -13.875 -53.5 19.200000762939453
    vertex -2.125 -60.5 19.200000762939453
    vertex -14.0 -57.0 19.200000762939453
  endloop
endfacet
facet normal 0.0 0.0 0.0
  outer loop
    vertex 8.0 -60.375 20.400001525878906
    vertex 8.0 -57.0 20.400001525878906
    vertex 8.0 -57.0 19.200000762939453
  endloop
endfacet
facet normal 0.0 0.0 0.0
  outer loop
    vertex 8.0 -57.0 19.200000762939453
    vertex 8.0 -60.375 19.200000762939453
    vertex 8.0 -60.375 20.400001525878906
  endloop
endfacet
facet normal 0.0 0.0 0.0
  outer loop
    vertex 8.0 -60.5 20.400001525878906
    vertex 8.0 -60.375 20.400001525878906
    vertex 8.0 -60.375 19.200000762939453
  endloop
endfacet
facet normal 0.0 0.0 0.0
  outer loop
    vertex 8.0 -60.375 19.200000762939453
    vertex 8.0 -60.5 19.200000762939453
    vertex 8.0 -60.5 20.400001525878906
  endloop
endfacet
facet normal 0.0 0.0 0.0
  outer loop
    vertex 19.875 -60.5 20.400001525878906
    vertex 8.0 -60.5 20.400001525878906
    vertex 8.0 -60.5 19.200000762939453
  endloop
endfacet
facet normal 0.0 0.0 0.0
  outer loop
    vertex 8.0 -60.5 19.200000762939453
    vertex 19.875 -60.5 19.200000762939453
    vertex 19.875 -60.5 20.400001525878906
  endloop
endfacet
facet normal 0.0 0.0 0.0
  outer loop
    vertex 20.0 -60.5 20.400001525878906
    vertex 19.875 -60.5 20.400001525878906
    vertex 19.875 -60.5 19.200000762939453
  endloop
endfacet
facet normal 0.0 0.0 0.0
  outer loop
    vertex 19.875 -60.5 19.200000762939453
    vertex 20.0 -60.5 19.200000762939453
    vertex 20.0 -60.5 20.400001525878906
  endloop
endfacet
facet normal 0.0 0.0 0.0
  outer loop
    vertex 20.0 -53.625 20.400001525878906
    vertex 20.0 -60.5 20.400001525878906
    vertex 20.0 -60.5 19.200000762939453
  endloop
endfacet
facet normal 0.0 0.0 0.0
  outer loop
    vertex 20.0 -60.5 19.200000762939453
    vertex 20.0 -53.625 19.200000762939453
    vertex 20.0 -53.625 20.400001525878906
  endloop
endfacet
facet normal 0.0 0.0 0.0
  outer loop
    vertex 20.0 -53.5 20.400001525878906
    vertex 20.0 -53.625 20.400001525878906
    vertex 20.0 -53.625 19.200000762939453
  endloop
endfacet
facet normal 0.0 0.0 0.0
  outer loop
    vertex 20.0 -53.625 19.200000762939453
    vertex 20.0 -53.5 19.200000762939453
    vertex 20.0 -53.5 20.400001525878906
  endloop
endfacet
facet normal 0.0 0.0 0.0
  outer loop
    vertex 8.125 -53.5 20.400001525878906
    vertex 20.0 -53.5 20.400001525878906
    vertex 20.0 -53.5 19.200000762939453
  endloop
endfacet
facet normal 0.0 0.0 0.0
  outer loop
    vertex 20.0 -53.5 19.200000762939453
    vertex 8.125 -53.5 19.200000762939453
    vertex 8.125 -53.5 20.400001525878906
  endloop
endfacet
facet normal 0.0 0.0 0.0
  outer loop
    vertex 8.0 -53.5 20.400001525878906
    vertex 8.125 -53.5 20.400001525878906
    vertex 8.125 -53.5 19.200000762939453
  endloop
endfacet
facet normal 0.0 0.0 0.0
  outer loop
    vertex 8.125 -53.5 19.200000762939453
    vertex 8.0 -53.5 19.200000762939453
    vertex 8.0 -53.5 20.400001525878906
  endloop
endfacet
facet normal 0.0 0.0 0.0
  outer loop
    vertex 8.0 -56.875 20.400001525878906
    vertex 8.0 -53.5 20.400001525878906
    vertex 8.0 -53.5 19.200000762939453
  endloop
endfacet
facet normal 0.0 0.0 0.0
  outer loop
    vertex 8.0 -53.5 19.200000762939453
    vertex 8.0 -56.875 19.200000762939453
    vertex 8.0 -56.875 20.400001525878906
  endloop
endfacet
facet normal 0.0 0.0 0.0
  outer loop
    vertex 8.0 -57.0 20.400001525878906
    vertex 8.0 -56.875 20.400001525878906
    vertex 8.0 -56.875 19.200000762939453
  endloop
endfacet
facet normal 0.0 0.0 0.0
  outer loop
    vertex 8.0 -56.875 19.200000762939453
    vertex 8.0 -57.0 19.200000762939453
    vertex 8.0 -57.0 20.400001525878906
  endloop
endfacet
facet normal 0.0 0.0 0.0
  outer loop
    vertex 8.0 -60.375 20.400001525878906
    vertex 8.0 -60.5 20.400001525878906
    vertex 19.875 -60.5 20.400001525878906
  endloop
endfacet
facet normal 0.0 0.0 0.0
  outer loop
    vertex 19.875 -60.5 19.200000762939453
    vertex 8.0 -60.5 19.200000762939453
    vertex 8.0 -60.375 19.200000762939453
  endloop
endfacet
facet normal 0.0 0.0 0.0
  outer loop
    vertex 19.875 -60.5 20.400001525878906
    vertex 20.0 -60.5 20.400001525878906
    vertex 20.0 -53.625 20.400001525878906
  endloop
endfacet
facet normal 0.0 0.0 0.0
  outer loop
    vertex 20.0 -53.625 19.200000762939453
    vertex 20.0 -60.5 19.200000762939453
    vertex 19.875 -60.5 19.200000762939453
  endloop
endfacet
facet normal 0.0 0.0 0.0
  outer loop
    vertex 20.0 -53.625 20.400001525878906
    vertex 20.0 -53.5 20.400001525878906
    vertex 8.125 -53.5 20.400001525878906
  endloop
endfacet
facet normal 0.0 0.0 0.0
  outer loop
    vertex 8.125 -53.5 19.200000762939453
    vertex 20.0 -53.5 19.200000762939453
    vertex 20.0 -53.625 19.200000762939453
  endloop
endfacet
facet normal 0.0 0.0 0.0
  outer loop
    vertex 8.125 -53.5 20.400001525878906
    vertex 8.0 -53.5 20.400001525878906
    vertex 8.0 -56.875 20.400001525878906
  endloop
endfacet
facet normal 0.0 0.0 0.0
  outer loop
    vertex 8.0 -56.875 19.200000762939453
    vertex 8.0 -53.5 19.200000762939453
    vertex 8.125 -53.5 19.200000762939453
  endloop
endfacet
facet normal 0.0 0.0 0.0
  outer loop
    vertex 8.0 -57.0 20.400001525878906
    vertex 8.0 -60.375 20.400001525878906
    vertex 19.875 -60.5 20.400001525878906
  endloop
endfacet
facet normal 0.0 0.0 0.0
  outer loop
    vertex 19.875 -60.5 19.200000762939453
    vertex 8.0 -60.375 19.200000762939453
    vertex 8.0 -57.0 19.200000762939453
  endloop
endfacet
facet normal 0.0 0.0 0.0
  outer loop
    vertex 19.875 -60.5 20.400001525878906
    vertex 20.0 -53.625 20.400001525878906
    vertex 8.125 -53.5 20.400001525878906
  endloop
endfacet
facet normal 0.0 0.0 0.0
  outer loop
    vertex 8.125 -53.5 19.200000762939453
    vertex 20.0 -53.625 19.200000762939453
    vertex 19.875 -60.5 19.200000762939453
  endloop
endfacet
facet normal 0.0 0.0 0.0
  outer loop
    vertex 8.125 -53.5 20.400001525878906
    vertex 8.0 -56.875 20.400001525878906
    vertex 8.0 -57.0 20.400001525878906
  endloop
endfacet
facet normal 0.0 0.0 0.0
  outer loop
    vertex 8.0 -57.0 19.200000762939453
    vertex 8.0 -56.875 19.200000762939453
    vertex 8.125 -53.5 19.200000762939453
  endloop
endfacet
facet normal 0.0 0.0 0.0
  outer loop
    vertex 8.0 -57.0 20.400001525878906
    vertex 19.875 -60.5 20.400001525878906
    vertex 8.125 -53.5 20.400001525878906
  endloop
endfacet
facet normal 0.0 0.0 0.0
  outer loop
    vertex 8.125 -53.5 19.200000762939453
    vertex 19.875 -60.5 19.200000762939453
    vertex 8.0 -57.0 19.200000762939453
  endloop
endfacet
facet normal 0.0 0.0 0.0
  outer loop
    vertex 30.0 -60.375 20.400001525878906
    vertex 30.0 -57.0 20.400001525878906
    vertex 30.0 -57.0 19.200000762939453
  endloop
endfacet
facet normal 0.0 0.0 0.0
  outer loop
    vertex 30.0 -57.0 19.200000762939453
    vertex 30.0 -60.375 19.200000762939453
    vertex 30.0 -60.375 20.400001525878906
  endloop
endfacet
facet normal 0.0 0.0 0.0
  outer loop
    vertex 30.0 -60.5 20.400001525878906
    vertex 30.0 -60.375 20.400001525878906
    vertex 30.0 -60.375 19.200000762939453
  endloop
endfacet
facet normal 0.0 0.0 0.0
  outer loop
    vertex 30.0 -60.375 19.200000762939453
    vertex 30.0 -60.5 19.200000762939453
    vertex 30.0 -60.5 20.400001525878906
  endloop
endfacet
facet normal 0.0 0.0 0.0
  outer loop
    vertex 41.875 -60.5 20.400001525878906
    vertex 30.0 -60.5 20.400001525878906
    vertex 30.0 -60.5 19.200000762939453
  endloop
endfacet
facet normal 0.0 0.0 0.0
  outer loop
    vertex 30.0 -60.5 19.200000762939453
    vertex 41.875 -60.5 19.200000762939453
    vertex 41.875 -60.5 20.400001525878906
  endloop
endfacet
facet normal 0.0 0.0 0.0
  outer loop
    vertex 42.0 -60.5 20.400001525878906
    vertex 41.875 -60.5 20.400001525878906
    vertex 41.875 -60.5 19.200000762939453
  endloop
endfacet
facet normal 0.0 0.0 0.0
  outer loop
    vertex 41.875 -60.5 19.200000762939453
    vertex 42.0 -60.5 19.200000762939453
    vertex 42.0 -60.5 20.400001525878906
  endloop
endfacet
facet normal 0.0 0.0 0.0
  outer loop
    vertex 42.0 -53.625 20.400001525878906
    vertex 42.0 -60.5 20.400001525878906
    vertex 42.0 -60.5 19.200000762939453
  endloop
endfacet
facet normal 0.0 0.0 0.0
  outer loop
    vertex 42.0 -60.5 19.200000762939453
    vertex 42.0 -53.625 19.200000762939453
    vertex 42.0 -53.625 20.400001525878906
  endloop
endfacet
facet normal 0.0 0.0 0.0
  outer loop
    vertex 42.0 -53.5 20.400001525878906
    vertex 42.0 -53.625 20.400001525878906
    vertex 42.0 -53.625 19.200000762939453
  endloop
endfacet
facet normal 0.0 0.0 0.0
  outer loop
    vertex 42.0 -53.625 19.200000762939453
    vertex 42.0 -53.5 19.200000762939453
    vertex 42.0 -53.5 20.400001525878906
  endloop
endfacet
facet normal 0.0 0.0 0.0
  outer loop
    vertex 30.125 -53.5 20.400001525878906
    vertex 42.0 -53.5 20.400001525878906
    vertex 42.0 -53.5 19.200000762939453
  endloop
endfacet
facet normal 0.0 0.0 0.0
  outer loop
    vertex 42.0 -53.5 19.200000762939453
    vertex 30.125 -53.5 19.200000762939453
    vertex 30.125 -53.5 20.400001525878906
  endloop
endfacet
facet normal 0.0 0.0 0.0
  outer loop
    vertex 30.0 -53.5 20.400001525878906
    vertex 30.125 -53.5 20.400001525878906
    vertex 30.125 -53.5 19.200000762939453
  endloop
endfacet
facet normal 0.0 0.0 0.0
  outer loop
    vertex 30.125 -53.5 19.200000762939453
    vertex 30.0 -53.5 19.200000762939453
    vertex 30.0 -53.5 20.400001525878906
  endloop
endfacet
facet normal 0.0 0.0 0.0
  outer loop
    vertex 30.0 -56.875 20.400001525878906
    vertex 30.0 -53.5 20.400001525878906
    vertex 30.0 -53.5 19.200000762939453
  endloop
endfacet
facet normal 0.0 0.0 0.0
  outer loop
    vertex 30.0 -53.5 19.200000762939453
    vertex 30.0 -56.875 19.200000762939453
    vertex 30.0 -56.875 20.400001525878906
  endloop
endfacet
facet normal 0.0 0.0 0.0
  outer loop
    vertex 30.0 -57.0 20.400001525878906
    vertex 30.0 -56.875 20.400001525878906
    vertex 30.0 -56.875 19.200000762939453
  endloop
endfacet
facet normal 0.0 0.0 0.0
  outer loop
    vertex 30.0 -56.875 19.200000762939453
    vertex 30.0 -57.0 19.200000762939453
    vertex 30.0 -57.0 20.400001525878906
  endloop
endfacet
facet normal 0.0 0.0 0.0
  outer loop
    vertex 30.0 -60.375 20.400001525878906
    vertex 30.0 -60.5 20.400001525878906
    vertex 41.875 -60.5 20.400001525878906
  endloop
endfacet
facet normal 0.0 0.0 0.0
  outer loop
    vertex 41.875 -60.5 19.200000762939453
    vertex 30.0 -60.5 19.200000762939453
    vertex 30.0 -60.375 19.200000762939453
  endloop
endfacet
facet normal 0.0 0.0 0.0
  outer loop
    vertex 41.875 -60.5 20.400001525878906
    vertex 42.0 -60.5 20.400001525878906
    vertex 42.0 -53.625 20.400001525878906
  endloop
endfacet
facet normal 0.0 0.0 0.0
  outer loop
    vertex 42.0 -53.625 19.200000762939453
    vertex 42.0 -60.5 19.200000762939453
    vertex 41.875 -60.5 19.200000762939453
  endloop
endfacet
facet normal 0.0 0.0 0.0
  outer loop
    vertex 42.0 -53.625 20.400001525878906
    vertex 42.0 -53.5 20.400001525878906
    vertex 30.125 -53.5 20.400001525878906
  endloop
endfacet
facet normal 0.0 0.0 0.0
  outer loop
    vertex 30.125 -53.5 19.200000762939453
    vertex 42.0 -53.5 19.200000762939453
    vertex 42.0 -53.625 19.200000762939453
  endloop
endfacet
facet normal 0.0 0.0 0.0
  outer loop
    vertex 30.125 -53.5 20.400001525878906
    vertex 30.0 -53.5 20.400001525878906
    vertex 30.0 -56.875 20.400001525878906
  endloop
endfacet
facet normal 0.0 0.0 0.0
  outer loop
    vertex 30.0 -56.875 19.200000762939453
    vertex 30.0 -53.5 19.200000762939453
    vertex 30.125 -53.5 19.200000762939453
  endloop
endfacet
facet normal 0.0 0.0 0.0
  outer loop
    vertex 30.0 -57.0 20.400001525878906
    vertex 30.0 -60.375 20.400001525878906
    vertex 41.875 -60.5 20.400001525878906
  endloop
endfacet
facet normal 0.0 0.0 0.0
  outer loop
    vertex 41.875 -60.5 19.200000762939453
    vertex 30.0 -60.375 19.200000762939453
    vertex 30.0 -57.0 19.200000762939453
  endloop
endfacet
facet normal 0.0 0.0 0.0
  outer loop
    vertex 41.875 -60.5 20.400001525878906
    vertex 42.0 -53.625 20.400001525878906
    vertex 30.125 -53.5 20.400001525878906
  endloop
endfacet
facet normal 0.0 0.0 0.0
  outer loop
    vertex 30.125 -53.5 19.200000762939453
    vertex 42.0 -53.625 19.200000762939453
    vertex 41.875 -60.5 19.200000762939453
  endloop
endfacet
facet normal 0.0 0.0 0.0
  outer loop
    vertex 30.125 -53.5 20.400001525878906
    vertex 30.0 -56.875 20.400001525878906
    vertex 30.0 -57.0 20.400001525878906
  endloop
endfacet
facet normal 0.0 0.0 0.0
  outer loop
    vertex 30.0 -57.0 19.200000762939453
    vertex 30.0 -56.875 19.200000762939453
    vertex 30.125 -53.5 19.200000762939453
  endloop
endfacet
facet normal 0.0 0.0 0.0
  outer loop
    vertex 30.0 -57.0 20.400001525878906
    vertex 41.875 -60.5 20.400001525878906
    vertex 30.125 -53.5 20.400001525878906
  endloop
endfacet
facet normal 0.0 0.0 0.0
  outer loop
    vertex 30.125 -53.5 19.200000762939453
    vertex 41.875 -60.5 19.200000762939453
    vertex 30.0 -57.0 19.200000762939453
  endloop
endfacet
facet normal 0.0 0.0 0.0
  outer loop
    vertex -80.0 53.625 20.400001525878906
    vertex -80.0 57.0 20.400001525878906
    vertex -80.0 57.0 19.200000762939453
  endloop
endfacet
facet normal 0.0 0.0 0.0
  outer loop
    vertex -80.0 57.0 19.200000762939453
    vertex -80.0 53.625 19.200000762939453
    vertex -80.0 53.625 20.400001525878906
  endloop
endfacet
facet normal 0.0 0.0 0.0
  outer loop
    vertex -80.0 53.5 20.400001525878906
    vertex -80.0 53.625 20.400001525878906
    vertex -80.0 53.625 19.200000762939453
  endloop
endfacet
facet normal 0.0 0.0 0.0
  outer loop
    vertex -80.0 53.625 19.200000762939453
    vertex -80.0 53.5 19.200000762939453
    vertex -80.0 53.5 20.400001525878906
  endloop
endfacet
facet normal 0.0 0.0 0.0
  outer loop
    vertex -74.125 53.5 20.400001525878906
    vertex -80.0 53.5 20.400001525878906
    vertex -80.0 53.5 19.200000762939453
  endloop
endfacet
facet normal 0.0 0.0 0.0
  outer loop
    vertex -80.0 53.5 19.200000762939453
    vertex -74.125 53.5 19.200000762939453
    vertex -74.125 53.5 20.400001525878906
  endloop
endfacet
facet normal 0.0 0.0 0.0
  outer loop
    vertex -74.0 53.5 20.400001525878906
    vertex -74.125 53.5 20.400001525878906
    vertex -74.125 53.5 19.200000762939453
  endloop
endfacet
facet normal 0.0 0.0 0.0
  outer loop
    vertex -74.125 53.5 19.200000762939453
    vertex -74.0 53.5 19.200000762939453
    vertex -74.0 53.5 20.400001525878906
  endloop
endfacet
facet normal 0.0 0.0 0.0
  outer loop
    vertex -74.0 60.375 20.400001525878906
    vertex -74.0 53.5 20.400001525878906
    vertex -74.0 53.5 19.200000762939453
  endloop
endfacet
facet normal 0.0 0.0 0.0
  outer loop
    vertex -74.0 53.5 19.200000762939453
    vertex -74.0 60.375 19.200000762939453
    vertex -74.0 60.375 20.400001525878906
  endloop
endfacet
facet normal 0.0 0.0 0.0
  outer loop
    vertex -74.0 60.5 20.400001525878906
    vertex -74.0 60.375 20.400001525878906
    vertex -74.0 60.375 19.200000762939453
  endloop
endfacet
facet normal 0.0 0.0 0.0
  outer loop
    vertex -74.0 60.375 19.200000762939453
    vertex -74.0 60.5 19.200000762939453
    vertex -74.0 60.5 20.400001525878906
  endloop
endfacet
facet normal 0.0 0.0 0.0
  outer loop
    vertex -79.875 60.5 20.400001525878906
    vertex -74.0 60.5 20.400001525878906
    vertex -74.0 60.5 19.200000762939453
  endloop
endfacet
facet normal 0.0 0.0 0.0
  outer loop
    vertex -74.0 60.5 19.200000762939453
    vertex -79.875 60.5 19.200000762939453
    vertex -79.875 60.5 20.400001525878906
  endloop
endfacet
facet normal 0.0 0.0 0.0
  outer loop
    vertex -80.0 60.5 20.400001525878906
    vertex -79.875 60.5 20.400001525878906
    vertex -79.875 60.5 19.200000762939453
  endloop
endfacet
facet normal 0.0 0.0 0.0
  outer loop
    vertex -79.875 60.5 19.200000762939453
    vertex -80.0 60.5 19.200000762939453
    vertex -80.0 60.5 20.400001525878906
  endloop
endfacet
facet normal 0.0 0.0 0.0
  outer loop
    vertex -80.0 57.125 20.400001525878906
    vertex -80.0 60.5 20.400001525878906
    vertex -80.0 60.5 19.200000762939453
  endloop
endfacet
facet normal 0.0 0.0 0.0
  outer loop
    vertex -80.0 60.5 19.200000762939453
    vertex -80.0 57.125 19.200000762939453
    vertex -80.0 57.125 20.400001525878906
  endloop
endfacet
facet normal 0.0 0.0 0.0
  outer loop
    vertex -80.0 57.0 20.400001525878906
    vertex -80.0 57.125 20.400001525878906
    vertex -80.0 57.125 19.200000762939453
  endloop
endfacet
facet normal 0.0 0.0 0.0
  outer loop
    vertex -80.0 57.125 19.200000762939453
    vertex -80.0 57.0 19.200000762939453
    vertex -80.0 57.0 20.400001525878906
  endloop
endfacet
facet normal 0.0 0.0 0.0
  outer loop
    vertex -80.0 53.625 20.400001525878906
    vertex -80.0 53.5 20.400001525878906
    vertex -74.125 53.5 20.400001525878906
  endloop
endfacet
facet normal 0.0 0.0 0.0
  outer loop
    vertex -74.125 53.5 20.400001525878906
    vertex -74.0 53.5 20.400001525878906
    vertex -74.0 60.375 20.400001525878906
  endloop
endfacet
facet normal 0.0 0.0 0.0
  outer loop
    vertex -74.0 60.375 20.400001525878906
    vertex -74.0 60.5 20.400001525878906
    vertex -79.875 60.5 20.400001525878906
  endloop
endfacet
facet normal 0.0 0.0 0.0
  outer loop
    vertex -79.875 60.5 20.400001525878906
    vertex -80.0 60.5 20.400001525878906
    vertex -80.0 57.125 20.400001525878906
  endloop
endfacet
facet normal 0.0 0.0 0.0
  outer loop
    vertex -80.0 57.0 20.400001525878906
    vertex -80.0 53.625 20.400001525878906
    vertex -74.125 53.5 20.400001525878906
  endloop
endfacet
facet normal 0.0 0.0 0.0
  outer loop
    vertex -74.125 53.5 20.400001525878906
    vertex -74.0 60.375 20.400001525878906
    vertex -79.875 60.5 20.400001525878906
  endloop
endfacet
facet normal 0.0 0.0 0.0
  outer loop
    vertex -79.875 60.5 20.400001525878906
    vertex -80.0 57.125 20.400001525878906
    vertex -80.0 57.0 20.400001525878906
  endloop
endfacet
facet normal 0.0 0.0 0.0
  outer loop
    vertex -80.0 57.0 20.400001525878906
    vertex -74.125 53.5 20.400001525878906
    vertex -79.875 60.5 20.400001525878906
  endloop
endfacet
facet normal 0.0 0.0 0.0
  outer loop
    vertex 70.0 -53.375 20.600000381469727
    vertex 70.0 -52.0 20.600000381469727
    vertex 70.0 -52.0 20.400001525878906
  endloop
endfacet
facet normal 0.0 0.0 0.0
  outer loop
    vertex 70.0 -52.0 20.400001525878906
    vertex 70.0 -53.375 20.400001525878906
    vertex 70.0 -53.375 20.600000381469727
  endloop
endfacet
facet normal 0.0 0.0 0.0
  outer loop
    vertex 70.0 -53.5 20.600000381469727
    vertex 70.0 -53.375 20.600000381469727
    vertex 70.0 -53.375 20.400001525878906
  endloop
endfacet
facet normal 0.0 0.0 0.0
  outer loop
    vertex 70.0 -53.375 20.400001525878906
    vertex 70.0 -53.5 20.400001525878906
    vertex 70.0 -53.5 20.600000381469727
  endloop
endfacet
facet normal 0.0 0.0 0.0
  outer loop
    vertex 52.125 -53.5 20.600000381469727
    vertex 70.0 -53.5 20.600000381469727
    vertex 70.0 -53.5 20.400001525878906
  endloop
endfacet
facet normal 0.0 0.0 0.0
  outer loop
    vertex 70.0 -53.5 20.400001525878906
    vertex 52.125 -53.5 20.400001525878906
    vertex 52.125 -53.5 20.600000381469727
  endloop
endfacet
facet normal 0.0 0.0 0.0
  outer loop
    vertex 52.0 -53.5 20.600000381469727
    vertex 52.125 -53.5 20.600000381469727
    vertex 52.125 -53.5 20.400001525878906
  endloop
endfacet
facet normal 0.0 0.0 0.0
  outer loop
    vertex 52.125 -53.5 20.400001525878906
    vertex 52.0 -53.5 20.400001525878906
    vertex 52.0 -53.5 20.600000381469727
  endloop
endfacet
facet normal 0.0 0.0 0.0
  outer loop
    vertex 52.0 -60.375 20.600000381469727
    vertex 52.0 -53.5 20.600000381469727
    vertex 52.0 -53.5 20.400001525878906
  endloop
endfacet
facet normal 0.0 0.0 0.0
  outer loop
    vertex 52.0 -53.5 20.400001525878906
    vertex 52.0 -60.375 20.400001525878906
    vertex 52.0 -60.375 20.600000381469727
  endloop
endfacet
facet normal 0.0 0.0 0.0
  outer loop
    vertex 52.0 -60.5 20.600000381469727
    vertex 52.0 -60.375 20.600000381469727
    vertex 52.0 -60.375 20.400001525878906
  endloop
endfacet
facet normal 0.0 0.0 0.0
  outer loop
    vertex 52.0 -60.375 20.400001525878906
    vertex 52.0 -60.5 20.400001525878906
    vertex 52.0 -60.5 20.600000381469727
  endloop
endfacet
facet normal 0.0 0.0 0.0
  outer loop
    vertex 79.875 -60.5 20.600000381469727
    vertex 52.0 -60.5 20.600000381469727
    vertex 52.0 -60.5 20.400001525878906
  endloop
endfacet
facet normal 0.0 0.0 0.0
  outer loop
    vertex 52.0 -60.5 20.400001525878906
    vertex 79.875 -60.5 20.400001525878906
    vertex 79.875 -60.5 20.600000381469727
  endloop
endfacet
facet normal 0.0 0.0 0.0
  outer loop
    vertex 80.0 -60.5 20.600000381469727
    vertex 79.875 -60.5 20.600000381469727
    vertex 79.875 -60.5 20.400001525878906
  endloop
endfacet
facet normal 0.0 0.0 0.0
  outer loop
    vertex 79.875 -60.5 20.400001525878906
    vertex 80.0 -60.5 20.400001525878906
    vertex 80.0 -60.5 20.600000381469727
  endloop
endfacet
facet normal 0.0 0.0 0.0
  outer loop
    vertex 80.0 -50.625 20.600000381469727
    vertex 80.0 -60.5 20.600000381469727
    vertex 80.0 -60.5 20.400001525878906
  endloop
endfacet
facet normal 0.0 0.0 0.0
  outer loop
    vertex 80.0 -60.5 20.400001525878906
    vertex 80.0 -50.625 20.400001525878906
    vertex 80.0 -50.625 20.600000381469727
  endloop
endfacet
facet normal 0.0 0.0 0.0
  outer loop
    vertex 80.0 -50.5 20.600000381469727
    vertex 80.0 -50.625 20.600000381469727
    vertex 80.0 -50.625 20.400001525878906
  endloop
endfacet
facet normal 0.0 0.0 0.0
  outer loop
    vertex 80.0 -50.625 20.400001525878906
    vertex 80.0 -50.5 20.400001525878906
    vertex 80.0 -50.5 20.600000381469727
  endloop
endfacet
facet normal 0.0 0.0 0.0
  outer loop
    vertex 70.125 -50.5 20.600000381469727
    vertex 80.0 -50.5 20.600000381469727
    vertex 80.0 -50.5 20.400001525878906
  endloop
endfacet
facet normal 0.0 0.0 0.0
  outer loop
    vertex 80.0 -50.5 20.400001525878906
    vertex 70.125 -50.5 20.400001525878906
    vertex 70.125 -50.5 20.600000381469727
  endloop
endfacet
facet normal 0.0 0.0 0.0
  outer loop
    vertex 70.0 -50.5 20.600000381469727
    vertex 70.125 -50.5 20.600000381469727
    vertex 70.125 -50.5 20.400001525878906
  endloop
endfacet
facet normal 0.0 0.0 0.0
  outer loop
    vertex 70.125 -50.5 20.400001525878906
    vertex 70.0 -50.5 20.400001525878906
    vertex 70.0 -50.5 20.600000381469727
  endloop
endfacet
facet normal 0.0 0.0 0.0
  outer loop
    vertex 70.0 -51.875 20.600000381469727
    vertex 70.0 -50.5 20.600000381469727
    vertex 70.0 -50.5 20.400001525878906
  endloop
endfacet
facet normal 0.0 0.0 0.0
  outer loop
    vertex 70.0 -50.5 20.400001525878906
    vertex 70.0 -51.875 20.400001525878906
    vertex 70.0 -51.875 20.600000381469727
  endloop
endfacet
facet normal 0.0 0.0 0.0
  outer loop
    vertex 70.0 -52.0 20.600000381469727
    vertex 70.0 -51.875 20.600000381469727
    vertex 70.0 -51.875 20.400001525878906
  endloop
endfacet
facet normal 0.0 0.0 0.0
  outer loop
    vertex 70.0 -51.875 20.400001525878906
    vertex 70.0 -52.0 20.400001525878906
    vertex 70.0 -52.0 20.600000381469727
  endloop
endfacet
facet normal 0.0 0.0 0.0
  outer loop
    vertex 52.125 -53.5 20.600000381469727
    vertex 52.0 -53.5 20.600000381469727
    vertex 52.0 -60.375 20.600000381469727
  endloop
endfacet
facet normal 0.0 0.0 0.0
  outer loop
    vertex 52.0 -60.375 20.600000381469727
    vertex 52.0 -60.5 20.600000381469727
    vertex 79.875 -60.5 20.600000381469727
  endloop
endfacet
facet normal 0.0 0.0 0.0
  outer loop
    vertex 79.875 -60.5 20.600000381469727
    vertex 80.0 -60.5 20.600000381469727
    vertex 80.0 -50.625 20.600000381469727
  endloop
endfacet
facet normal 0.0 0.0 0.0
  outer loop
    vertex 80.0 -50.625 20.600000381469727
    vertex 80.0 -50.5 20.600000381469727
    vertex 70.125 -50.5 20.600000381469727
  endloop
endfacet
facet normal 0.0 0.0 0.0
  outer loop
    vertex 70.125 -50.5 20.600000381469727
    vertex 70.0 -50.5 20.600000381469727
    vertex 70.0 -51.875 20.600000381469727
  endloop
endfacet
facet normal 0.0 0.0 0.0
  outer loop
    vertex 70.0 -53.5 20.600000381469727
    vertex 52.125 -53.5 20.600000381469727
    vertex 52.0 -60.375 20.600000381469727
  endloop
endfacet
facet normal 0.0 0.0 0.0
  outer loop
    vertex 52.0 -60.375 20.600000381469727
    vertex 79.875 -60.5 20.600000381469727
    vertex 80.0 -50.625 20.600000381469727
  endloop
endfacet
facet normal 0.0 0.0 0.0
  outer loop
    vertex 80.0 -50.625 20.600000381469727
    vertex 70.125 -50.5 20.600000381469727
    vertex 70.0 -51.875 20.600000381469727
  endloop
endfacet
facet normal 0.0 0.0 0.0
  outer loop
    vertex 70.0 -53.5 20.600000381469727
    vertex 52.0 -60.375 20.600000381469727
    vertex 80.0 -50.625 20.600000381469727
  endloop
endfacet
facet normal 0.0 0.0 0.0
  outer loop
    vertex 80.0 -50.625 20.600000381469727
    vertex 70.0 -51.875 20.600000381469727
    vertex 70.0 -52.0 20.600000381469727
  endloop
endfacet
facet normal 0.0 0.0 0.0
  outer loop
    vertex 70.0 -53.375 20.600000381469727
    vertex 70.0 -53.5 20.600000381469727
    vertex 80.0 -50.625 20.600000381469727
  endloop
endfacet
facet normal 0.0 0.0 0.0
  outer loop
    vertex 80.0 -50.625 20.600000381469727
    vertex 70.0 -52.0 20.600000381469727
    vertex 70.0 -53.375 20.600000381469727
  endloop
endfacet
facet normal 0.0 0.0 0.0
  outer loop
    vertex 70.0 -10.375 20.600000381469727
    vertex 70.0 -0.0 20.600000381469727
    vertex 70.0 -0.0 20.400001525878906
  endloop
endfacet
facet normal 0.0 0.0 0.0
  outer loop
    vertex 70.0 -0.0 20.400001525878906
    vertex 70.0 -10.375 20.400001525878906
    vertex 70.0 -10.375 20.600000381469727
  endloop
endfacet
facet normal 0.0 0.0 0.0
  outer loop
    vertex 70.0 -10.5 20.600000381469727
    vertex 70.0 -10.375 20.600000381469727
    vertex 70.0 -10.375 20.400001525878906
  endloop
endfacet
facet normal 0.0 0.0 0.0
  outer loop
    vertex 70.0 -10.375 20.400001525878906
    vertex 70.0 -10.5 20.400001525878906
    vertex 70.0 -10.5 20.600000381469727
  endloop
endfacet
facet normal 0.0 0.0 0.0
  outer loop
    vertex 79.875 -10.5 20.600000381469727
    vertex 70.0 -10.5 20.600000381469727
    vertex 70.0 -10.5 20.400001525878906
  endloop
endfacet
facet normal 0.0 0.0 0.0
  outer loop
    vertex 70.0 -10.5 20.400001525878906
    vertex 79.875 -10.5 20.400001525878906
    vertex 79.875 -10.5 20.600000381469727
  endloop
endfacet
facet normal 0.0 0.0 0.0
  outer loop
    vertex 80.0 -10.5 20.600000381469727
    vertex 79.875 -10.5 20.600000381469727
    vertex 79.875 -10.5 20.400001525878906
  endloop
endfacet
facet normal 0.0 0.0 0.0
  outer loop
    vertex 79.875 -10.5 20.400001525878906
    vertex 80.0 -10.5 20.400001525878906
    vertex 80.0 -10.5 20.600000381469727
  endloop
endfacet
facet normal 0.0 0.0 0.0
  outer loop
    vertex 80.0 10.375 20.600000381469727
    vertex 80.0 -10.5 20.600000381469727
    vertex 80.0 -10.5 20.400001525878906
  endloop
endfacet
facet normal 0.0 0.0 0.0
  outer loop
    vertex 80.0 -10.5 20.400001525878906
    vertex 80.0 10.375 20.400001525878906
    vertex 80.0 10.375 20.600000381469727
  endloop
endfacet
facet normal 0.0 0.0 0.0
  outer loop
    vertex 80.0 10.5 20.600000381469727
    vertex 80.0 10.375 20.600000381469727
    vertex 80.0 10.375 20.400001525878906
  endloop
endfacet
facet normal 0.0 0.0 0.0
  outer loop
    vertex 80.0 10.375 20.400001525878906
    vertex 80.0 10.5 20.400001525878906
    vertex 80.0 10.5 20.600000381469727
  endloop
endfacet
facet normal 0.0 0.0 0.0
  outer loop
    vertex 70.125 10.5 20.600000381469727
    vertex 80.0 10.5 20.600000381469727
    vertex 80.0 10.5 20.400001525878906
  endloop
endfacet
facet normal 0.0 0.0 0.0
  outer loop
    vertex 80.0 10.5 20.400001525878906
    vertex 70.125 10.5 20.400001525878906
    vertex 70.125 10.5 20.600000381469727
  endloop
endfacet
facet normal 0.0 0.0 0.0
  outer loop
    vertex 70.0 10.5 20.600000381469727
    vertex 70.125 10.5 20.600000381469727
    vertex 70.125 10.5 20.400001525878906
  endloop
endfacet
facet normal 0.0 0.0 0.0
  outer loop
    vertex 70.125 10.5 20.400001525878906
    vertex 70.0 10.5 20.400001525878906
    vertex 70.0 10.5 20.600000381469727
  endloop
endfacet
facet normal 0.0 0.0 0.0
  outer loop
    vertex 70.0 0.125 20.600000381469727
    vertex 70.0 10.5 20.600000381469727
    vertex 70.0 10.5 20.400001525878906
  endloop
endfacet
facet normal 0.0 0.0 0.0
  outer loop
    vertex 70.0 10.5 20.400001525878906
    vertex 70.0 0.125 20.400001525878906
    vertex 70.0 0.125 20.600000381469727
  endloop
endfacet
facet normal 0.0 0.0 0.0
  outer loop
    vertex 70.0 -0.0 20.600000381469727
    vertex 70.0 0.125 20.600000381469727
    vertex 70.0 0.125 20.400001525878906
  endloop
endfacet
facet normal 0.0 0.0 0.0
  outer loop
    vertex 70.0 0.125 20.400001525878906
    vertex 70.0 -0.0 20.400001525878906
    vertex 70.0 -0.0 20.600000381469727
  endloop
endfacet
facet normal 0.0 0.0 0.0
  outer loop
    vertex 70.0 -10.375 20.600000381469727
    vertex 70.0 -10.5 20.600000381469727
    vertex 79.875 -10.5 20.600000381469727
  endloop
endfacet
facet normal 0.0 0.0 0.0
  outer loop
    vertex 79.875 -10.5 20.600000381469727
    vertex 80.0 -10.5 20.600000381469727
    vertex 80.0 10.375 20.600000381469727
  endloop
endfacet
facet normal 0.0 0.0 0.0
  outer loop
    vertex 80.0 10.375 20.600000381469727
    vertex 80.0 10.5 20.600000381469727
    vertex 70.125 10.5 20.600000381469727
  endloop
endfacet
facet normal 0.0 0.0 0.0
  outer loop
    vertex 70.125 10.5 20.600000381469727
    vertex 70.0 10.5 20.600000381469727
    vertex 70.0 0.125 20.600000381469727
  endloop
endfacet
facet normal 0.0 0.0 0.0
  outer loop
    vertex 70.0 -0.0 20.600000381469727
    vertex 70.0 -10.375 20.600000381469727
    vertex 79.875 -10.5 20.600000381469727
  endloop
endfacet
facet normal 0.0 0.0 0.0
  outer loop
    vertex 79.875 -10.5 20.600000381469727
    vertex 80.0 10.375 20.600000381469727
    vertex 70.125 10.5 20.600000381469727
  endloop
endfacet
facet normal 0.0 0.0 0.0
  outer loop
    vertex 70.125 10.5 20.600000381469727
    vertex 70.0 0.125 20.600000381469727
    vertex 70.0 -0.0 20.600000381469727
  endloop
endfacet
facet normal 0.0 0.0 0.0
  outer loop
    vertex 70.0 -0.0 20.600000381469727
    vertex 79.875 -10.5 20.600000381469727
    vertex 70.125 10.5 20.600000381469727
  endloop
endfacet
facet normal 0.0 0.0 0.0
  outer loop
    vertex 70.0 50.625 20.600000381469727
    vertex 70.0 55.5 20.600000381469727
    vertex 70.0 55.5 20.400001525878906
  endloop
endfacet
facet normal 0.0 0.0 0.0
  outer loop
    vertex 70.0 55.5 20.400001525878906
    vertex 70.0 50.625 20.400001525878906
    vertex 70.0 50.625 20.600000381469727
  endloop
endfacet
facet normal 0.0 0.0 0.0
  outer loop
    vertex 70.0 50.5 20.600000381469727
    vertex 70.0 50.625 20.600000381469727
    vertex 70.0 50.625 20.400001525878906
  endloop
endfacet
facet normal 0.0 0.0 0.0
  outer loop
    vertex 70.0 50.625 20.400001525878906
    vertex 70.0 50.5 20.400001525878906
    vertex 70.0 50.5 20.600000381469727
  endloop
endfacet
facet normal 0.0 0.0 0.0
  outer loop
    vertex 79.875 50.5 20.600000381469727
    vertex 70.0 50.5 20.600000381469727
    vertex 70.0 50.5 20.400001525878906
  endloop
endfacet
facet normal 0.0 0.0 0.0
  outer loop
    vertex 70.0 50.5 20.400001525878906
    vertex 79.875 50.5 20.400001525878906
    vertex 79.875 50.5 20.600000381469727
  endloop
endfacet
facet normal 0.0 0.0 0.0
  outer loop
    vertex 80.0 50.5 20.600000381469727
    vertex 79.875 50.5 20.600000381469727
    vertex 79.875 50.5 20.400001525878906
  endloop
endfacet
facet normal 0.0 0.0 0.0
  outer loop
    vertex 79.875 50.5 20.400001525878906
    vertex 80.0 50.5 20.400001525878906
    vertex 80.0 50.5 20.600000381469727
  endloop
endfacet
facet normal 0.0 0.0 0.0
  outer loop
    vertex 80.0 60.375 20.600000381469727
    vertex 80.0 50.5 20.600000381469727
    vertex 80.0 50.5 20.400001525878906
  endloop
endfacet
facet normal 0.0 0.0 0.0
  outer loop
    vertex 80.0 50.5 20.400001525878906
    vertex 80.0 60.375 20.400001525878906
    vertex 80.0 60.375 20.600000381469727
  endloop
endfacet
facet normal 0.0 0.0 0.0
  outer loop
    vertex 80.0 60.5 20.600000381469727
    vertex 80.0 60.375 20.600000381469727
    vertex 80.0 60.375 20.400001525878906
  endloop
endfacet
facet normal 0.0 0.0 0.0
  outer loop
    vertex 80.0 60.375 20.400001525878906
    vertex 80.0 60.5 20.400001525878906
    vertex 80.0 60.5 20.600000381469727
  endloop
endfacet
facet normal 0.0 0.0 0.0
  outer loop
    vertex 70.125 60.5 20.600000381469727
    vertex 80.0 60.5 20.600000381469727
    vertex 80.0 60.5 20.400001525878906
  endloop
endfacet
facet normal 0.0 0.0 0.0
  outer loop
    vertex 80.0 60.5 20.400001525878906
    vertex 70.125 60.5 20.400001525878906
    vertex 70.125 60.5 20.600000381469727
  endloop
endfacet
facet normal 0.0 0.0 0.0
  outer loop
    vertex 70.0 60.5 20.600000381469727
    vertex 70.125 60.5 20.600000381469727
    vertex 70.125 60.5 20.400001525878906
  endloop
endfacet
facet normal 0.0 0.0 0.0
  outer loop
    vertex 70.125 60.5 20.400001525878906
    vertex 70.0 60.5 20.400001525878906
    vertex 70.0 60.5 20.600000381469727
  endloop
endfacet
facet normal 0.0 0.0 0.0
  outer loop
    vertex 70.0 55.625 20.600000381469727
    vertex 70.0 60.5 20.600000381469727
    vertex 70.0 60.5 20.400001525878906
  endloop
endfacet
facet normal 0.0 0.0 0.0
  outer loop
    vertex 70.0 60.5 20.400001525878906
    vertex 70.0 55.625 20.400001525878906
    vertex 70.0 55.625 20.600000381469727
  endloop
endfacet
facet normal 0.0 0.0 0.0
  outer loop
    vertex 70.0 55.5 20.600000381469727
    vertex 70.0 55.625 20.600000381469727
    vertex 70.0 55.625 20.400001525878906
  endloop
endfacet
facet normal 0.0 0.0 0.0
  outer loop
    vertex 70.0 55.625 20.400001525878906
    vertex 70.0 55.5 20.400001525878906
    vertex 70.0 55.5 20.600000381469727
  endloop
endfacet
facet normal 0.0 0.0 0.0
  outer loop
    vertex 70.0 50.625 20.600000381469727
    vertex 70.0 50.5 20.600000381469727
    vertex 79.875 50.5 20.600000381469727
  endloop
endfacet
facet normal 0.0 0.0 0.0
  outer loop
    vertex 79.875 50.5 20.600000381469727
    vertex 80.0 50.5 20.600000381469727
    vertex 80.0 60.375 20.600000381469727
  endloop
endfacet
facet normal 0.0 0.0 0.0
  outer loop
    vertex 80.0 60.375 20.600000381469727
    vertex 80.0 60.5 20.600000381469727
    vertex 70.125 60.5 20.600000381469727
  endloop
endfacet
facet normal 0.0 0.0 0.0
  outer loop
    vertex 70.125 60.5 20.600000381469727
    vertex 70.0 60.5 20.600000381469727
    vertex 70.0 55.625 20.600000381469727
  endloop
endfacet
facet normal 0.0 0.0 0.0
  outer loop
    vertex 70.0 55.5 20.600000381469727
    vertex 70.0 50.625 20.600000381469727
    vertex 79.875 50.5 20.600000381469727
  endloop
endfacet
facet normal 0.0 0.0 0.0
  outer loop
    vertex 79.875 50.5 20.600000381469727
    vertex 80.0 60.375 20.600000381469727
    vertex 70.125 60.5 20.600000381469727
  endloop
endfacet
facet normal 0.0 0.0 0.0
  outer loop
    vertex 70.125 60.5 20.600000381469727
    vertex 70.0 55.625 20.600000381469727
    vertex 70.0 55.5 20.600000381469727
  endloop
endfacet
facet normal 0.0 0.0 0.0
  outer loop
    vertex 70.0 55.5 20.600000381469727
    vertex 79.875 50.5 20.600000381469727
    vertex 70.125 60.5 20.600000381469727
  endloop
endfacet
facet normal 0.0 0.0 0.0
  outer loop
    vertex -80.0 -60.375 20.600000381469727
    vertex -80.0 -57.0 20.600000381469727
    vertex -80.0 -57.0 20.400001525878906
  endloop
endfacet
facet normal 0.0 0.0 0.0
  outer loop
    vertex -80.0 -57.0 20.400001525878906
    vertex -80.0 -60.375 20.400001525878906
    vertex -80.0 -60.375 20.600000381469727
  endloop
endfacet
facet normal 0.0 0.0 0.0
  outer loop
    vertex -80.0 -60.5 20.600000381469727
    vertex -80.0 -60.375 20.600000381469727
    vertex -80.0 -60.375 20.400001525878906
  endloop
endfacet
facet normal 0.0 0.0 0.0
  outer loop
    vertex -80.0 -60.375 20.400001525878906
    vertex -80.0 -60.5 20.400001525878906
    vertex -80.0 -60.5 20.600000381469727
  endloop
endfacet
facet normal 0.0 0.0 0.0
  outer loop
    vertex -68.125 -60.5 20.600000381469727
    vertex -80.0 -60.5 20.600000381469727
    vertex -80.0 -60.5 20.400001525878906
  endloop
endfacet
facet normal 0.0 0.0 0.0
  outer loop
    vertex -80.0 -60.5 20.400001525878906
    vertex -68.125 -60.5 20.400001525878906
    vertex -68.125 -60.5 20.600000381469727
  endloop
endfacet
facet normal 0.0 0.0 0.0
  outer loop
    vertex -68.0 -60.5 20.600000381469727
    vertex -68.125 -60.5 20.600000381469727
    vertex -68.125 -60.5 20.400001525878906
  endloop
endfacet
facet normal 0.0 0.0 0.0
  outer loop
    vertex -68.125 -60.5 20.400001525878906
    vertex -68.0 -60.5 20.400001525878906
    vertex -68.0 -60.5 20.600000381469727
  endloop
endfacet
facet normal 0.0 0.0 0.0
  outer loop
    vertex -68.0 -53.625 20.600000381469727
    vertex -68.0 -60.5 20.600000381469727
    vertex -68.0 -60.5 20.400001525878906
  endloop
endfacet
facet normal 0.0 0.0 0.0
  outer loop
    vertex -68.0 -60.5 20.400001525878906
    vertex -68.0 -53.625 20.400001525878906
    vertex -68.0 -53.625 20.600000381469727
  endloop
endfacet
facet normal 0.0 0.0 0.0
  outer loop
    vertex -68.0 -53.5 20.600000381469727
    vertex -68.0 -53.625 20.600000381469727
    vertex -68.0 -53.625 20.400001525878906
  endloop
endfacet
facet normal 0.0 0.0 0.0
  outer loop
    vertex -68.0 -53.625 20.400001525878906
    vertex -68.0 -53.5 20.400001525878906
    vertex -68.0 -53.5 20.600000381469727
  endloop
endfacet
facet normal 0.0 0.0 0.0
  outer loop
    vertex -79.875 -53.5 20.600000381469727
    vertex -68.0 -53.5 20.600000381469727
    vertex -68.0 -53.5 20.400001525878906
  endloop
endfacet
facet normal 0.0 0.0 0.0
  outer loop
    vertex -68.0 -53.5 20.400001525878906
    vertex -79.875 -53.5 20.400001525878906
    vertex -79.875 -53.5 20.600000381469727
  endloop
endfacet
facet normal 0.0 0.0 0.0
  outer loop
    vertex -80.0 -53.5 20.600000381469727
    vertex -79.875 -53.5 20.600000381469727
    vertex -79.875 -53.5 20.400001525878906
  endloop
endfacet
facet normal 0.0 0.0 0.0
  outer loop
    vertex -79.875 -53.5 20.400001525878906
    vertex -80.0 -53.5 20.400001525878906
    vertex -80.0 -53.5 20.600000381469727
  endloop
endfacet
facet normal 0.0 0.0 0.0
  outer loop
    vertex -80.0 -56.875 20.600000381469727
    vertex -80.0 -53.5 20.600000381469727
    vertex -80.0 -53.5 20.400001525878906
  endloop
endfacet
facet normal 0.0 0.0 0.0
  outer loop
    vertex -80.0 -53.5 20.400001525878906
    vertex -80.0 -56.875 20.400001525878906
    vertex -80.0 -56.875 20.600000381469727
  endloop
endfacet
facet normal 0.0 0.0 0.0
  outer loop
    vertex -80.0 -57.0 20.600000381469727
    vertex -80.0 -56.875 20.600000381469727
    vertex -80.0 -56.875 20.400001525878906
  endloop
endfacet
facet normal 0.0 0.0 0.0
  outer loop
    vertex -80.0 -56.875 20.400001525878906
    vertex -80.0 -57.0 20.400001525878906
    vertex -80.0 -57.0 20.600000381469727
  endloop
endfacet
facet normal 0.0 0.0 0.0
  outer loop
    vertex -80.0 -60.375 20.600000381469727
    vertex -80.0 -60.5 20.600000381469727
    vertex -68.125 -60.5 20.600000381469727
  endloop
endfacet
facet normal 0.0 0.0 0.0
  outer loop
    vertex -68.125 -60.5 20.600000381469727
    vertex -68.0 -60.5 20.600000381469727
    vertex -68.0 -53.625 20.600000381469727
  endloop
endfacet
facet normal 0.0 0.0 0.0
  outer loop
    vertex -68.0 -53.625 20.600000381469727
    vertex -68.0 -53.5 20.600000381469727
    vertex -79.875 -53.5 20.600000381469727
  endloop
endfacet
facet normal 0.0 0.0 0.0
  outer loop
    vertex -79.875 -53.5 20.600000381469727
    vertex -80.0 -53.5 20.600000381469727
    vertex -80.0 -56.875 20.600000381469727
  endloop
endfacet
facet normal 0.0 0.0 0.0
  outer loop
    vertex -80.0 -57.0 20.600000381469727
    vertex -80.0 -60.375 20.600000381469727
    vertex -68.125 -60.5 20.600000381469727
  endloop
endfacet
facet normal 0.0 0.0 0.0
  outer loop
    vertex -68.125 -60.5 20.600000381469727
    vertex -68.0 -53.625 20.600000381469727
    vertex -79.875 -53.5 20.600000381469727
  endloop
endfacet
facet normal 0.0 0.0 0.0
  outer loop
    vertex -79.875 -53.5 20.600000381469727
    vertex -80.0 -56.875 20.600000381469727
    vertex -80.0 -57.0 20.600000381469727
  endloop
endfacet
facet normal 0.0 0.0 0.0
  outer loop
    vertex -80.0 -57.0 20.600000381469727
    vertex -68.125 -60.5 20.600000381469727
    vertex -79.875 -53.5 20.600000381469727
  endloop
endfacet
facet normal 0.0 0.0 0.0
  outer loop
    vertex -58.0 -60.375 20.600000381469727
    vertex -58.0 -57.0 20.600000381469727
    vertex -58.0 -57.0 20.400001525878906
  endloop
endfacet
facet normal 0.0 0.0 0.0
  outer loop
    vertex -58.0 -57.0 20.400001525878906
    vertex -58.0 -60.375 20.400001525878906
    vertex -58.0 -60.375 20.600000381469727
  endloop
endfacet
facet normal 0.0 0.0 0.0
  outer loop
    vertex -58.0 -60.5 20.600000381469727
    vertex -58.0 -60.375 20.600000381469727
    vertex -58.0 -60.375 20.400001525878906
  endloop
endfacet
facet normal 0.0 0.0 0.0
  outer loop
    vertex -58.0 -60.375 20.400001525878906
    vertex -58.0 -60.5 20.400001525878906
    vertex -58.0 -60.5 20.600000381469727
  endloop
endfacet
facet normal 0.0 0.0 0.0
  outer loop
    vertex -46.125 -60.5 20.600000381469727
    vertex -58.0 -60.5 20.600000381469727
    vertex -58.0 -60.5 20.400001525878906
  endloop
endfacet
facet normal 0.0 0.0 0.0
  outer loop
    vertex -58.0 -60.5 20.400001525878906
    vertex -46.125 -60.5 20.400001525878906
    vertex -46.125 -60.5 20.600000381469727
  endloop
endfacet
facet normal 0.0 0.0 0.0
  outer loop
    vertex -46.0 -60.5 20.600000381469727
    vertex -46.125 -60.5 20.600000381469727
    vertex -46.125 -60.5 20.400001525878906
  endloop
endfacet
facet normal 0.0 0.0 0.0
  outer loop
    vertex -46.125 -60.5 20.400001525878906
    vertex -46.0 -60.5 20.400001525878906
    vertex -46.0 -60.5 20.600000381469727
  endloop
endfacet
facet normal 0.0 0.0 0.0
  outer loop
    vertex -46.0 -53.625 20.600000381469727
    vertex -46.0 -60.5 20.600000381469727
    vertex -46.0 -60.5 20.400001525878906
  endloop
endfacet
facet normal 0.0 0.0 0.0
  outer loop
    vertex -46.0 -60.5 20.400001525878906
    vertex -46.0 -53.625 20.400001525878906
    vertex -46.0 -53.625 20.600000381469727
  endloop
endfacet
facet normal 0.0 0.0 0.0
  outer loop
    vertex -46.0 -53.5 20.600000381469727
    vertex -46.0 -53.625 20.600000381469727
    vertex -46.0 -53.625 20.400001525878906
  endloop
endfacet
facet normal 0.0 0.0 0.0
  outer loop
    vertex -46.0 -53.625 20.400001525878906
    vertex -46.0 -53.5 20.400001525878906
    vertex -46.0 -53.5 20.600000381469727
  endloop
endfacet
facet normal 0.0 0.0 0.0
  outer loop
    vertex -57.875 -53.5 20.600000381469727
    vertex -46.0 -53.5 20.600000381469727
    vertex -46.0 -53.5 20.400001525878906
  endloop
endfacet
facet normal 0.0 0.0 0.0
  outer loop
    vertex -46.0 -53.5 20.400001525878906
    vertex -57.875 -53.5 20.400001525878906
    vertex -57.875 -53.5 20.600000381469727
  endloop
endfacet
facet normal 0.0 0.0 0.0
  outer loop
    vertex -58.0 -53.5 20.600000381469727
    vertex -57.875 -53.5 20.600000381469727
    vertex -57.875 -53.5 20.400001525878906
  endloop
endfacet
facet normal 0.0 0.0 0.0
  outer loop
    vertex -57.875 -53.5 20.400001525878906
    vertex -58.0 -53.5 20.400001525878906
    vertex -58.0 -53.5 20.600000381469727
  endloop
endfacet
facet normal 0.0 0.0 0.0
  outer loop
    vertex -58.0 -56.875 20.600000381469727
    vertex -58.0 -53.5 20.600000381469727
    vertex -58.0 -53.5 20.400001525878906
  endloop
endfacet
facet normal 0.0 0.0 0.0
  outer loop
    vertex -58.0 -53.5 20.400001525878906
    vertex -58.0 -56.875 20.400001525878906
    vertex -58.0 -56.875 20.600000381469727
  endloop
endfacet
facet normal 0.0 0.0 0.0
  outer loop
    vertex -58.0 -57.0 20.600000381469727
    vertex -58.0 -56.875 20.600000381469727
    vertex -58.0 -56.875 20.400001525878906
  endloop
endfacet
facet normal 0.0 0.0 0.0
  outer loop
    vertex -58.0 -56.875 20.400001525878906
    vertex -58.0 -57.0 20.400001525878906
    vertex -58.0 -57.0 20.600000381469727
  endloop
endfacet
facet normal 0.0 0.0 0.0
  outer loop
    vertex -58.0 -60.375 20.600000381469727
    vertex -58.0 -60.5 20.600000381469727
    vertex -46.125 -60.5 20.600000381469727
  endloop
endfacet
facet normal 0.0 0.0 0.0
  outer loop
    vertex -46.125 -60.5 20.600000381469727
    vertex -46.0 -60.5 20.600000381469727
    vertex -46.0 -53.625 20.600000381469727
  endloop
endfacet
facet normal 0.0 0.0 0.0
  outer loop
    vertex -46.0 -53.625 20.600000381469727
    vertex -46.0 -53.5 20.600000381469727
    vertex -57.875 -53.5 20.600000381469727
  endloop
endfacet
facet normal 0.0 0.0 0.0
  outer loop
    vertex -57.875 -53.5 20.600000381469727
    vertex -58.0 -53.5 20.600000381469727
    vertex -58.0 -56.875 20.600000381469727
  endloop
endfacet
facet normal 0.0 0.0 0.0
  outer loop
    vertex -58.0 -57.0 20.600000381469727
    vertex -58.0 -60.375 20.600000381469727
    vertex -46.125 -60.5 20.600000381469727
  endloop
endfacet
facet normal 0.0 0.0 0.0
  outer loop
    vertex -46.125 -60.5 20.600000381469727
    vertex -46.0 -53.625 20.600000381469727
    vertex -57.875 -53.5 20.600000381469727
  endloop
endfacet
facet normal 0.0 0.0 0.0
  outer loop
    vertex -57.875 -53.5 20.600000381469727
    vertex -58.0 -56.875 20.600000381469727
    vertex -58.0 -57.0 20.600000381469727
  endloop
endfacet
facet normal 0.0 0.0 0.0
  outer loop
    vertex -58.0 -57.0 20.600000381469727
    vertex -46.125 -60.5 20.600000381469727
    vertex -57.875 -53.5 20.600000381469727
  endloop
endfacet
facet normal 0.0 0.0 0.0
  outer loop
    vertex -36.0 -60.375 20.600000381469727
    vertex -36.0 -57.0 20.600000381469727
    vertex -36.0 -57.0 20.400001525878906
  endloop
endfacet
facet normal 0.0 0.0 0.0
  outer loop
    vertex -36.0 -57.0 20.400001525878906
    vertex -36.0 -60.375 20.400001525878906
    vertex -36.0 -60.375 20.600000381469727
  endloop
endfacet
facet normal 0.0 0.0 0.0
  outer loop
    vertex -36.0 -60.5 20.600000381469727
    vertex -36.0 -60.375 20.600000381469727
    vertex -36.0 -60.375 20.400001525878906
  endloop
endfacet
facet normal 0.0 0.0 0.0
  outer loop
    vertex -36.0 -60.375 20.400001525878906
    vertex -36.0 -60.5 20.400001525878906
    vertex -36.0 -60.5 20.600000381469727
  endloop
endfacet
facet normal 0.0 0.0 0.0
  outer loop
    vertex -24.125 -60.5 20.600000381469727
    vertex -36.0 -60.5 20.600000381469727
    vertex -36.0 -60.5 20.400001525878906
  endloop
endfacet
facet normal 0.0 0.0 0.0
  outer loop
    vertex -36.0 -60.5 20.400001525878906
    vertex -24.125 -60.5 20.400001525878906
    vertex -24.125 -60.5 20.600000381469727
  endloop
endfacet
facet normal 0.0 0.0 0.0
  outer loop
    vertex -24.0 -60.5 20.600000381469727
    vertex -24.125 -60.5 20.600000381469727
    vertex -24.125 -60.5 20.400001525878906
  endloop
endfacet
facet normal 0.0 0.0 0.0
  outer loop
    vertex -24.125 -60.5 20.400001525878906
    vertex -24.0 -60.5 20.400001525878906
    vertex -24.0 -60.5 20.600000381469727
  endloop
endfacet
facet normal 0.0 0.0 0.0
  outer loop
    vertex -24.0 -53.625 20.600000381469727
    vertex -24.0 -60.5 20.600000381469727
    vertex -24.0 -60.5 20.400001525878906
  endloop
endfacet
facet normal 0.0 0.0 0.0
  outer loop
    vertex -24.0 -60.5 20.400001525878906
    vertex -24.0 -53.625 20.400001525878906
    vertex -24.0 -53.625 20.600000381469727
  endloop
endfacet
facet normal 0.0 0.0 0.0
  outer loop
    vertex -24.0 -53.5 20.600000381469727
    vertex -24.0 -53.625 20.600000381469727
    vertex -24.0 -53.625 20.400001525878906
  endloop
endfacet
facet normal 0.0 0.0 0.0
  outer loop
    vertex -24.0 -53.625 20.400001525878906
    vertex -24.0 -53.5 20.400001525878906
    vertex -24.0 -53.5 20.600000381469727
  endloop
endfacet
facet normal 0.0 0.0 0.0
  outer loop
    vertex -35.875 -53.5 20.600000381469727
    vertex -24.0 -53.5 20.600000381469727
    vertex -24.0 -53.5 20.400001525878906
  endloop
endfacet
facet normal 0.0 0.0 0.0
  outer loop
    vertex -24.0 -53.5 20.400001525878906
    vertex -35.875 -53.5 20.400001525878906
    vertex -35.875 -53.5 20.600000381469727
  endloop
endfacet
facet normal 0.0 0.0 0.0
  outer loop
    vertex -36.0 -53.5 20.600000381469727
    vertex -35.875 -53.5 20.600000381469727
    vertex -35.875 -53.5 20.400001525878906
  endloop
endfacet
facet normal 0.0 0.0 0.0
  outer loop
    vertex -35.875 -53.5 20.400001525878906
    vertex -36.0 -53.5 20.400001525878906
    vertex -36.0 -53.5 20.600000381469727
  endloop
endfacet
facet normal 0.0 0.0 0.0
  outer loop
    vertex -36.0 -56.875 20.600000381469727
    vertex -36.0 -53.5 20.600000381469727
    vertex -36.0 -53.5 20.400001525878906
  endloop
endfacet
facet normal 0.0 0.0 0.0
  outer loop
    vertex -36.0 -53.5 20.400001525878906
    vertex -36.0 -56.875 20.400001525878906
    vertex -36.0 -56.875 20.600000381469727
  endloop
endfacet
facet normal 0.0 0.0 0.0
  outer loop
    vertex -36.0 -57.0 20.600000381469727
    vertex -36.0 -56.875 20.600000381469727
    vertex -36.0 -56.875 20.400001525878906
  endloop
endfacet
facet normal 0.0 0.0 0.0
  outer loop
    vertex -36.0 -56.875 20.400001525878906
    vertex -36.0 -57.0 20.400001525878906
    vertex -36.0 -57.0 20.600000381469727
  endloop
endfacet
facet normal 0.0 0.0 0.0
  outer loop
    vertex -36.0 -60.375 20.600000381469727
    vertex -36.0 -60.5 20.600000381469727
    vertex -24.125 -60.5 20.600000381469727
  endloop
endfacet
facet normal 0.0 0.0 0.0
  outer loop
    vertex -24.125 -60.5 20.600000381469727
    vertex -24.0 -60.5 20.600000381469727
    vertex -24.0 -53.625 20.600000381469727
  endloop
endfacet
facet normal 0.0 0.0 0.0
  outer loop
    vertex -24.0 -53.625 20.600000381469727
    vertex -24.0 -53.5 20.600000381469727
    vertex -35.875 -53.5 20.600000381469727
  endloop
endfacet
facet normal 0.0 0.0 0.0
  outer loop
    vertex -35.875 -53.5 20.600000381469727
    vertex -36.0 -53.5 20.600000381469727
    vertex -36.0 -56.875 20.600000381469727
  endloop
endfacet
facet normal 0.0 0.0 0.0
  outer loop
    vertex -36.0 -57.0 20.600000381469727
    vertex -36.0 -60.375 20.600000381469727
    vertex -24.125 -60.5 20.600000381469727
  endloop
endfacet
facet normal 0.0 0.0 0.0
  outer loop
    vertex -24.125 -60.5 20.600000381469727
    vertex -24.0 -53.625 20.600000381469727
    vertex -35.875 -53.5 20.600000381469727
  endloop
endfacet
facet normal 0.0 0.0 0.0
  outer loop
    vertex -35.875 -53.5 20.600000381469727
    vertex -36.0 -56.875 20.600000381469727
    vertex -36.0 -57.0 20.600000381469727
  endloop
endfacet
facet normal 0.0 0.0 0.0
  outer loop
    vertex -36.0 -57.0 20.600000381469727
    vertex -24.125 -60.5 20.600000381469727
    vertex -35.875 -53.5 20.600000381469727
  endloop
endfacet
facet normal 0.0 0.0 0.0
  outer loop
    vertex -14.0 -60.375 20.600000381469727
    vertex -14.0 -57.0 20.600000381469727
    vertex -14.0 -57.0 20.400001525878906
  endloop
endfacet
facet normal 0.0 0.0 0.0
  outer loop
    vertex -14.0 -57.0 20.400001525878906
    vertex -14.0 -60.375 20.400001525878906
    vertex -14.0 -60.375 20.600000381469727
  endloop
endfacet
facet normal 0.0 0.0 0.0
  outer loop
    vertex -14.0 -60.5 20.600000381469727
    vertex -14.0 -60.375 20.600000381469727
    vertex -14.0 -60.375 20.400001525878906
  endloop
endfacet
facet normal 0.0 0.0 0.0
  outer loop
    vertex -14.0 -60.375 20.400001525878906
    vertex -14.0 -60.5 20.400001525878906
    vertex -14.0 -60.5 20.600000381469727
  endloop
endfacet
facet normal 0.0 0.0 0.0
  outer loop
    vertex -2.125 -60.5 20.600000381469727
    vertex -14.0 -60.5 20.600000381469727
    vertex -14.0 -60.5 20.400001525878906
  endloop
endfacet
facet normal 0.0 0.0 0.0
  outer loop
    vertex -14.0 -60.5 20.400001525878906
    vertex -2.125 -60.5 20.400001525878906
    vertex -2.125 -60.5 20.600000381469727
  endloop
endfacet
facet normal 0.0 0.0 0.0
  outer loop
    vertex -2.0 -60.5 20.600000381469727
    vertex -2.125 -60.5 20.600000381469727
    vertex -2.125 -60.5 20.400001525878906
  endloop
endfacet
facet normal 0.0 0.0 0.0
  outer loop
    vertex -2.125 -60.5 20.400001525878906
    vertex -2.0 -60.5 20.400001525878906
    vertex -2.0 -60.5 20.600000381469727
  endloop
endfacet
facet normal 0.0 0.0 0.0
  outer loop
    vertex -2.0 -53.625 20.600000381469727
    vertex -2.0 -60.5 20.600000381469727
    vertex -2.0 -60.5 20.400001525878906
  endloop
endfacet
facet normal 0.0 0.0 0.0
  outer loop
    vertex -2.0 -60.5 20.400001525878906
    vertex -2.0 -53.625 20.400001525878906
    vertex -2.0 -53.625 20.600000381469727
  endloop
endfacet
facet normal 0.0 0.0 0.0
  outer loop
    vertex -2.0 -53.5 20.600000381469727
    vertex -2.0 -53.625 20.600000381469727
    vertex -2.0 -53.625 20.400001525878906
  endloop
endfacet
facet normal 0.0 0.0 0.0
  outer loop
    vertex -2.0 -53.625 20.400001525878906
    vertex -2.0 -53.5 20.400001525878906
    vertex -2.0 -53.5 20.600000381469727
  endloop
endfacet
facet normal 0.0 0.0 0.0
  outer loop
    vertex -13.875 -53.5 20.600000381469727
    vertex -2.0 -53.5 20.600000381469727
    vertex -2.0 -53.5 20.400001525878906
  endloop
endfacet
facet normal 0.0 0.0 0.0
  outer loop
    vertex -2.0 -53.5 20.400001525878906
    vertex -13.875 -53.5 20.400001525878906
    vertex -13.875 -53.5 20.600000381469727
  endloop
endfacet
facet normal 0.0 0.0 0.0
  outer loop
    vertex -14.0 -53.5 20.600000381469727
    vertex -13.875 -53.5 20.600000381469727
    vertex -13.875 -53.5 20.400001525878906
  endloop
endfacet
facet normal 0.0 0.0 0.0
  outer loop
    vertex -13.875 -53.5 20.400001525878906
    vertex -14.0 -53.5 20.400001525878906
    vertex -14.0 -53.5 20.600000381469727
  endloop
endfacet
facet normal 0.0 0.0 0.0
  outer loop
    vertex -14.0 -56.875 20.600000381469727
    vertex -14.0 -53.5 20.600000381469727
    vertex -14.0 -53.5 20.400001525878906
  endloop
endfacet
facet normal 0.0 0.0 0.0
  outer loop
    vertex -14.0 -53.5 20.400001525878906
    vertex -14.0 -56.875 20.400001525878906
    vertex -14.0 -56.875 20.600000381469727
  endloop
endfacet
facet normal 0.0 0.0 0.0
  outer loop
    vertex -14.0 -57.0 20.600000381469727
    vertex -14.0 -56.875 20.600000381469727
    vertex -14.0 -56.875 20.400001525878906
  endloop
endfacet
facet normal 0.0 0.0 0.0
  outer loop
    vertex -14.0 -56.875 20.400001525878906
    vertex -14.0 -57.0 20.400001525878906
    vertex -14.0 -57.0 20.600000381469727
  endloop
endfacet
facet normal 0.0 0.0 0.0
  outer loop
    vertex -14.0 -60.375 20.600000381469727
    vertex -14.0 -60.5 20.600000381469727
    vertex -2.125 -60.5 20.600000381469727
  endloop
endfacet
facet normal 0.0 0.0 0.0
  outer loop
    vertex -2.125 -60.5 20.600000381469727
    vertex -2.0 -60.5 20.600000381469727
    vertex -2.0 -53.625 20.600000381469727
  endloop
endfacet
facet normal 0.0 0.0 0.0
  outer loop
    vertex -2.0 -53.625 20.600000381469727
    vertex -2.0 -53.5 20.600000381469727
    vertex -13.875 -53.5 20.600000381469727
  endloop
endfacet
facet normal 0.0 0.0 0.0
  outer loop
    vertex -13.875 -53.5 20.600000381469727
    vertex -14.0 -53.5 20.600000381469727
    vertex -14.0 -56.875 20.600000381469727
  endloop
endfacet
facet normal 0.0 0.0 0.0
  outer loop
    vertex -14.0 -57.0 20.600000381469727
    vertex -14.0 -60.375 20.600000381469727
    vertex -2.125 -60.5 20.600000381469727
  endloop
endfacet
facet normal 0.0 0.0 0.0
  outer loop
    vertex -2.125 -60.5 20.600000381469727
    vertex -2.0 -53.625 20.600000381469727
    vertex -13.875 -53.5 20.600000381469727
  endloop
endfacet
facet normal 0.0 0.0 0.0
  outer loop
    vertex -13.875 -53.5 20.600000381469727
    vertex -14.0 -56.875 20.600000381469727
    vertex -14.0 -57.0 20.600000381469727
  endloop
endfacet
facet normal 0.0 0.0 0.0
  outer loop
    vertex -14.0 -57.0 20.600000381469727
    vertex -2.125 -60.5 20.600000381469727
    vertex -13.875 -53.5 20.600000381469727
  endloop
endfacet
facet normal 0.0 0.0 0.0
  outer loop
    vertex 8.0 -60.375 20.600000381469727
    vertex 8.0 -57.0 20.600000381469727
    vertex 8.0 -57.0 20.400001525878906
  endloop
endfacet
facet normal 0.0 0.0 0.0
  outer loop
    vertex 8.0 -57.0 20.400001525878906
    vertex 8.0 -60.375 20.400001525878906
    vertex 8.0 -60.375 20.600000381469727
  endloop
endfacet
facet normal 0.0 0.0 0.0
  outer loop
    vertex 8.0 -60.5 20.600000381469727
    vertex 8.0 -60.375 20.600000381469727
    vertex 8.0 -60.375 20.400001525878906
  endloop
endfacet
facet normal 0.0 0.0 0.0
  outer loop
    vertex 8.0 -60.375 20.400001525878906
    vertex 8.0 -60.5 20.400001525878906
    vertex 8.0 -60.5 20.600000381469727
  endloop
endfacet
facet normal 0.0 0.0 0.0
  outer loop
    vertex 19.875 -60.5 20.600000381469727
    vertex 8.0 -60.5 20.600000381469727
    vertex 8.0 -60.5 20.400001525878906
  endloop
endfacet
facet normal 0.0 0.0 0.0
  outer loop
    vertex 8.0 -60.5 20.400001525878906
    vertex 19.875 -60.5 20.400001525878906
    vertex 19.875 -60.5 20.600000381469727
  endloop
endfacet
facet normal 0.0 0.0 0.0
  outer loop
    vertex 20.0 -60.5 20.600000381469727
    vertex 19.875 -60.5 20.600000381469727
    vertex 19.875 -60.5 20.400001525878906
  endloop
endfacet
facet normal 0.0 0.0 0.0
  outer loop
    vertex 19.875 -60.5 20.400001525878906
    vertex 20.0 -60.5 20.400001525878906
    vertex 20.0 -60.5 20.600000381469727
  endloop
endfacet
facet normal 0.0 0.0 0.0
  outer loop
    vertex 20.0 -53.625 20.600000381469727
    vertex 20.0 -60.5 20.600000381469727
    vertex 20.0 -60.5 20.400001525878906
  endloop
endfacet
facet normal 0.0 0.0 0.0
  outer loop
    vertex 20.0 -60.5 20.400001525878906
    vertex 20.0 -53.625 20.400001525878906
    vertex 20.0 -53.625 20.600000381469727
  endloop
endfacet
facet normal 0.0 0.0 0.0
  outer loop
    vertex 20.0 -53.5 20.600000381469727
    vertex 20.0 -53.625 20.600000381469727
    vertex 20.0 -53.625 20.400001525878906
  endloop
endfacet
facet normal 0.0 0.0 0.0
  outer loop
    vertex 20.0 -53.625 20.400001525878906
    vertex 20.0 -53.5 20.400001525878906
    vertex 20.0 -53.5 20.600000381469727
  endloop
endfacet
facet normal 0.0 0.0 0.0
  outer loop
    vertex 8.125 -53.5 20.600000381469727
    vertex 20.0 -53.5 20.600000381469727
    vertex 20.0 -53.5 20.400001525878906
  endloop
endfacet
facet normal 0.0 0.0 0.0
  outer loop
    vertex 20.0 -53.5 20.400001525878906
    vertex 8.125 -53.5 20.400001525878906
    vertex 8.125 -53.5 20.600000381469727
  endloop
endfacet
facet normal 0.0 0.0 0.0
  outer loop
    vertex 8.0 -53.5 20.600000381469727
    vertex 8.125 -53.5 20.600000381469727
    vertex 8.125 -53.5 20.400001525878906
  endloop
endfacet
facet normal 0.0 0.0 0.0
  outer loop
    vertex 8.125 -53.5 20.400001525878906
    vertex 8.0 -53.5 20.400001525878906
    vertex 8.0 -53.5 20.600000381469727
  endloop
endfacet
facet normal 0.0 0.0 0.0
  outer loop
    vertex 8.0 -56.875 20.600000381469727
    vertex 8.0 -53.5 20.600000381469727
    vertex 8.0 -53.5 20.400001525878906
  endloop
endfacet
facet normal 0.0 0.0 0.0
  outer loop
    vertex 8.0 -53.5 20.400001525878906
    vertex 8.0 -56.875 20.400001525878906
    vertex 8.0 -56.875 20.600000381469727
  endloop
endfacet
facet normal 0.0 0.0 0.0
  outer loop
    vertex 8.0 -57.0 20.600000381469727
    vertex 8.0 -56.875 20.600000381469727
    vertex 8.0 -56.875 20.400001525878906
  endloop
endfacet
facet normal 0.0 0.0 0.0
  outer loop
    vertex 8.0 -56.875 20.400001525878906
    vertex 8.0 -57.0 20.400001525878906
    vertex 8.0 -57.0 20.600000381469727
  endloop
endfacet
facet normal 0.0 0.0 0.0
  outer loop
    vertex 8.0 -60.375 20.600000381469727
    vertex 8.0 -60.5 20.600000381469727
    vertex 19.875 -60.5 20.600000381469727
  endloop
endfacet
facet normal 0.0 0.0 0.0
  outer loop
    vertex 19.875 -60.5 20.600000381469727
    vertex 20.0 -60.5 20.600000381469727
    vertex 20.0 -53.625 20.600000381469727
  endloop
endfacet
facet normal 0.0 0.0 0.0
  outer loop
    vertex 20.0 -53.625 20.600000381469727
    vertex 20.0 -53.5 20.600000381469727
    vertex 8.125 -53.5 20.600000381469727
  endloop
endfacet
facet normal 0.0 0.0 0.0
  outer loop
    vertex 8.125 -53.5 20.600000381469727
    vertex 8.0 -53.5 20.600000381469727
    vertex 8.0 -56.875 20.600000381469727
  endloop
endfacet
facet normal 0.0 0.0 0.0
  outer loop
    vertex 8.0 -57.0 20.600000381469727
    vertex 8.0 -60.375 20.600000381469727
    vertex 19.875 -60.5 20.600000381469727
  endloop
endfacet
facet normal 0.0 0.0 0.0
  outer loop
    vertex 19.875 -60.5 20.600000381469727
    vertex 20.0 -53.625 20.600000381469727
    vertex 8.125 -53.5 20.600000381469727
  endloop
endfacet
facet normal 0.0 0.0 0.0
  outer loop
    vertex 8.125 -53.5 20.600000381469727
    vertex 8.0 -56.875 20.600000381469727
    vertex 8.0 -57.0 20.600000381469727
  endloop
endfacet
facet normal 0.0 0.0 0.0
  outer loop
    vertex 8.0 -57.0 20.600000381469727
    vertex 19.875 -60.5 20.600000381469727
    vertex 8.125 -53.5 20.600000381469727
  endloop
endfacet
facet normal 0.0 0.0 0.0
  outer loop
    vertex 30.0 -60.375 20.600000381469727
    vertex 30.0 -57.0 20.600000381469727
    vertex 30.0 -57.0 20.400001525878906
  endloop
endfacet
facet normal 0.0 0.0 0.0
  outer loop
    vertex 30.0 -57.0 20.400001525878906
    vertex 30.0 -60.375 20.400001525878906
    vertex 30.0 -60.375 20.600000381469727
  endloop
endfacet
facet normal 0.0 0.0 0.0
  outer loop
    vertex 30.0 -60.5 20.600000381469727
    vertex 30.0 -60.375 20.600000381469727
    vertex 30.0 -60.375 20.400001525878906
  endloop
endfacet
facet normal 0.0 0.0 0.0
  outer loop
    vertex 30.0 -60.375 20.400001525878906
    vertex 30.0 -60.5 20.400001525878906
    vertex 30.0 -60.5 20.600000381469727
  endloop
endfacet
facet normal 0.0 0.0 0.0
  outer loop
    vertex 41.875 -60.5 20.600000381469727
    vertex 30.0 -60.5 20.600000381469727
    vertex 30.0 -60.5 20.400001525878906
  endloop
endfacet
facet normal 0.0 0.0 0.0
  outer loop
    vertex 30.0 -60.5 20.400001525878906
    vertex 41.875 -60.5 20.400001525878906
    vertex 41.875 -60.5 20.600000381469727
  endloop
endfacet
facet normal 0.0 0.0 0.0
  outer loop
    vertex 42.0 -60.5 20.600000381469727
    vertex 41.875 -60.5 20.600000381469727
    vertex 41.875 -60.5 20.400001525878906
  endloop
endfacet
facet normal 0.0 0.0 0.0
  outer loop
    vertex 41.875 -60.5 20.400001525878906
    vertex 42.0 -60.5 20.400001525878906
    vertex 42.0 -60.5 20.600000381469727
  endloop
endfacet
facet normal 0.0 0.0 0.0
  outer loop
    vertex 42.0 -53.625 20.600000381469727
    vertex 42.0 -60.5 20.600000381469727
    vertex 42.0 -60.5 20.400001525878906
  endloop
endfacet
facet normal 0.0 0.0 0.0
  outer loop
    vertex 42.0 -60.5 20.400001525878906
    vertex 42.0 -53.625 20.400001525878906
    vertex 42.0 -53.625 20.600000381469727
  endloop
endfacet
facet normal 0.0 0.0 0.0
  outer loop
    vertex 42.0 -53.5 20.600000381469727
    vertex 42.0 -53.625 20.600000381469727
    vertex 42.0 -53.625 20.400001525878906
  endloop
endfacet
facet normal 0.0 0.0 0.0
  outer loop
    vertex 42.0 -53.625 20.400001525878906
    vertex 42.0 -53.5 20.400001525878906
    vertex 42.0 -53.5 20.600000381469727
  endloop
endfacet
facet normal 0.0 0.0 0.0
  outer loop
    vertex 30.125 -53.5 20.600000381469727
    vertex 42.0 -53.5 20.600000381469727
    vertex 42.0 -53.5 20.400001525878906
  endloop
endfacet
facet normal 0.0 0.0 0.0
  outer loop
    vertex 42.0 -53.5 20.400001525878906
    vertex 30.125 -53.5 20.400001525878906
    vertex 30.125 -53.5 20.600000381469727
  endloop
endfacet
facet normal 0.0 0.0 0.0
  outer loop
    vertex 30.0 -53.5 20.600000381469727
    vertex 30.125 -53.5 20.600000381469727
    vertex 30.125 -53.5 20.400001525878906
  endloop
endfacet
facet normal 0.0 0.0 0.0
  outer loop
    vertex 30.125 -53.5 20.400001525878906
    vertex 30.0 -53.5 20.400001525878906
    vertex 30.0 -53.5 20.600000381469727
  endloop
endfacet
facet normal 0.0 0.0 0.0
  outer loop
    vertex 30.0 -56.875 20.600000381469727
    vertex 30.0 -53.5 20.600000381469727
    vertex 30.0 -53.5 20.400001525878906
  endloop
endfacet
facet normal 0.0 0.0 0.0
  outer loop
    vertex 30.0 -53.5 20.400001525878906
    vertex 30.0 -56.875 20.400001525878906
    vertex 30.0 -56.875 20.600000381469727
  endloop
endfacet
facet normal 0.0 0.0 0.0
  outer loop
    vertex 30.0 -57.0 20.600000381469727
    vertex 30.0 -56.875 20.600000381469727
    vertex 30.0 -56.875 20.400001525878906
  endloop
endfacet
facet normal 0.0 0.0 0.0
  outer loop
    vertex 30.0 -56.875 20.400001525878906
    vertex 30.0 -57.0 20.400001525878906
    vertex 30.0 -57.0 20.600000381469727
  endloop
endfacet
facet normal 0.0 0.0 0.0
  outer loop
    vertex 30.0 -60.375 20.600000381469727
    vertex 30.0 -60.5 20.600000381469727
    vertex 41.875 -60.5 20.600000381469727
  endloop
endfacet
facet normal 0.0 0.0 0.0
  outer loop
    vertex 41.875 -60.5 20.600000381469727
    vertex 42.0 -60.5 20.600000381469727
    vertex 42.0 -53.625 20.600000381469727
  endloop
endfacet
facet normal 0.0 0.0 0.0
  outer loop
    vertex 42.0 -53.625 20.600000381469727
    vertex 42.0 -53.5 20.600000381469727
    vertex 30.125 -53.5 20.600000381469727
  endloop
endfacet
facet normal 0.0 0.0 0.0
  outer loop
    vertex 30.125 -53.5 20.600000381469727
    vertex 30.0 -53.5 20.600000381469727
    vertex 30.0 -56.875 20.600000381469727
  endloop
endfacet
facet normal 0.0 0.0 0.0
  outer loop
    vertex 30.0 -57.0 20.600000381469727
    vertex 30.0 -60.375 20.600000381469727
    vertex 41.875 -60.5 20.600000381469727
  endloop
endfacet
facet normal 0.0 0.0 0.0
  outer loop
    vertex 41.875 -60.5 20.600000381469727
    vertex 42.0 -53.625 20.600000381469727
    vertex 30.125 -53.5 20.600000381469727
  endloop
endfacet
facet normal 0.0 0.0 0.0
  outer loop
    vertex 30.125 -53.5 20.600000381469727
    vertex 30.0 -56.875 20.600000381469727
    vertex 30.0 -57.0 20.600000381469727
  endloop
endfacet
facet normal 0.0 0.0 0.0
  outer loop
    vertex 30.0 -57.0 20.600000381469727
    vertex 41.875 -60.5 20.600000381469727
    vertex 30.125 -53.5 20.600000381469727
  endloop
endfacet
facet normal 0.0 0.0 0.0
  outer loop
    vertex -80.0 53.625 20.600000381469727
    vertex -80.0 57.0 20.600000381469727
    vertex -80.0 57.0 20.400001525878906
  endloop
endfacet
facet normal 0.0 0.0 0.0
  outer loop
    vertex -80.0 57.0 20.400001525878906
    vertex -80.0 53.625 20.400001525878906
    vertex -80.0 53.625 20.600000381469727
  endloop
endfacet
facet normal 0.0 0.0 0.0
  outer loop
    vertex -80.0 53.5 20.600000381469727
    vertex -80.0 53.625 20.600000381469727
    vertex -80.0 53.625 20.400001525878906
  endloop
endfacet
facet normal 0.0 0.0 0.0
  outer loop
    vertex -80.0 53.625 20.400001525878906
    vertex -80.0 53.5 20.400001525878906
    vertex -80.0 53.5 20.600000381469727
  endloop
endfacet
facet normal 0.0 0.0 0.0
  outer loop
    vertex -74.125 53.5 20.600000381469727
    vertex -80.0 53.5 20.600000381469727
    vertex -80.0 53.5 20.400001525878906
  endloop
endfacet
facet normal 0.0 0.0 0.0
  outer loop
    vertex -80.0 53.5 20.400001525878906
    vertex -74.125 53.5 20.400001525878906
    vertex -74.125 53.5 20.600000381469727
  endloop
endfacet
facet normal 0.0 0.0 0.0
  outer loop
    vertex -74.0 53.5 20.600000381469727
    vertex -74.125 53.5 20.600000381469727
    vertex -74.125 53.5 20.400001525878906
  endloop
endfacet
facet normal 0.0 0.0 0.0
  outer loop
    vertex -74.125 53.5 20.400001525878906
    vertex -74.0 53.5 20.400001525878906
    vertex -74.0 53.5 20.600000381469727
  endloop
endfacet
facet normal 0.0 0.0 0.0
  outer loop
    vertex -74.0 60.375 20.600000381469727
    vertex -74.0 53.5 20.600000381469727
    vertex -74.0 53.5 20.400001525878906
  endloop
endfacet
facet normal 0.0 0.0 0.0
  outer loop
    vertex -74.0 53.5 20.400001525878906
    vertex -74.0 60.375 20.400001525878906
    vertex -74.0 60.375 20.600000381469727
  endloop
endfacet
facet normal 0.0 0.0 0.0
  outer loop
    vertex -74.0 60.5 20.600000381469727
    vertex -74.0 60.375 20.600000381469727
    vertex -74.0 60.375 20.400001525878906
  endloop
endfacet
facet normal 0.0 0.0 0.0
  outer loop
    vertex -74.0 60.375 20.400001525878906
    vertex -74.0 60.5 20.400001525878906
    vertex -74.0 60.5 20.600000381469727
  endloop
endfacet
facet normal 0.0 0.0 0.0
  outer loop
    vertex -79.875 60.5 20.600000381469727
    vertex -74.0 60.5 20.600000381469727
    vertex -74.0 60.5 20.400001525878906
  endloop
endfacet
facet normal 0.0 0.0 0.0
  outer loop
    vertex -74.0 60.5 20.400001525878906
    vertex -79.875 60.5 20.400001525878906
    vertex -79.875 60.5 20.600000381469727
  endloop
endfacet
facet normal 0.0 0.0 0.0
  outer loop
    vertex -80.0 60.5 20.600000381469727
    vertex -79.875 60.5 20.600000381469727
    vertex -79.875 60.5 20.400001525878906
  endloop
endfacet
facet normal 0.0 0.0 0.0
  outer loop
    vertex -79.875 60.5 20.400001525878906
    vertex -80.0 60.5 20.400001525878906
    vertex -80.0 60.5 20.600000381469727
  endloop
endfacet
facet normal 0.0 0.0 0.0
  outer loop
    vertex -80.0 57.125 20.600000381469727
    vertex -80.0 60.5 20.600000381469727
    vertex -80.0 60.5 20.400001525878906
  endloop
endfacet
facet normal 0.0 0.0 0.0
  outer loop
    vertex -80.0 60.5 20.400001525878906
    vertex -80.0 57.125 20.400001525878906
    vertex -80.0 57.125 20.600000381469727
  endloop
endfacet
facet normal 0.0 0.0 0.0
  outer loop
    vertex -80.0 57.0 20.600000381469727
    vertex -80.0 57.125 20.600000381469727
    vertex -80.0 57.125 20.400001525878906
  endloop
endfacet
facet normal 0.0 0.0 0.0
  outer loop
    vertex -80.0 57.125 20.400001525878906
    vertex -80.0 57.0 20.400001525878906
    vertex -80.0 57.0 20.600000381469727
  endloop
endfacet
facet normal 0.0 0.0 0.0
  outer loop
    vertex -80.0 53.625 20.600000381469727
    vertex -80.0 53.5 20.600000381469727
    vertex -74.125 53.5 20.600000381469727
  endloop
endfacet
facet normal 0.0 0.0 0.0
  outer loop
    vertex -74.125 53.5 20.600000381469727
    vertex -74.0 53.5 20.600000381469727
    vertex -74.0 60.375 20.600000381469727
  endloop
endfacet
facet normal 0.0 0.0 0.0
  outer loop
    vertex -74.0 60.375 20.600000381469727
    vertex -74.0 60.5 20.600000381469727
    vertex -79.875 60.5 20.600000381469727
  endloop
endfacet
facet normal 0.0 0.0 0.0
  outer loop
    vertex -79.875 60.5 20.600000381469727
    vertex -80.0 60.5 20.600000381469727
    vertex -80.0 57.125 20.600000381469727
  endloop
endfacet
facet normal 0.0 0.0 0.0
  outer loop
    vertex -80.0 57.0 20.600000381469727
    vertex -80.0 53.625 20.600000381469727
    vertex -74.125 53.5 20.600000381469727
  endloop
endfacet
facet normal 0.0 0.0 0.0
  outer loop
    vertex -74.125 53.5 20.600000381469727
    vertex -74.0 60.375 20.600000381469727
    vertex -79.875 60.5 20.600000381469727
  endloop
endfacet
facet normal 0.0 0.0 0.0
  outer loop
    vertex -79.875 60.5 20.600000381469727
    vertex -80.0 57.125 20.600000381469727
    vertex -80.0 57.0 20.600000381469727
  endloop
endfacet
facet normal 0.0 0.0 0.0
  outer loop
    vertex -80.0 57.0 20.600000381469727
    vertex -74.125 53.5 20.600000381469727
    vertex -79.875 60.5 20.600000381469727
  endloop
endfacet
facet normal 0.0 0.0 0.0
  outer loop
    vertex 70.0 -53.375 24.80000114440918
    vertex 70.0 -52.0 24.80000114440918
    vertex 70.0 -52.0 20.600000381469727
  endloop
endfacet
facet normal 0.0 0.0 0.0
  outer loop
    vertex 70.0 -52.0 20.600000381469727
    vertex 70.0 -53.375 20.600000381469727
    vertex 70.0 -53.375 24.80000114440918
  endloop
endfacet
facet normal 0.0 0.0 0.0
  outer loop
    vertex 70.0 -53.5 24.80000114440918
    vertex 70.0 -53.375 24.80000114440918
    vertex 70.0 -53.375 20.600000381469727
  endloop
endfacet
facet normal 0.0 0.0 0.0
  outer loop
    vertex 70.0 -53.375 20.600000381469727
    vertex 70.0 -53.5 20.600000381469727
    vertex 70.0 -53.5 24.80000114440918
  endloop
endfacet
facet normal 0.0 0.0 0.0
  outer loop
    vertex -79.875 -53.5 24.80000114440918
    vertex 70.0 -53.5 24.80000114440918
    vertex 70.0 -53.5 20.600000381469727
  endloop
endfacet
facet normal 0.0 0.0 0.0
  outer loop
    vertex 70.0 -53.5 20.600000381469727
    vertex -79.875 -53.5 20.600000381469727
    vertex -79.875 -53.5 24.80000114440918
  endloop
endfacet
facet normal 0.0 0.0 0.0
  outer loop
    vertex -80.0 -53.5 24.80000114440918
    vertex -79.875 -53.5 24.80000114440918
    vertex -79.875 -53.5 20.600000381469727
  endloop
endfacet
facet normal 0.0 0.0 0.0
  outer loop
    vertex -79.875 -53.5 20.600000381469727
    vertex -80.0 -53.5 20.600000381469727
    vertex -80.0 -53.5 24.80000114440918
  endloop
endfacet
facet normal 0.0 0.0 0.0
  outer loop
    vertex -80.0 -60.375 24.80000114440918
    vertex -80.0 -53.5 24.80000114440918
    vertex -80.0 -53.5 20.600000381469727
  endloop
endfacet
facet normal 0.0 0.0 0.0
  outer loop
    vertex -80.0 -53.5 20.600000381469727
    vertex -80.0 -60.375 20.600000381469727
    vertex -80.0 -60.375 24.80000114440918
  endloop
endfacet
facet normal 0.0 0.0 0.0
  outer loop
    vertex -80.0 -60.5 24.80000114440918
    vertex -80.0 -60.375 24.80000114440918
    vertex -80.0 -60.375 20.600000381469727
  endloop
endfacet
facet normal 0.0 0.0 0.0
  outer loop
    vertex -80.0 -60.375 20.600000381469727
    vertex -80.0 -60.5 20.600000381469727
    vertex -80.0 -60.5 24.80000114440918
  endloop
endfacet
facet normal 0.0 0.0 0.0
  outer loop
    vertex 79.875 -60.5 24.80000114440918
    vertex -80.0 -60.5 24.80000114440918
    vertex -80.0 -60.5 20.600000381469727
  endloop
endfacet
facet normal 0.0 0.0 0.0
  outer loop
    vertex -80.0 -60.5 20.600000381469727
    vertex 79.875 -60.5 20.600000381469727
    vertex 79.875 -60.5 24.80000114440918
  endloop
endfacet
facet normal 0.0 0.0 0.0
  outer loop
    vertex 80.0 -60.5 24.80000114440918
    vertex 79.875 -60.5 24.80000114440918
    vertex 79.875 -60.5 20.600000381469727
  endloop
endfacet
facet normal 0.0 0.0 0.0
  outer loop
    vertex 79.875 -60.5 20.600000381469727
    vertex 80.0 -60.5 20.600000381469727
    vertex 80.0 -60.5 24.80000114440918
  endloop
endfacet
facet normal 0.0 0.0 0.0
  outer loop
    vertex 80.0 -50.625 24.80000114440918
    vertex 80.0 -60.5 24.80000114440918
    vertex 80.0 -60.5 20.600000381469727
  endloop
endfacet
facet normal 0.0 0.0 0.0
  outer loop
    vertex 80.0 -60.5 20.600000381469727
    vertex 80.0 -50.625 20.600000381469727
    vertex 80.0 -50.625 24.80000114440918
  endloop
endfacet
facet normal 0.0 0.0 0.0
  outer loop
    vertex 80.0 -50.5 24.80000114440918
    vertex 80.0 -50.625 24.80000114440918
    vertex 80.0 -50.625 20.600000381469727
  endloop
endfacet
facet normal 0.0 0.0 0.0
  outer loop
    vertex 80.0 -50.625 20.600000381469727
    vertex 80.0 -50.5 20.600000381469727
    vertex 80.0 -50.5 24.80000114440918
  endloop
endfacet
facet normal 0.0 0.0 0.0
  outer loop
    vertex 70.125 -50.5 24.80000114440918
    vertex 80.0 -50.5 24.80000114440918
    vertex 80.0 -50.5 20.600000381469727
  endloop
endfacet
facet normal 0.0 0.0 0.0
  outer loop
    vertex 80.0 -50.5 20.600000381469727
    vertex 70.125 -50.5 20.600000381469727
    vertex 70.125 -50.5 24.80000114440918
  endloop
endfacet
facet normal 0.0 0.0 0.0
  outer loop
    vertex 70.0 -50.5 24.80000114440918
    vertex 70.125 -50.5 24.80000114440918
    vertex 70.125 -50.5 20.600000381469727
  endloop
endfacet
facet normal 0.0 0.0 0.0
  outer loop
    vertex 70.125 -50.5 20.600000381469727
    vertex 70.0 -50.5 20.600000381469727
    vertex 70.0 -50.5 24.80000114440918
  endloop
endfacet
facet normal 0.0 0.0 0.0
  outer loop
    vertex 70.0 -51.875 24.80000114440918
    vertex 70.0 -50.5 24.80000114440918
    vertex 70.0 -50.5 20.600000381469727
  endloop
endfacet
facet normal 0.0 0.0 0.0
  outer loop
    vertex 70.0 -50.5 20.600000381469727
    vertex 70.0 -51.875 20.600000381469727
    vertex 70.0 -51.875 24.80000114440918
  endloop
endfacet
facet normal 0.0 0.0 0.0
  outer loop
    vertex 70.0 -52.0 24.80000114440918
    vertex 70.0 -51.875 24.80000114440918
    vertex 70.0 -51.875 20.600000381469727
  endloop
endfacet
facet normal 0.0 0.0 0.0
  outer loop
    vertex 70.0 -51.875 20.600000381469727
    vertex 70.0 -52.0 20.600000381469727
    vertex 70.0 -52.0 24.80000114440918
  endloop
endfacet
facet normal 0.0 0.0 0.0
  outer loop
    vertex -79.875 -53.5 24.80000114440918
    vertex -80.0 -53.5 24.80000114440918
    vertex -80.0 -60.375 24.80000114440918
  endloop
endfacet
facet normal 0.0 0.0 0.0
  outer loop
    vertex -80.0 -60.375 20.600000381469727
    vertex -80.0 -53.5 20.600000381469727
    vertex -79.875 -53.5 20.600000381469727
  endloop
endfacet
facet normal 0.0 0.0 0.0
  outer loop
    vertex -80.0 -60.375 24.80000114440918
    vertex -80.0 -60.5 24.80000114440918
    vertex 79.875 -60.5 24.80000114440918
  endloop
endfacet
facet normal 0.0 0.0 0.0
  outer loop
    vertex 79.875 -60.5 20.600000381469727
    vertex -80.0 -60.5 20.600000381469727
    vertex -80.0 -60.375 20.600000381469727
  endloop
endfacet
facet normal 0.0 0.0 0.0
  outer loop
    vertex 79.875 -60.5 24.80000114440918
    vertex 80.0 -60.5 24.80000114440918
    vertex 80.0 -50.625 24.80000114440918
  endloop
endfacet
facet normal 0.0 0.0 0.0
  outer loop
    vertex 80.0 -50.625 24.80000114440918
    vertex 80.0 -50.5 24.80000114440918
    vertex 70.125 -50.5 24.80000114440918
  endloop
endfacet
facet normal 0.0 0.0 0.0
  outer loop
    vertex 70.125 -50.5 24.80000114440918
    vertex 70.0 -50.5 24.80000114440918
    vertex 70.0 -51.875 24.80000114440918
  endloop
endfacet
facet normal 0.0 0.0 0.0
  outer loop
    vertex 70.0 -53.5 24.80000114440918
    vertex -79.875 -53.5 24.80000114440918
    vertex -80.0 -60.375 24.80000114440918
  endloop
endfacet
facet normal 0.0 0.0 0.0
  outer loop
    vertex -80.0 -60.375 20.600000381469727
    vertex -79.875 -53.5 20.600000381469727
    vertex 70.0 -53.5 20.600000381469727
  endloop
endfacet
facet normal 0.0 0.0 0.0
  outer loop
    vertex 79.875 -60.5 24.80000114440918
    vertex 80.0 -50.625 24.80000114440918
    vertex 70.125 -50.5 24.80000114440918
  endloop
endfacet
facet normal 0.0 0.0 0.0
  outer loop
    vertex 70.125 -50.5 20.600000381469727
    vertex 80.0 -50.625 20.600000381469727
    vertex 79.875 -60.5 20.600000381469727
  endloop
endfacet
facet normal 0.0 0.0 0.0
  outer loop
    vertex 70.125 -50.5 24.80000114440918
    vertex 70.0 -51.875 24.80000114440918
    vertex 70.0 -52.0 24.80000114440918
  endloop
endfacet
facet normal 0.0 0.0 0.0
  outer loop
    vertex 70.0 -52.0 20.600000381469727
    vertex 70.0 -51.875 20.600000381469727
    vertex 70.125 -50.5 20.600000381469727
  endloop
endfacet
facet normal 0.0 0.0 0.0
  outer loop
    vertex 70.0 -53.5 24.80000114440918
    vertex -80.0 -60.375 24.80000114440918
    vertex 79.875 -60.5 24.80000114440918
  endloop
endfacet
facet normal 0.0 0.0 0.0
  outer loop
    vertex 79.875 -60.5 20.600000381469727
    vertex -80.0 -60.375 20.600000381469727
    vertex 70.0 -53.5 20.600000381469727
  endloop
endfacet
facet normal 0.0 0.0 0.0
  outer loop
    vertex 79.875 -60.5 24.80000114440918
    vertex 70.125 -50.5 24.80000114440918
    vertex 70.0 -52.0 24.80000114440918
  endloop
endfacet
facet normal 0.0 0.0 0.0
  outer loop
    vertex 70.0 -52.0 20.600000381469727
    vertex 70.125 -50.5 20.600000381469727
    vertex 79.875 -60.5 20.600000381469727
  endloop
endfacet
facet normal 0.0 0.0 0.0
  outer loop
    vertex 70.0 -53.375 24.80000114440918
    vertex 70.0 -53.5 24.80000114440918
    vertex 79.875 -60.5 24.80000114440918
  endloop
endfacet
facet normal 0.0 0.0 0.0
  outer loop
    vertex 79.875 -60.5 20.600000381469727
    vertex 70.0 -53.5 20.600000381469727
    vertex 70.0 -53.375 20.600000381469727
  endloop
endfacet
facet normal 0.0 0.0 0.0
  outer loop
    vertex 79.875 -60.5 24.80000114440918
    vertex 70.0 -52.0 24.80000114440918
    vertex 70.0 -53.375 24.80000114440918
  endloop
endfacet
facet normal 0.0 0.0 0.0
  outer loop
    vertex 70.0 -53.375 20.600000381469727
    vertex 70.0 -52.0 20.600000381469727
    vertex 79.875 -60.5 20.600000381469727
  endloop
endfacet
facet normal 0.0 0.0 0.0
  outer loop
    vertex 70.0 -10.375 24.80000114440918
    vertex 70.0 -0.0 24.80000114440918
    vertex 70.0 -0.0 20.600000381469727
  endloop
endfacet
facet normal 0.0 0.0 0.0
  outer loop
    vertex 70.0 -0.0 20.600000381469727
    vertex 70.0 -10.375 20.600000381469727
    vertex 70.0 -10.375 24.80000114440918
  endloop
endfacet
facet normal 0.0 0.0 0.0
  outer loop
    vertex 70.0 -10.5 24.80000114440918
    vertex 70.0 -10.375 24.80000114440918
    vertex 70.0 -10.375 20.600000381469727
  endloop
endfacet
facet normal 0.0 0.0 0.0
  outer loop
    vertex 70.0 -10.375 20.600000381469727
    vertex 70.0 -10.5 20.600000381469727
    vertex 70.0 -10.5 24.80000114440918
  endloop
endfacet
facet normal 0.0 0.0 0.0
  outer loop
    vertex 79.875 -10.5 24.80000114440918
    vertex 70.0 -10.5 24.80000114440918
    vertex 70.0 -10.5 20.600000381469727
  endloop
endfacet
facet normal 0.0 0.0 0.0
  outer loop
    vertex 70.0 -10.5 20.600000381469727
    vertex 79.875 -10.5 20.600000381469727
    vertex 79.875 -10.5 24.80000114440918
  endloop
endfacet
facet normal 0.0 0.0 0.0
  outer loop
    vertex 80.0 -10.5 24.80000114440918
    vertex 79.875 -10.5 24.80000114440918
    vertex 79.875 -10.5 20.600000381469727
  endloop
endfacet
facet normal 0.0 0.0 0.0
  outer loop
    vertex 79.875 -10.5 20.600000381469727
    vertex 80.0 -10.5 20.600000381469727
    vertex 80.0 -10.5 24.80000114440918
  endloop
endfacet
facet normal 0.0 0.0 0.0
  outer loop
    vertex 80.0 10.375 24.80000114440918
    vertex 80.0 -10.5 24.80000114440918
    vertex 80.0 -10.5 20.600000381469727
  endloop
endfacet
facet normal 0.0 0.0 0.0
  outer loop
    vertex 80.0 -10.5 20.600000381469727
    vertex 80.0 10.375 20.600000381469727
    vertex 80.0 10.375 24.80000114440918
  endloop
endfacet
facet normal 0.0 0.0 0.0
  outer loop
    vertex 80.0 10.5 24.80000114440918
    vertex 80.0 10.375 24.80000114440918
    vertex 80.0 10.375 20.600000381469727
  endloop
endfacet
facet normal 0.0 0.0 0.0
  outer loop
    vertex 80.0 10.375 20.600000381469727
    vertex 80.0 10.5 20.600000381469727
    vertex 80.0 10.5 24.80000114440918
  endloop
endfacet
facet normal 0.0 0.0 0.0
  outer loop
    vertex 70.125 10.5 24.80000114440918
    vertex 80.0 10.5 24.80000114440918
    vertex 80.0 10.5 20.600000381469727
  endloop
endfacet
facet normal 0.0 0.0 0.0
  outer loop
    vertex 80.0 10.5 20.600000381469727
    vertex 70.125 10.5 20.600000381469727
    vertex 70.125 10.5 24.80000114440918
  endloop
endfacet
facet normal 0.0 0.0 0.0
  outer loop
    vertex 70.0 10.5 24.80000114440918
    vertex 70.125 10.5 24.80000114440918
    vertex 70.125 10.5 20.600000381469727
  endloop
endfacet
facet normal 0.0 0.0 0.0
  outer loop
    vertex 70.125 10.5 20.600000381469727
    vertex 70.0 10.5 20.600000381469727
    vertex 70.0 10.5 24.80000114440918
  endloop
endfacet
facet normal 0.0 0.0 0.0
  outer loop
    vertex 70.0 0.125 24.80000114440918
    vertex 70.0 10.5 24.80000114440918
    vertex 70.0 10.5 20.600000381469727
  endloop
endfacet
facet normal 0.0 0.0 0.0
  outer loop
    vertex 70.0 10.5 20.600000381469727
    vertex 70.0 0.125 20.600000381469727
    vertex 70.0 0.125 24.80000114440918
  endloop
endfacet
facet normal 0.0 0.0 0.0
  outer loop
    vertex 70.0 -0.0 24.80000114440918
    vertex 70.0 0.125 24.80000114440918
    vertex 70.0 0.125 20.600000381469727
  endloop
endfacet
facet normal 0.0 0.0 0.0
  outer loop
    vertex 70.0 0.125 20.600000381469727
    vertex 70.0 -0.0 20.600000381469727
    vertex 70.0 -0.0 24.80000114440918
  endloop
endfacet
facet normal 0.0 0.0 0.0
  outer loop
    vertex 70.0 -10.375 24.80000114440918
    vertex 70.0 -10.5 24.80000114440918
    vertex 79.875 -10.5 24.80000114440918
  endloop
endfacet
facet normal 0.0 0.0 0.0
  outer loop
    vertex 79.875 -10.5 24.80000114440918
    vertex 80.0 -10.5 24.80000114440918
    vertex 80.0 10.375 24.80000114440918
  endloop
endfacet
facet normal 0.0 0.0 0.0
  outer loop
    vertex 80.0 10.375 24.80000114440918
    vertex 80.0 10.5 24.80000114440918
    vertex 70.125 10.5 24.80000114440918
  endloop
endfacet
facet normal 0.0 0.0 0.0
  outer loop
    vertex 70.125 10.5 24.80000114440918
    vertex 70.0 10.5 24.80000114440918
    vertex 70.0 0.125 24.80000114440918
  endloop
endfacet
facet normal 0.0 0.0 0.0
  outer loop
    vertex 70.0 -0.0 24.80000114440918
    vertex 70.0 -10.375 24.80000114440918
    vertex 79.875 -10.5 24.80000114440918
  endloop
endfacet
facet normal 0.0 0.0 0.0
  outer loop
    vertex 79.875 -10.5 24.80000114440918
    vertex 80.0 10.375 24.80000114440918
    vertex 70.125 10.5 24.80000114440918
  endloop
endfacet
facet normal 0.0 0.0 0.0
  outer loop
    vertex 70.125 10.5 24.80000114440918
    vertex 70.0 0.125 24.80000114440918
    vertex 70.0 -0.0 24.80000114440918
  endloop
endfacet
facet normal 0.0 0.0 0.0
  outer loop
    vertex 70.0 -0.0 24.80000114440918
    vertex 79.875 -10.5 24.80000114440918
    vertex 70.125 10.5 24.80000114440918
  endloop
endfacet
facet normal 0.0 0.0 0.0
  outer loop
    vertex 70.0 50.625 24.80000114440918
    vertex 70.0 55.5 24.80000114440918
    vertex 70.0 55.5 20.600000381469727
  endloop
endfacet
facet normal 0.0 0.0 0.0
  outer loop
    vertex 70.0 55.5 20.600000381469727
    vertex 70.0 50.625 20.600000381469727
    vertex 70.0 50.625 24.80000114440918
  endloop
endfacet
facet normal 0.0 0.0 0.0
  outer loop
    vertex 70.0 50.5 24.80000114440918
    vertex 70.0 50.625 24.80000114440918
    vertex 70.0 50.625 20.600000381469727
  endloop
endfacet
facet normal 0.0 0.0 0.0
  outer loop
    vertex 70.0 50.625 20.600000381469727
    vertex 70.0 50.5 20.600000381469727
    vertex 70.0 50.5 24.80000114440918
  endloop
endfacet
facet normal 0.0 0.0 0.0
  outer loop
    vertex 79.875 50.5 24.80000114440918
    vertex 70.0 50.5 24.80000114440918
    vertex 70.0 50.5 20.600000381469727
  endloop
endfacet
facet normal 0.0 0.0 0.0
  outer loop
    vertex 70.0 50.5 20.600000381469727
    vertex 79.875 50.5 20.600000381469727
    vertex 79.875 50.5 24.80000114440918
  endloop
endfacet
facet normal 0.0 0.0 0.0
  outer loop
    vertex 80.0 50.5 24.80000114440918
    vertex 79.875 50.5 24.80000114440918
    vertex 79.875 50.5 20.600000381469727
  endloop
endfacet
facet normal 0.0 0.0 0.0
  outer loop
    vertex 79.875 50.5 20.600000381469727
    vertex 80.0 50.5 20.600000381469727
    vertex 80.0 50.5 24.80000114440918
  endloop
endfacet
facet normal 0.0 0.0 0.0
  outer loop
    vertex 80.0 60.375 24.80000114440918
    vertex 80.0 50.5 24.80000114440918
    vertex 80.0 50.5 20.600000381469727
  endloop
endfacet
facet normal 0.0 0.0 0.0
  outer loop
    vertex 80.0 50.5 20.600000381469727
    vertex 80.0 60.375 20.600000381469727
    vertex 80.0 60.375 24.80000114440918
  endloop
endfacet
facet normal 0.0 0.0 0.0
  outer loop
    vertex 80.0 60.5 24.80000114440918
    vertex 80.0 60.375 24.80000114440918
    vertex 80.0 60.375 20.600000381469727
  endloop
endfacet
facet normal 0.0 0.0 0.0
  outer loop
    vertex 80.0 60.375 20.600000381469727
    vertex 80.0 60.5 20.600000381469727
    vertex 80.0 60.5 24.80000114440918
  endloop
endfacet
facet normal 0.0 0.0 0.0
  outer loop
    vertex 70.125 60.5 24.80000114440918
    vertex 80.0 60.5 24.80000114440918
    vertex 80.0 60.5 20.600000381469727
  endloop
endfacet
facet normal 0.0 0.0 0.0
  outer loop
    vertex 80.0 60.5 20.600000381469727
    vertex 70.125 60.5 20.600000381469727
    vertex 70.125 60.5 24.80000114440918
  endloop
endfacet
facet normal 0.0 0.0 0.0
  outer loop
    vertex 70.0 60.5 24.80000114440918
    vertex 70.125 60.5 24.80000114440918
    vertex 70.125 60.5 20.600000381469727
  endloop
endfacet
facet normal 0.0 0.0 0.0
  outer loop
    vertex 70.125 60.5 20.600000381469727
    vertex 70.0 60.5 20.600000381469727
    vertex 70.0 60.5 24.80000114440918
  endloop
endfacet
facet normal 0.0 0.0 0.0
  outer loop
    vertex 70.0 55.625 24.80000114440918
    vertex 70.0 60.5 24.80000114440918
    vertex 70.0 60.5 20.600000381469727
  endloop
endfacet
facet normal 0.0 0.0 0.0
  outer loop
    vertex 70.0 60.5 20.600000381469727
    vertex 70.0 55.625 20.600000381469727
    vertex 70.0 55.625 24.80000114440918
  endloop
endfacet
facet normal 0.0 0.0 0.0
  outer loop
    vertex 70.0 55.5 24.80000114440918
    vertex 70.0 55.625 24.80000114440918
    vertex 70.0 55.625 20.600000381469727
  endloop
endfacet
facet normal 0.0 0.0 0.0
  outer loop
    vertex 70.0 55.625 20.600000381469727
    vertex 70.0 55.5 20.600000381469727
    vertex 70.0 55.5 24.80000114440918
  endloop
endfacet
facet normal 0.0 0.0 0.0
  outer loop
    vertex 70.0 50.625 24.80000114440918
    vertex 70.0 50.5 24.80000114440918
    vertex 79.875 50.5 24.80000114440918
  endloop
endfacet
facet normal 0.0 0.0 0.0
  outer loop
    vertex 79.875 50.5 24.80000114440918
    vertex 80.0 50.5 24.80000114440918
    vertex 80.0 60.375 24.80000114440918
  endloop
endfacet
facet normal 0.0 0.0 0.0
  outer loop
    vertex 80.0 60.375 24.80000114440918
    vertex 80.0 60.5 24.80000114440918
    vertex 70.125 60.5 24.80000114440918
  endloop
endfacet
facet normal 0.0 0.0 0.0
  outer loop
    vertex 70.125 60.5 24.80000114440918
    vertex 70.0 60.5 24.80000114440918
    vertex 70.0 55.625 24.80000114440918
  endloop
endfacet
facet normal 0.0 0.0 0.0
  outer loop
    vertex 70.0 55.5 24.80000114440918
    vertex 70.0 50.625 24.80000114440918
    vertex 79.875 50.5 24.80000114440918
  endloop
endfacet
facet normal 0.0 0.0 0.0
  outer loop
    vertex 79.875 50.5 24.80000114440918
    vertex 80.0 60.375 24.80000114440918
    vertex 70.125 60.5 24.80000114440918
  endloop
endfacet
facet normal 0.0 0.0 0.0
  outer loop
    vertex 70.125 60.5 24.80000114440918
    vertex 70.0 55.625 24.80000114440918
    vertex 70.0 55.5 24.80000114440918
  endloop
endfacet
facet normal 0.0 0.0 0.0
  outer loop
    vertex 70.0 55.5 24.80000114440918
    vertex 79.875 50.5 24.80000114440918
    vertex 70.125 60.5 24.80000114440918
  endloop
endfacet
facet normal 0.0 0.0 0.0
  outer loop
    vertex -80.0 53.625 24.80000114440918
    vertex -80.0 57.0 24.80000114440918
    vertex -80.0 57.0 20.600000381469727
  endloop
endfacet
facet normal 0.0 0.0 0.0
  outer loop
    vertex -80.0 57.0 20.600000381469727
    vertex -80.0 53.625 20.600000381469727
    vertex -80.0 53.625 24.80000114440918
  endloop
endfacet
facet normal 0.0 0.0 0.0
  outer loop
    vertex -80.0 53.5 24.80000114440918
    vertex -80.0 53.625 24.80000114440918
    vertex -80.0 53.625 20.600000381469727
  endloop
endfacet
facet normal 0.0 0.0 0.0
  outer loop
    vertex -80.0 53.625 20.600000381469727
    vertex -80.0 53.5 20.600000381469727
    vertex -80.0 53.5 24.80000114440918
  endloop
endfacet
facet normal 0.0 0.0 0.0
  outer loop
    vertex -74.125 53.5 24.80000114440918
    vertex -80.0 53.5 24.80000114440918
    vertex -80.0 53.5 20.600000381469727
  endloop
endfacet
facet normal 0.0 0.0 0.0
  outer loop
    vertex -80.0 53.5 20.600000381469727
    vertex -74.125 53.5 20.600000381469727
    vertex -74.125 53.5 24.80000114440918
  endloop
endfacet
facet normal 0.0 0.0 0.0
  outer loop
    vertex -74.0 53.5 24.80000114440918
    vertex -74.125 53.5 24.80000114440918
    vertex -74.125 53.5 20.600000381469727
  endloop
endfacet
facet normal 0.0 0.0 0.0
  outer loop
    vertex -74.125 53.5 20.600000381469727
    vertex -74.0 53.5 20.600000381469727
    vertex -74.0 53.5 24.80000114440918
  endloop
endfacet
facet normal 0.0 0.0 0.0
  outer loop
    vertex -74.0 60.375 24.80000114440918
    vertex -74.0 53.5 24.80000114440918
    vertex -74.0 53.5 20.600000381469727
  endloop
endfacet
facet normal 0.0 0.0 0.0
  outer loop
    vertex -74.0 53.5 20.600000381469727
    vertex -74.0 60.375 20.600000381469727
    vertex -74.0 60.375 24.80000114440918
  endloop
endfacet
facet normal 0.0 0.0 0.0
  outer loop
    vertex -74.0 60.5 24.80000114440918
    vertex -74.0 60.375 24.80000114440918
    vertex -74.0 60.375 20.600000381469727
  endloop
endfacet
facet normal 0.0 0.0 0.0
  outer loop
    vertex -74.0 60.375 20.600000381469727
    vertex -74.0 60.5 20.600000381469727
    vertex -74.0 60.5 24.80000114440918
  endloop
endfacet
facet normal 0.0 0.0 0.0
  outer loop
    vertex -79.875 60.5 24.80000114440918
    vertex -74.0 60.5 24.80000114440918
    vertex -74.0 60.5 20.600000381469727
  endloop
endfacet
facet normal 0.0 0.0 0.0
  outer loop
    vertex -74.0 60.5 20.600000381469727
    vertex -79.875 60.5 20.600000381469727
    vertex -79.875 60.5 24.80000114440918
  endloop
endfacet
facet normal 0.0 0.0 0.0
  outer loop
    vertex -80.0 60.5 24.80000114440918
    vertex -79.875 60.5 24.80000114440918
    vertex -79.875 60.5 20.600000381469727
  endloop
endfacet
facet normal 0.0 0.0 0.0
  outer loop
    vertex -79.875 60.5 20.600000381469727
    vertex -80.0 60.5 20.600000381469727
    vertex -80.0 60.5 24.80000114440918
  endloop
endfacet
facet normal 0.0 0.0 0.0
  outer loop
    vertex -80.0 57.125 24.80000114440918
    vertex -80.0 60.5 24.80000114440918
    vertex -80.0 60.5 20.600000381469727
  endloop
endfacet
facet normal 0.0 0.0 0.0
  outer loop
    vertex -80.0 60.5 20.600000381469727
    vertex -80.0 57.125 20.600000381469727
    vertex -80.0 57.125 24.80000114440918
  endloop
endfacet
facet normal 0.0 0.0 0.0
  outer loop
    vertex -80.0 57.0 24.80000114440918
    vertex -80.0 57.125 24.80000114440918
    vertex -80.0 57.125 20.600000381469727
  endloop
endfacet
facet normal 0.0 0.0 0.0
  outer loop
    vertex -80.0 57.125 20.600000381469727
    vertex -80.0 57.0 20.600000381469727
    vertex -80.0 57.0 24.80000114440918
  endloop
endfacet
facet normal 0.0 0.0 0.0
  outer loop
    vertex -80.0 53.625 24.80000114440918
    vertex -80.0 53.5 24.80000114440918
    vertex -74.125 53.5 24.80000114440918
  endloop
endfacet
facet normal 0.0 0.0 0.0
  outer loop
    vertex -74.125 53.5 24.80000114440918
    vertex -74.0 53.5 24.80000114440918
    vertex -74.0 60.375 24.80000114440918
  endloop
endfacet
facet normal 0.0 0.0 0.0
  outer loop
    vertex -74.0 60.375 24.80000114440918
    vertex -74.0 60.5 24.80000114440918
    vertex -79.875 60.5 24.80000114440918
  endloop
endfacet
facet normal 0.0 0.0 0.0
  outer loop
    vertex -79.875 60.5 24.80000114440918
    vertex -80.0 60.5 24.80000114440918
    vertex -80.0 57.125 24.80000114440918
  endloop
endfacet
facet normal 0.0 0.0 0.0
  outer loop
    vertex -80.0 57.0 24.80000114440918
    vertex -80.0 53.625 24.80000114440918
    vertex -74.125 53.5 24.80000114440918
  endloop
endfacet
facet normal 0.0 0.0 0.0
  outer loop
    vertex -74.125 53.5 24.80000114440918
    vertex -74.0 60.375 24.80000114440918
    vertex -79.875 60.5 24.80000114440918
  endloop
endfacet
facet normal 0.0 0.0 0.0
  outer loop
    vertex -79.875 60.5 24.80000114440918
    vertex -80.0 57.125 24.80000114440918
    vertex -80.0 57.0 24.80000114440918
  endloop
endfacet
facet normal 0.0 0.0 0.0
  outer loop
    vertex -80.0 57.0 24.80000114440918
    vertex -74.125 53.5 24.80000114440918
    vertex -79.875 60.5 24.80000114440918
  endloop
endfacet
facet normal 0.0 0.0 0.0
  outer loop
    vertex 70.0 -53.375 25.0
    vertex 70.0 -52.0 25.0
    vertex 70.0 -52.0 24.80000114440918
  endloop
endfacet
facet normal 0.0 0.0 0.0
  outer loop
    vertex 70.0 -52.0 24.80000114440918
    vertex 70.0 -53.375 24.80000114440918
    vertex 70.0 -53.375 25.0
  endloop
endfacet
facet normal 0.0 0.0 0.0
  outer loop
    vertex 70.0 -53.5 25.0
    vertex 70.0 -53.375 25.0
    vertex 70.0 -53.375 24.80000114440918
  endloop
endfacet
facet normal 0.0 0.0 0.0
  outer loop
    vertex 70.0 -53.375 24.80000114440918
    vertex 70.0 -53.5 24.80000114440918
    vertex 70.0 -53.5 25.0
  endloop
endfacet
facet normal 0.0 0.0 0.0
  outer loop
    vertex -79.875 -53.5 25.0
    vertex 70.0 -53.5 25.0
    vertex 70.0 -53.5 24.80000114440918
  endloop
endfacet
facet normal 0.0 0.0 0.0
  outer loop
    vertex 70.0 -53.5 24.80000114440918
    vertex -79.875 -53.5 24.80000114440918
    vertex -79.875 -53.5 25.0
  endloop
endfacet
facet normal 0.0 0.0 0.0
  outer loop
    vertex -80.0 -53.5 25.0
    vertex -79.875 -53.5 25.0
    vertex -79.875 -53.5 24.80000114440918
  endloop
endfacet
facet normal 0.0 0.0 0.0
  outer loop
    vertex -79.875 -53.5 24.80000114440918
    vertex -80.0 -53.5 24.80000114440918
    vertex -80.0 -53.5 25.0
  endloop
endfacet
facet normal 0.0 0.0 0.0
  outer loop
    vertex -80.0 -60.375 25.0
    vertex -80.0 -53.5 25.0
    vertex -80.0 -53.5 24.80000114440918
  endloop
endfacet
facet normal 0.0 0.0 0.0
  outer loop
    vertex -80.0 -53.5 24.80000114440918
    vertex -80.0 -60.375 24.80000114440918
    vertex -80.0 -60.375 25.0
  endloop
endfacet
facet normal 0.0 0.0 0.0
  outer loop
    vertex -80.0 -60.5 25.0
    vertex -80.0 -60.375 25.0
    vertex -80.0 -60.375 24.80000114440918
  endloop
endfacet
facet normal 0.0 0.0 0.0
  outer loop
    vertex -80.0 -60.375 24.80000114440918
    vertex -80.0 -60.5 24.80000114440918
    vertex -80.0 -60.5 25.0
  endloop
endfacet
facet normal 0.0 0.0 0.0
  outer loop
    vertex 79.875 -60.5 25.0
    vertex -80.0 -60.5 25.0
    vertex -80.0 -60.5 24.80000114440918
  endloop
endfacet
facet normal 0.0 0.0 0.0
  outer loop
    vertex -80.0 -60.5 24.80000114440918
    vertex 79.875 -60.5 24.80000114440918
    vertex 79.875 -60.5 25.0
  endloop
endfacet
facet normal 0.0 0.0 0.0
  outer loop
    vertex 80.0 -60.5 25.0
    vertex 79.875 -60.5 25.0
    vertex 79.875 -60.5 24.80000114440918
  endloop
endfacet
facet normal 0.0 0.0 0.0
  outer loop
    vertex 79.875 -60.5 24.80000114440918
    vertex 80.0 -60.5 24.80000114440918
    vertex 80.0 -60.5 25.0
  endloop
endfacet
facet normal 0.0 0.0 0.0
  outer loop
    vertex 80.0 -50.625 25.0
    vertex 80.0 -60.5 25.0
    vertex 80.0 -60.5 24.80000114440918
  endloop
endfacet
facet normal 0.0 0.0 0.0
  outer loop
    vertex 80.0 -60.5 24.80000114440918
    vertex 80.0 -50.625 24.80000114440918
    vertex 80.0 -50.625 25.0
  endloop
endfacet
facet normal 0.0 0.0 0.0
  outer loop
    vertex 80.0 -50.5 25.0
    vertex 80.0 -50.625 25.0
    vertex 80.0 -50.625 24.80000114440918
  endloop
endfacet
facet normal 0.0 0.0 0.0
  outer loop
    vertex 80.0 -50.625 24.80000114440918
    vertex 80.0 -50.5 24.80000114440918
    vertex 80.0 -50.5 25.0
  endloop
endfacet
facet normal 0.0 0.0 0.0
  outer loop
    vertex 70.125 -50.5 25.0
    vertex 80.0 -50.5 25.0
    vertex 80.0 -50.5 24.80000114440918
  endloop
endfacet
facet normal 0.0 0.0 0.0
  outer loop
    vertex 80.0 -50.5 24.80000114440918
    vertex 70.125 -50.5 24.80000114440918
    vertex 70.125 -50.5 25.0
  endloop
endfacet
facet normal 0.0 0.0 0.0
  outer loop
    vertex 70.0 -50.5 25.0
    vertex 70.125 -50.5 25.0
    vertex 70.125 -50.5 24.80000114440918
  endloop
endfacet
facet normal 0.0 0.0 0.0
  outer loop
    vertex 70.125 -50.5 24.80000114440918
    vertex 70.0 -50.5 24.80000114440918
    vertex 70.0 -50.5 25.0
  endloop
endfacet
facet normal 0.0 0.0 0.0
  outer loop
    vertex 70.0 -51.875 25.0
    vertex 70.0 -50.5 25.0
    vertex 70.0 -50.5 24.80000114440918
  endloop
endfacet
facet normal 0.0 0.0 0.0
  outer loop
    vertex 70.0 -50.5 24.80000114440918
    vertex 70.0 -51.875 24.80000114440918
    vertex 70.0 -51.875 25.0
  endloop
endfacet
facet normal 0.0 0.0 0.0
  outer loop
    vertex 70.0 -52.0 25.0
    vertex 70.0 -51.875 25.0
    vertex 70.0 -51.875 24.80000114440918
  endloop
endfacet
facet normal 0.0 0.0 0.0
  outer loop
    vertex 70.0 -51.875 24.80000114440918
    vertex 70.0 -52.0 24.80000114440918
    vertex 70.0 -52.0 25.0
  endloop
endfacet
facet normal 0.0 0.0 0.0
  outer loop
    vertex -79.875 -53.5 25.0
    vertex -80.0 -53.5 25.0
    vertex -80.0 -60.375 25.0
  endloop
endfacet
facet normal 0.0 0.0 0.0
  outer loop
    vertex -80.0 -60.375 25.0
    vertex -80.0 -60.5 25.0
    vertex 79.875 -60.5 25.0
  endloop
endfacet
facet normal 0.0 0.0 0.0
  outer loop
    vertex 79.875 -60.5 25.0
    vertex 80.0 -60.5 25.0
    vertex 80.0 -50.625 25.0
  endloop
endfacet
facet normal 0.0 0.0 0.0
  outer loop
    vertex 80.0 -50.625 25.0
    vertex 80.0 -50.5 25.0
    vertex 70.125 -50.5 25.0
  endloop
endfacet
facet normal 0.0 0.0 0.0
  outer loop
    vertex 70.125 -50.5 25.0
    vertex 70.0 -50.5 25.0
    vertex 70.0 -51.875 25.0
  endloop
endfacet
facet normal 0.0 0.0 0.0
  outer loop
    vertex 70.0 -53.5 25.0
    vertex -79.875 -53.5 25.0
    vertex -80.0 -60.375 25.0
  endloop
endfacet
facet normal 0.0 0.0 0.0
  outer loop
    vertex 79.875 -60.5 25.0
    vertex 80.0 -50.625 25.0
    vertex 70.125 -50.5 25.0
  endloop
endfacet
facet normal 0.0 0.0 0.0
  outer loop
    vertex 70.125 -50.5 25.0
    vertex 70.0 -51.875 25.0
    vertex 70.0 -52.0 25.0
  endloop
endfacet
facet normal 0.0 0.0 0.0
  outer loop
    vertex 70.0 -53.5 25.0
    vertex -80.0 -60.375 25.0
    vertex 79.875 -60.5 25.0
  endloop
endfacet
facet normal 0.0 0.0 0.0
  outer loop
    vertex 79.875 -60.5 25.0
    vertex 70.125 -50.5 25.0
    vertex 70.0 -52.0 25.0
  endloop
endfacet
facet normal 0.0 0.0 0.0
  outer loop
    vertex 70.0 -53.375 25.0
    vertex 70.0 -53.5 25.0
    vertex 79.875 -60.5 25.0
  endloop
endfacet
facet normal 0.0 0.0 0.0
  outer loop
    vertex 79.875 -60.5 25.0
    vertex 70.0 -52.0 25.0
    vertex 70.0 -53.375 25.0
  endloop
endfacet
facet normal 0.0 0.0 0.0
  outer loop
    vertex 70.0 -10.375 25.0
    vertex 70.0 -0.0 25.0
    vertex 70.0 -0.0 24.80000114440918
  endloop
endfacet
facet normal 0.0 0.0 0.0
  outer loop
    vertex 70.0 -0.0 24.80000114440918
    vertex 70.0 -10.375 24.80000114440918
    vertex 70.0 -10.375 25.0
  endloop
endfacet
facet normal 0.0 0.0 0.0
  outer loop
    vertex 70.0 -10.5 25.0
    vertex 70.0 -10.375 25.0
    vertex 70.0 -10.375 24.80000114440918
  endloop
endfacet
facet normal 0.0 0.0 0.0
  outer loop
    vertex 70.0 -10.375 24.80000114440918
    vertex 70.0 -10.5 24.80000114440918
    vertex 70.0 -10.5 25.0
  endloop
endfacet
facet normal 0.0 0.0 0.0
  outer loop
    vertex 79.875 -10.5 25.0
    vertex 70.0 -10.5 25.0
    vertex 70.0 -10.5 24.80000114440918
  endloop
endfacet
facet normal 0.0 0.0 0.0
  outer loop
    vertex 70.0 -10.5 24.80000114440918
    vertex 79.875 -10.5 24.80000114440918
    vertex 79.875 -10.5 25.0
  endloop
endfacet
facet normal 0.0 0.0 0.0
  outer loop
    vertex 80.0 -10.5 25.0
    vertex 79.875 -10.5 25.0
    vertex 79.875 -10.5 24.80000114440918
  endloop
endfacet
facet normal 0.0 0.0 0.0
  outer loop
    vertex 79.875 -10.5 24.80000114440918
    vertex 80.0 -10.5 24.80000114440918
    vertex 80.0 -10.5 25.0
  endloop
endfacet
facet normal 0.0 0.0 0.0
  outer loop
    vertex 80.0 10.375 25.0
    vertex 80.0 -10.5 25.0
    vertex 80.0 -10.5 24.80000114440918
  endloop
endfacet
facet normal 0.0 0.0 0.0
  outer loop
    vertex 80.0 -10.5 24.80000114440918
    vertex 80.0 10.375 24.80000114440918
    vertex 80.0 10.375 25.0
  endloop
endfacet
facet normal 0.0 0.0 0.0
  outer loop
    vertex 80.0 10.5 25.0
    vertex 80.0 10.375 25.0
    vertex 80.0 10.375 24.80000114440918
  endloop
endfacet
facet normal 0.0 0.0 0.0
  outer loop
    vertex 80.0 10.375 24.80000114440918
    vertex 80.0 10.5 24.80000114440918
    vertex 80.0 10.5 25.0
  endloop
endfacet
facet normal 0.0 0.0 0.0
  outer loop
    vertex 70.125 10.5 25.0
    vertex 80.0 10.5 25.0
    vertex 80.0 10.5 24.80000114440918
  endloop
endfacet
facet normal 0.0 0.0 0.0
  outer loop
    vertex 80.0 10.5 24.80000114440918
    vertex 70.125 10.5 24.80000114440918
    vertex 70.125 10.5 25.0
  endloop
endfacet
facet normal 0.0 0.0 0.0
  outer loop
    vertex 70.0 10.5 25.0
    vertex 70.125 10.5 25.0
    vertex 70.125 10.5 24.80000114440918
  endloop
endfacet
facet normal 0.0 0.0 0.0
  outer loop
    vertex 70.125 10.5 24.80000114440918
    vertex 70.0 10.5 24.80000114440918
    vertex 70.0 10.5 25.0
  endloop
endfacet
facet normal 0.0 0.0 0.0
  outer loop
    vertex 70.0 0.125 25.0
    vertex 70.0 10.5 25.0
    vertex 70.0 10.5 24.80000114440918
  endloop
endfacet
facet normal 0.0 0.0 0.0
  outer loop
    vertex 70.0 10.5 24.80000114440918
    vertex 70.0 0.125 24.80000114440918
    vertex 70.0 0.125 25.0
  endloop
endfacet
facet normal 0.0 0.0 0.0
  outer loop
    vertex 70.0 -0.0 25.0
    vertex 70.0 0.125 25.0
    vertex 70.0 0.125 24.80000114440918
  endloop
endfacet
facet normal 0.0 0.0 0.0
  outer loop
    vertex 70.0 0.125 24.80000114440918
    vertex 70.0 -0.0 24.80000114440918
    vertex 70.0 -0.0 25.0
  endloop
endfacet
facet normal 0.0 0.0 0.0
  outer loop
    vertex 70.0 -10.375 25.0
    vertex 70.0 -10.5 25.0
    vertex 79.875 -10.5 25.0
  endloop
endfacet
facet normal 0.0 0.0 0.0
  outer loop
    vertex 79.875 -10.5 25.0
    vertex 80.0 -10.5 25.0
    vertex 80.0 10.375 25.0
  endloop
endfacet
facet normal 0.0 0.0 0.0
  outer loop
    vertex 80.0 10.375 25.0
    vertex 80.0 10.5 25.0
    vertex 70.125 10.5 25.0
  endloop
endfacet
facet normal 0.0 0.0 0.0
  outer loop
    vertex 70.125 10.5 25.0
    vertex 70.0 10.5 25.0
    vertex 70.0 0.125 25.0
  endloop
endfacet
facet normal 0.0 0.0 0.0
  outer loop
    vertex 70.0 -0.0 25.0
    vertex 70.0 -10.375 25.0
    vertex 79.875 -10.5 25.0
  endloop
endfacet
facet normal 0.0 0.0 0.0
  outer loop
    vertex 79.875 -10.5 25.0
    vertex 80.0 10.375 25.0
    vertex 70.125 10.5 25.0
  endloop
endfacet
facet normal 0.0 0.0 0.0
  outer loop
    vertex 70.125 10.5 25.0
    vertex 70.0 0.125 25.0
    vertex 70.0 -0.0 25.0
  endloop
endfacet
facet normal 0.0 0.0 0.0
  outer loop
    vertex 70.0 -0.0 25.0
    vertex 79.875 -10.5 25.0
    vertex 70.125 10.5 25.0
  endloop
endfacet
facet normal 0.0 0.0 0.0
  outer loop
    vertex 70.0 50.625 25.0
    vertex 70.0 55.5 25.0
    vertex 70.0 55.5 24.80000114440918
  endloop
endfacet
facet normal 0.0 0.0 0.0
  outer loop
    vertex 70.0 55.5 24.80000114440918
    vertex 70.0 50.625 24.80000114440918
    vertex 70.0 50.625 25.0
  endloop
endfacet
facet normal 0.0 0.0 0.0
  outer loop
    vertex 70.0 50.5 25.0
    vertex 70.0 50.625 25.0
    vertex 70.0 50.625 24.80000114440918
  endloop
endfacet
facet normal 0.0 0.0 0.0
  outer loop
    vertex 70.0 50.625 24.80000114440918
    vertex 70.0 50.5 24.80000114440918
    vertex 70.0 50.5 25.0
  endloop
endfacet
facet normal 0.0 0.0 0.0
  outer loop
    vertex 79.875 50.5 25.0
    vertex 70.0 50.5 25.0
    vertex 70.0 50.5 24.80000114440918
  endloop
endfacet
facet normal 0.0 0.0 0.0
  outer loop
    vertex 70.0 50.5 24.80000114440918
    vertex 79.875 50.5 24.80000114440918
    vertex 79.875 50.5 25.0
  endloop
endfacet
facet normal 0.0 0.0 0.0
  outer loop
    vertex 80.0 50.5 25.0
    vertex 79.875 50.5 25.0
    vertex 79.875 50.5 24.80000114440918
  endloop
endfacet
facet normal 0.0 0.0 0.0
  outer loop
    vertex 79.875 50.5 24.80000114440918
    vertex 80.0 50.5 24.80000114440918
    vertex 80.0 50.5 25.0
  endloop
endfacet
facet normal 0.0 0.0 0.0
  outer loop
    vertex 80.0 60.375 25.0
    vertex 80.0 50.5 25.0
    vertex 80.0 50.5 24.80000114440918
  endloop
endfacet
facet normal 0.0 0.0 0.0
  outer loop
    vertex 80.0 50.5 24.80000114440918
    vertex 80.0 60.375 24.80000114440918
    vertex 80.0 60.375 25.0
  endloop
endfacet
facet normal 0.0 0.0 0.0
  outer loop
    vertex 80.0 60.5 25.0
    vertex 80.0 60.375 25.0
    vertex 80.0 60.375 24.80000114440918
  endloop
endfacet
facet normal 0.0 0.0 0.0
  outer loop
    vertex 80.0 60.375 24.80000114440918
    vertex 80.0 60.5 24.80000114440918
    vertex 80.0 60.5 25.0
  endloop
endfacet
facet normal 0.0 0.0 0.0
  outer loop
    vertex 70.125 60.5 25.0
    vertex 80.0 60.5 25.0
    vertex 80.0 60.5 24.80000114440918
  endloop
endfacet
facet normal 0.0 0.0 0.0
  outer loop
    vertex 80.0 60.5 24.80000114440918
    vertex 70.125 60.5 24.80000114440918
    vertex 70.125 60.5 25.0
  endloop
endfacet
facet normal 0.0 0.0 0.0
  outer loop
    vertex 70.0 60.5 25.0
    vertex 70.125 60.5 25.0
    vertex 70.125 60.5 24.80000114440918
  endloop
endfacet
facet normal 0.0 0.0 0.0
  outer loop
    vertex 70.125 60.5 24.80000114440918
    vertex 70.0 60.5 24.80000114440918
    vertex 70.0 60.5 25.0
  endloop
endfacet
facet normal 0.0 0.0 0.0
  outer loop
    vertex 70.0 55.625 25.0
    vertex 70.0 60.5 25.0
    vertex 70.0 60.5 24.80000114440918
  endloop
endfacet
facet normal 0.0 0.0 0.0
  outer loop
    vertex 70.0 60.5 24.80000114440918
    vertex 70.0 55.625 24.80000114440918
    vertex 70.0 55.625 25.0
  endloop
endfacet
facet normal 0.0 0.0 0.0
  outer loop
    vertex 70.0 55.5 25.0
    vertex 70.0 55.625 25.0
    vertex 70.0 55.625 24.80000114440918
  endloop
endfacet
facet normal 0.0 0.0 0.0
  outer loop
    vertex 70.0 55.625 24.80000114440918
    vertex 70.0 55.5 24.80000114440918
    vertex 70.0 55.5 25.0
  endloop
endfacet
facet normal 0.0 0.0 0.0
  outer loop
    vertex 70.0 50.625 25.0
    vertex 70.0 50.5 25.0
    vertex 79.875 50.5 25.0
  endloop
endfacet
facet normal 0.0 0.0 0.0
  outer loop
    vertex 79.875 50.5 25.0
    vertex 80.0 50.5 25.0
    vertex 80.0 60.375 25.0
  endloop
endfacet
facet normal 0.0 0.0 0.0
  outer loop
    vertex 80.0 60.375 25.0
    vertex 80.0 60.5 25.0
    vertex 70.125 60.5 25.0
  endloop
endfacet
facet normal 0.0 0.0 0.0
  outer loop
    vertex 70.125 60.5 25.0
    vertex 70.0 60.5 25.0
    vertex 70.0 55.625 25.0
  endloop
endfacet
facet normal 0.0 0.0 0.0
  outer loop
    vertex 70.0 55.5 25.0
    vertex 70.0 50.625 25.0
    vertex 79.875 50.5 25.0
  endloop
endfacet
facet normal 0.0 0.0 0.0
  outer loop
    vertex 79.875 50.5 25.0
    vertex 80.0 60.375 25.0
    vertex 70.125 60.5 25.0
  endloop
endfacet
facet normal 0.0 0.0 0.0
  outer loop
    vertex 70.125 60.5 25.0
    vertex 70.0 55.625 25.0
    vertex 70.0 55.5 25.0
  endloop
endfacet
facet normal 0.0 0.0 0.0
  outer loop
    vertex 70.0 55.5 25.0
    vertex 79.875 50.5 25.0
    vertex 70.125 60.5 25.0
  endloop
endfacet
facet normal 0.0 0.0 0.0
  outer loop
    vertex -80.0 53.625 25.0
    vertex -80.0 57.0 25.0
    vertex -80.0 57.0 24.80000114440918
  endloop
endfacet
facet normal 0.0 0.0 0.0
  outer loop
    vertex -80.0 57.0 24.80000114440918
    vertex -80.0 53.625 24.80000114440918
    vertex -80.0 53.625 25.0
  endloop
endfacet
facet normal 0.0 0.0 0.0
  outer loop
    vertex -80.0 53.5 25.0
    vertex -80.0 53.625 25.0
    vertex -80.0 53.625 24.80000114440918
  endloop
endfacet
facet normal 0.0 0.0 0.0
  outer loop
    vertex -80.0 53.625 24.80000114440918
    vertex -80.0 53.5 24.80000114440918
    vertex -80.0 53.5 25.0
  endloop
endfacet
facet normal 0.0 0.0 0.0
  outer loop
    vertex -74.125 53.5 25.0
    vertex -80.0 53.5 25.0
    vertex -80.0 53.5 24.80000114440918
  endloop
endfacet
facet normal 0.0 0.0 0.0
  outer loop
    vertex -80.0 53.5 24.80000114440918
    vertex -74.125 53.5 24.80000114440918
    vertex -74.125 53.5 25.0
  endloop
endfacet
facet normal 0.0 0.0 0.0
  outer loop
    vertex -74.0 53.5 25.0
    vertex -74.125 53.5 25.0
    vertex -74.125 53.5 24.80000114440918
  endloop
endfacet
facet normal 0.0 0.0 0.0
  outer loop
    vertex -74.125 53.5 24.80000114440918
    vertex -74.0 53.5 24.80000114440918
    vertex -74.0 53.5 25.0
  endloop
endfacet
facet normal 0.0 0.0 0.0
  outer loop
    vertex -74.0 60.375 25.0
    vertex -74.0 53.5 25.0
    vertex -74.0 53.5 24.80000114440918
  endloop
endfacet
facet normal 0.0 0.0 0.0
  outer loop
    vertex -74.0 53.5 24.80000114440918
    vertex -74.0 60.375 24.80000114440918
    vertex -74.0 60.375 25.0
  endloop
endfacet
facet normal 0.0 0.0 0.0
  outer loop
    vertex -74.0 60.5 25.0
    vertex -74.0 60.375 25.0
    vertex -74.0 60.375 24.80000114440918
  endloop
endfacet
facet normal 0.0 0.0 0.0
  outer loop
    vertex -74.0 60.375 24.80000114440918
    vertex -74.0 60.5 24.80000114440918
    vertex -74.0 60.5 25.0
  endloop
endfacet
facet normal 0.0 0.0 0.0
  outer loop
    vertex -79.875 60.5 25.0
    vertex -74.0 60.5 25.0
    vertex -74.0 60.5 24.80000114440918
  endloop
endfacet
facet normal 0.0 0.0 0.0
  outer loop
    vertex -74.0 60.5 24.80000114440918
    vertex -79.875 60.5 24.80000114440918
    vertex -79.875 60.5 25.0
  endloop
endfacet
facet normal 0.0 0.0 0.0
  outer loop
    vertex -80.0 60.5 25.0
    vertex -79.875 60.5 25.0
    vertex -79.875 60.5 24.80000114440918
  endloop
endfacet
facet normal 0.0 0.0 0.0
  outer loop
    vertex -79.875 60.5 24.80000114440918
    vertex -80.0 60.5 24.80000114440918
    vertex -80.0 60.5 25.0
  endloop
endfacet
facet normal 0.0 0.0 0.0
  outer loop
    vertex -80.0 57.125 25.0
    vertex -80.0 60.5 25.0
    vertex -80.0 60.5 24.80000114440918
  endloop
endfacet
facet normal 0.0 0.0 0.0
  outer loop
    vertex -80.0 60.5 24.80000114440918
    vertex -80.0 57.125 24.80000114440918
    vertex -80.0 57.125 25.0
  endloop
endfacet
facet normal 0.0 0.0 0.0
  outer loop
    vertex -80.0 57.0 25.0
    vertex -80.0 57.125 25.0
    vertex -80.0 57.125 24.80000114440918
  endloop
endfacet
facet normal 0.0 0.0 0.0
  outer loop
    vertex -80.0 57.125 24.80000114440918
    vertex -80.0 57.0 24.80000114440918
    vertex -80.0 57.0 25.0
  endloop
endfacet
facet normal 0.0 0.0 0.0
  outer loop
    vertex -80.0 53.625 25.0
    vertex -80.0 53.5 25.0
    vertex -74.125 53.5 25.0
  endloop
endfacet
facet normal 0.0 0.0 0.0
  outer loop
    vertex -74.125 53.5 25.0
    vertex -74.0 53.5 25.0
    vertex -74.0 60.375 25.0
  endloop
endfacet
facet normal 0.0 0.0 0.0
  outer loop
    vertex -74.0 60.375 25.0
    vertex -74.0 60.5 25.0
    vertex -79.875 60.5 25.0
  endloop
endfacet
facet normal 0.0 0.0 0.0
  outer loop
    vertex -79.875 60.5 25.0
    vertex -80.0 60.5 25.0
    vertex -80.0 57.125 25.0
  endloop
endfacet
facet normal 0.0 0.0 0.0
  outer loop
    vertex -80.0 57.0 25.0
    vertex -80.0 53.625 25.0
    vertex -74.125 53.5 25.0
  endloop
endfacet
facet normal 0.0 0.0 0.0
  outer loop
    vertex -74.125 53.5 25.0
    vertex -74.0 60.375 25.0
    vertex -79.875 60.5 25.0
  endloop
endfacet
facet normal 0.0 0.0 0.0
  outer loop
    vertex -79.875 60.5 25.0
    vertex -80.0 57.125 25.0
    vertex -80.0 57.0 25.0
  endloop
endfacet
facet normal 0.0 0.0 0.0
  outer loop
    vertex -80.0 57.0 25.0
    vertex -74.125 53.5 25.0
    vertex -79.875 60.5 25.0
  endloop
endfacet
facet normal 0.0 0.0 0.0
  outer loop
    vertex 70.0 -10.375 26.200000762939453
    vertex 70.0 -0.0 26.200000762939453
    vertex 70.0 -0.0 25.0
  endloop
endfacet
facet normal 0.0 0.0 0.0
  outer loop
    vertex 70.0 -0.0 25.0
    vertex 70.0 -10.375 25.0
    vertex 70.0 -10.375 26.200000762939453
  endloop
endfacet
facet normal 0.0 0.0 0.0
  outer loop
    vertex 70.0 -10.5 26.200000762939453
    vertex 70.0 -10.375 26.200000762939453
    vertex 70.0 -10.375 25.0
  endloop
endfacet
facet normal 0.0 0.0 0.0
  outer loop
    vertex 70.0 -10.375 25.0
    vertex 70.0 -10.5 25.0
    vertex 70.0 -10.5 26.200000762939453
  endloop
endfacet
facet normal 0.0 0.0 0.0
  outer loop
    vertex 79.875 -10.5 26.200000762939453
    vertex 70.0 -10.5 26.200000762939453
    vertex 70.0 -10.5 25.0
  endloop
endfacet
facet normal 0.0 0.0 0.0
  outer loop
    vertex 70.0 -10.5 25.0
    vertex 79.875 -10.5 25.0
    vertex 79.875 -10.5 26.200000762939453
  endloop
endfacet
facet normal 0.0 0.0 0.0
  outer loop
    vertex 80.0 -10.5 26.200000762939453
    vertex 79.875 -10.5 26.200000762939453
    vertex 79.875 -10.5 25.0
  endloop
endfacet
facet normal 0.0 0.0 0.0
  outer loop
    vertex 79.875 -10.5 25.0
    vertex 80.0 -10.5 25.0
    vertex 80.0 -10.5 26.200000762939453
  endloop
endfacet
facet normal 0.0 0.0 0.0
  outer loop
    vertex 80.0 10.375 26.200000762939453
    vertex 80.0 -10.5 26.200000762939453
    vertex 80.0 -10.5 25.0
  endloop
endfacet
facet normal 0.0 0.0 0.0
  outer loop
    vertex 80.0 -10.5 25.0
    vertex 80.0 10.375 25.0
    vertex 80.0 10.375 26.200000762939453
  endloop
endfacet
facet normal 0.0 0.0 0.0
  outer loop
    vertex 80.0 10.5 26.200000762939453
    vertex 80.0 10.375 26.200000762939453
    vertex 80.0 10.375 25.0
  endloop
endfacet
facet normal 0.0 0.0 0.0
  outer loop
    vertex 80.0 10.375 25.0
    vertex 80.0 10.5 25.0
    vertex 80.0 10.5 26.200000762939453
  endloop
endfacet
facet normal 0.0 0.0 0.0
  outer loop
    vertex 70.125 10.5 26.200000762939453
    vertex 80.0 10.5 26.200000762939453
    vertex 80.0 10.5 25.0
  endloop
endfacet
facet normal 0.0 0.0 0.0
  outer loop
    vertex 80.0 10.5 25.0
    vertex 70.125 10.5 25.0
    vertex 70.125 10.5 26.200000762939453
  endloop
endfacet
facet normal 0.0 0.0 0.0
  outer loop
    vertex 70.0 10.5 26.200000762939453
    vertex 70.125 10.5 26.200000762939453
    vertex 70.125 10.5 25.0
  endloop
endfacet
facet normal 0.0 0.0 0.0
  outer loop
    vertex 70.125 10.5 25.0
    vertex 70.0 10.5 25.0
    vertex 70.0 10.5 26.200000762939453
  endloop
endfacet
facet normal 0.0 0.0 0.0
  outer loop
    vertex 70.0 0.125 26.200000762939453
    vertex 70.0 10.5 26.200000762939453
    vertex 70.0 10.5 25.0
  endloop
endfacet
facet normal 0.0 0.0 0.0
  outer loop
    vertex 70.0 10.5 25.0
    vertex 70.0 0.125 25.0
    vertex 70.0 0.125 26.200000762939453
  endloop
endfacet
facet normal 0.0 0.0 0.0
  outer loop
    vertex 70.0 -0.0 26.200000762939453
    vertex 70.0 0.125 26.200000762939453
    vertex 70.0 0.125 25.0
  endloop
endfacet
facet normal 0.0 0.0 0.0
  outer loop
    vertex 70.0 0.125 25.0
    vertex 70.0 -0.0 25.0
    vertex 70.0 -0.0 26.200000762939453
  endloop
endfacet
facet normal 0.0 0.0 0.0
  outer loop
    vertex 70.0 -10.375 26.200000762939453
    vertex 70.0 -10.5 26.200000762939453
    vertex 79.875 -10.5 26.200000762939453
  endloop
endfacet
facet normal 0.0 0.0 0.0
  outer loop
    vertex 79.875 -10.5 26.200000762939453
    vertex 80.0 -10.5 26.200000762939453
    vertex 80.0 10.375 26.200000762939453
  endloop
endfacet
facet normal 0.0 0.0 0.0
  outer loop
    vertex 80.0 10.375 26.200000762939453
    vertex 80.0 10.5 26.200000762939453
    vertex 70.125 10.5 26.200000762939453
  endloop
endfacet
facet normal 0.0 0.0 0.0
  outer loop
    vertex 70.125 10.5 26.200000762939453
    vertex 70.0 10.5 26.200000762939453
    vertex 70.0 0.125 26.200000762939453
  endloop
endfacet
facet normal 0.0 0.0 0.0
  outer loop
    vertex 70.0 -0.0 26.200000762939453
    vertex 70.0 -10.375 26.200000762939453
    vertex 79.875 -10.5 26.200000762939453
  endloop
endfacet
facet normal 0.0 0.0 0.0
  outer loop
    vertex 79.875 -10.5 26.200000762939453
    vertex 80.0 10.375 26.200000762939453
    vertex 70.125 10.5 26.200000762939453
  endloop
endfacet
facet normal 0.0 0.0 0.0
  outer loop
    vertex 70.125 10.5 26.200000762939453
    vertex 70.0 0.125 26.200000762939453
    vertex 70.0 -0.0 26.200000762939453
  endloop
endfacet
facet normal 0.0 0.0 0.0
  outer loop
    vertex 70.0 -0.0 26.200000762939453
    vertex 79.875 -10.5 26.200000762939453
    vertex 70.125 10.5 26.200000762939453
  endloop
endfacet
facet normal 0.0 0.0 0.0
  outer loop
    vertex 70.0 50.625 26.200000762939453
    vertex 70.0 55.5 26.200000762939453
    vertex 70.0 55.5 25.0
  endloop
endfacet
facet normal 0.0 0.0 0.0
  outer loop
    vertex 70.0 55.5 25.0
    vertex 70.0 50.625 25.0
    vertex 70.0 50.625 26.200000762939453
  endloop
endfacet
facet normal 0.0 0.0 0.0
  outer loop
    vertex 70.0 50.5 26.200000762939453
    vertex 70.0 50.625 26.200000762939453
    vertex 70.0 50.625 25.0
  endloop
endfacet
facet normal 0.0 0.0 0.0
  outer loop
    vertex 70.0 50.625 25.0
    vertex 70.0 50.5 25.0
    vertex 70.0 50.5 26.200000762939453
  endloop
endfacet
facet normal 0.0 0.0 0.0
  outer loop
    vertex 79.875 50.5 26.200000762939453
    vertex 70.0 50.5 26.200000762939453
    vertex 70.0 50.5 25.0
  endloop
endfacet
facet normal 0.0 0.0 0.0
  outer loop
    vertex 70.0 50.5 25.0
    vertex 79.875 50.5 25.0
    vertex 79.875 50.5 26.200000762939453
  endloop
endfacet
facet normal 0.0 0.0 0.0
  outer loop
    vertex 80.0 50.5 26.200000762939453
    vertex 79.875 50.5 26.200000762939453
    vertex 79.875 50.5 25.0
  endloop
endfacet
facet normal 0.0 0.0 0.0
  outer loop
    vertex 79.875 50.5 25.0
    vertex 80.0 50.5 25.0
    vertex 80.0 50.5 26.200000762939453
  endloop
endfacet
facet normal 0.0 0.0 0.0
  outer loop
    vertex 80.0 60.375 26.200000762939453
    vertex 80.0 50.5 26.200000762939453
    vertex 80.0 50.5 25.0
  endloop
endfacet
facet normal 0.0 0.0 0.0
  outer loop
    vertex 80.0 50.5 25.0
    vertex 80.0 60.375 25.0
    vertex 80.0 60.375 26.200000762939453
  endloop
endfacet
facet normal 0.0 0.0 0.0
  outer loop
    vertex 80.0 60.5 26.200000762939453
    vertex 80.0 60.375 26.200000762939453
    vertex 80.0 60.375 25.0
  endloop
endfacet
facet normal 0.0 0.0 0.0
  outer loop
    vertex 80.0 60.375 25.0
    vertex 80.0 60.5 25.0
    vertex 80.0 60.5 26.200000762939453
  endloop
endfacet
facet normal 0.0 0.0 0.0
  outer loop
    vertex 70.125 60.5 26.200000762939453
    vertex 80.0 60.5 26.200000762939453
    vertex 80.0 60.5 25.0
  endloop
endfacet
facet normal 0.0 0.0 0.0
  outer loop
    vertex 80.0 60.5 25.0
    vertex 70.125 60.5 25.0
    vertex 70.125 60.5 26.200000762939453
  endloop
endfacet
facet normal 0.0 0.0 0.0
  outer loop
    vertex 70.0 60.5 26.200000762939453
    vertex 70.125 60.5 26.200000762939453
    vertex 70.125 60.5 25.0
  endloop
endfacet
facet normal 0.0 0.0 0.0
  outer loop
    vertex 70.125 60.5 25.0
    vertex 70.0 60.5 25.0
    vertex 70.0 60.5 26.200000762939453
  endloop
endfacet
facet normal 0.0 0.0 0.0
  outer loop
    vertex 70.0 55.625 26.200000762939453
    vertex 70.0 60.5 26.200000762939453
    vertex 70.0 60.5 25.0
  endloop
endfacet
facet normal 0.0 0.0 0.0
  outer loop
    vertex 70.0 60.5 25.0
    vertex 70.0 55.625 25.0
    vertex 70.0 55.625 26.200000762939453
  endloop
endfacet
facet normal 0.0 0.0 0.0
  outer loop
    vertex 70.0 55.5 26.200000762939453
    vertex 70.0 55.625 26.200000762939453
    vertex 70.0 55.625 25.0
  endloop
endfacet
facet normal 0.0 0.0 0.0
  outer loop
    vertex 70.0 55.625 25.0
    vertex 70.0 55.5 25.0
    vertex 70.0 55.5 26.200000762939453
  endloop
endfacet
facet normal 0.0 0.0 0.0
  outer loop
    vertex 70.0 50.625 26.200000762939453
    vertex 70.0 50.5 26.200000762939453
    vertex 79.875 50.5 26.200000762939453
  endloop
endfacet
facet normal 0.0 0.0 0.0
  outer loop
    vertex 79.875 50.5 26.200000762939453
    vertex 80.0 50.5 26.200000762939453
    vertex 80.0 60.375 26.200000762939453
  endloop
endfacet
facet normal 0.0 0.0 0.0
  outer loop
    vertex 80.0 60.375 26.200000762939453
    vertex 80.0 60.5 26.200000762939453
    vertex 70.125 60.5 26.200000762939453
  endloop
endfacet
facet normal 0.0 0.0 0.0
  outer loop
    vertex 70.125 60.5 26.200000762939453
    vertex 70.0 60.5 26.200000762939453
    vertex 70.0 55.625 26.200000762939453
  endloop
endfacet
facet normal 0.0 0.0 0.0
  outer loop
    vertex 70.0 55.5 26.200000762939453
    vertex 70.0 50.625 26.200000762939453
    vertex 79.875 50.5 26.200000762939453
  endloop
endfacet
facet normal 0.0 0.0 0.0
  outer loop
    vertex 79.875 50.5 26.200000762939453
    vertex 80.0 60.375 26.200000762939453
    vertex 70.125 60.5 26.200000762939453
  endloop
endfacet
facet normal 0.0 0.0 0.0
  outer loop
    vertex 70.125 60.5 26.200000762939453
    vertex 70.0 55.625 26.200000762939453
    vertex 70.0 55.5 26.200000762939453
  endloop
endfacet
facet normal 0.0 0.0 0.0
  outer loop
    vertex 70.0 55.5 26.200000762939453
    vertex 79.875 50.5 26.200000762939453
    vertex 70.125 60.5 26.200000762939453
  endloop
endfacet
facet normal 0.0 0.0 0.0
  outer loop
    vertex 70.0 -60.375 26.200000762939453
    vertex 70.0 -55.5 26.200000762939453
    vertex 70.0 -55.5 25.0
  endloop
endfacet
facet normal 0.0 0.0 0.0
  outer loop
    vertex 70.0 -55.5 25.0
    vertex 70.0 -60.375 25.0
    vertex 70.0 -60.375 26.200000762939453
  endloop
endfacet
facet normal 0.0 0.0 0.0
  outer loop
    vertex 70.0 -60.5 26.200000762939453
    vertex 70.0 -60.375 26.200000762939453
    vertex 70.0 -60.375 25.0
  endloop
endfacet
facet normal 0.0 0.0 0.0
  outer loop
    vertex 70.0 -60.375 25.0
    vertex 70.0 -60.5 25.0
    vertex 70.0 -60.5 26.200000762939453
  endloop
endfacet
facet normal 0.0 0.0 0.0
  outer loop
    vertex 79.875 -60.5 26.200000762939453
    vertex 70.0 -60.5 26.200000762939453
    vertex 70.0 -60.5 25.0
  endloop
endfacet
facet normal 0.0 0.0 0.0
  outer loop
    vertex 70.0 -60.5 25.0
    vertex 79.875 -60.5 25.0
    vertex 79.875 -60.5 26.200000762939453
  endloop
endfacet
facet normal 0.0 0.0 0.0
  outer loop
    vertex 80.0 -60.5 26.200000762939453
    vertex 79.875 -60.5 26.200000762939453
    vertex 79.875 -60.5 25.0
  endloop
endfacet
facet normal 0.0 0.0 0.0
  outer loop
    vertex 79.875 -60.5 25.0
    vertex 80.0 -60.5 25.0
    vertex 80.0 -60.5 26.200000762939453
  endloop
endfacet
facet normal 0.0 0.0 0.0
  outer loop
    vertex 80.0 -50.625 26.200000762939453
    vertex 80.0 -60.5 26.200000762939453
    vertex 80.0 -60.5 25.0
  endloop
endfacet
facet normal 0.0 0.0 0.0
  outer loop
    vertex 80.0 -60.5 25.0
    vertex 80.0 -50.625 25.0
    vertex 80.0 -50.625 26.200000762939453
  endloop
endfacet
facet normal 0.0 0.0 0.0
  outer loop
    vertex 80.0 -50.5 26.200000762939453
    vertex 80.0 -50.625 26.200000762939453
    vertex 80.0 -50.625 25.0
  endloop
endfacet
facet normal 0.0 0.0 0.0
  outer loop
    vertex 80.0 -50.625 25.0
    vertex 80.0 -50.5 25.0
    vertex 80.0 -50.5 26.200000762939453
  endloop
endfacet
facet normal 0.0 0.0 0.0
  outer loop
    vertex 70.125 -50.5 26.200000762939453
    vertex 80.0 -50.5 26.200000762939453
    vertex 80.0 -50.5 25.0
  endloop
endfacet
facet normal 0.0 0.0 0.0
  outer loop
    vertex 80.0 -50.5 25.0
    vertex 70.125 -50.5 25.0
    vertex 70.125 -50.5 26.200000762939453
  endloop
endfacet
facet normal 0.0 0.0 0.0
  outer loop
    vertex 70.0 -50.5 26.200000762939453
    vertex 70.125 -50.5 26.200000762939453
    vertex 70.125 -50.5 25.0
  endloop
endfacet
facet normal 0.0 0.0 0.0
  outer loop
    vertex 70.125 -50.5 25.0
    vertex 70.0 -50.5 25.0
    vertex 70.0 -50.5 26.200000762939453
  endloop
endfacet
facet normal 0.0 0.0 0.0
  outer loop
    vertex 70.0 -55.375 26.200000762939453
    vertex 70.0 -50.5 26.200000762939453
    vertex 70.0 -50.5 25.0
  endloop
endfacet
facet normal 0.0 0.0 0.0
  outer loop
    vertex 70.0 -50.5 25.0
    vertex 70.0 -55.375 25.0
    vertex 70.0 -55.375 26.200000762939453
  endloop
endfacet
facet normal 0.0 0.0 0.0
  outer loop
    vertex 70.0 -55.5 26.200000762939453
    vertex 70.0 -55.375 26.200000762939453
    vertex 70.0 -55.375 25.0
  endloop
endfacet
facet normal 0.0 0.0 0.0
  outer loop
    vertex 70.0 -55.375 25.0
    vertex 70.0 -55.5 25.0
    vertex 70.0 -55.5 26.200000762939453
  endloop
endfacet
facet normal 0.0 0.0 0.0
  outer loop
    vertex 70.0 -60.375 26.200000762939453
    vertex 70.0 -60.5 26.200000762939453
    vertex 79.875 -60.5 26.200000762939453
  endloop
endfacet
facet normal 0.0 0.0 0.0
  outer loop
    vertex 79.875 -60.5 25.0
    vertex 70.0 -60.5 25.0
    vertex 70.0 -60.375 25.0
  endloop
endfacet
facet normal 0.0 0.0 0.0
  outer loop
    vertex 79.875 -60.5 26.200000762939453
    vertex 80.0 -60.5 26.200000762939453
    vertex 80.0 -50.625 26.200000762939453
  endloop
endfacet
facet normal 0.0 0.0 0.0
  outer loop
    vertex 80.0 -50.625 26.200000762939453
    vertex 80.0 -50.5 26.200000762939453
    vertex 70.125 -50.5 26.200000762939453
  endloop
endfacet
facet normal 0.0 0.0 0.0
  outer loop
    vertex 70.125 -50.5 26.200000762939453
    vertex 70.0 -50.5 26.200000762939453
    vertex 70.0 -55.375 26.200000762939453
  endloop
endfacet
facet normal 0.0 0.0 0.0
  outer loop
    vertex 70.0 -55.375 25.0
    vertex 70.0 -50.5 25.0
    vertex 70.125 -50.5 25.0
  endloop
endfacet
facet normal 0.0 0.0 0.0
  outer loop
    vertex 70.0 -55.5 26.200000762939453
    vertex 70.0 -60.375 26.200000762939453
    vertex 79.875 -60.5 26.200000762939453
  endloop
endfacet
facet normal 0.0 0.0 0.0
  outer loop
    vertex 79.875 -60.5 25.0
    vertex 70.0 -60.375 25.0
    vertex 70.0 -55.5 25.0
  endloop
endfacet
facet normal 0.0 0.0 0.0
  outer loop
    vertex 79.875 -60.5 26.200000762939453
    vertex 80.0 -50.625 26.200000762939453
    vertex 70.125 -50.5 26.200000762939453
  endloop
endfacet
facet normal 0.0 0.0 0.0
  outer loop
    vertex 70.125 -50.5 26.200000762939453
    vertex 70.0 -55.375 26.200000762939453
    vertex 70.0 -55.5 26.200000762939453
  endloop
endfacet
facet normal 0.0 0.0 0.0
  outer loop
    vertex 70.0 -55.5 25.0
    vertex 70.0 -55.375 25.0
    vertex 70.125 -50.5 25.0
  endloop
endfacet
facet normal 0.0 0.0 0.0
  outer loop
    vertex 70.0 -55.5 26.200000762939453
    vertex 79.875 -60.5 26.200000762939453
    vertex 70.125 -50.5 26.200000762939453
  endloop
endfacet
facet normal 0.0 0.0 0.0
  outer loop
    vertex 70.125 -50.5 25.0
    vertex 79.875 -60.5 25.0
    vertex 70.0 -55.5 25.0
  endloop
endfacet
facet normal 0.0 0.0 0.0
  outer loop
    vertex -80.0 53.625 26.200000762939453
    vertex -80.0 57.0 26.200000762939453
    vertex -80.0 57.0 25.0
  endloop
endfacet
facet normal 0.0 0.0 0.0
  outer loop
    vertex -80.0 57.0 25.0
    vertex -80.0 53.625 25.0
    vertex -80.0 53.625 26.200000762939453
  endloop
endfacet
facet normal 0.0 0.0 0.0
  outer loop
    vertex -80.0 53.5 26.200000762939453
    vertex -80.0 53.625 26.200000762939453
    vertex -80.0 53.625 25.0
  endloop
endfacet
facet normal 0.0 0.0 0.0
  outer loop
    vertex -80.0 53.625 25.0
    vertex -80.0 53.5 25.0
    vertex -80.0 53.5 26.200000762939453
  endloop
endfacet
facet normal 0.0 0.0 0.0
  outer loop
    vertex -74.125 53.5 26.200000762939453
    vertex -80.0 53.5 26.200000762939453
    vertex -80.0 53.5 25.0
  endloop
endfacet
facet normal 0.0 0.0 0.0
  outer loop
    vertex -80.0 53.5 25.0
    vertex -74.125 53.5 25.0
    vertex -74.125 53.5 26.200000762939453
  endloop
endfacet
facet normal 0.0 0.0 0.0
  outer loop
    vertex -74.0 53.5 26.200000762939453
    vertex -74.125 53.5 26.200000762939453
    vertex -74.125 53.5 25.0
  endloop
endfacet
facet normal 0.0 0.0 0.0
  outer loop
    vertex -74.125 53.5 25.0
    vertex -74.0 53.5 25.0
    vertex -74.0 53.5 26.200000762939453
  endloop
endfacet
facet normal 0.0 0.0 0.0
  outer loop
    vertex -74.0 60.375 26.200000762939453
    vertex -74.0 53.5 26.200000762939453
    vertex -74.0 53.5 25.0
  endloop
endfacet
facet normal 0.0 0.0 0.0
  outer loop
    vertex -74.0 53.5 25.0
    vertex -74.0 60.375 25.0
    vertex -74.0 60.375 26.200000762939453
  endloop
endfacet
facet normal 0.0 0.0 0.0
  outer loop
    vertex -74.0 60.5 26.200000762939453
    vertex -74.0 60.375 26.200000762939453
    vertex -74.0 60.375 25.0
  endloop
endfacet
facet normal 0.0 0.0 0.0
  outer loop
    vertex -74.0 60.375 25.0
    vertex -74.0 60.5 25.0
    vertex -74.0 60.5 26.200000762939453
  endloop
endfacet
facet normal 0.0 0.0 0.0
  outer loop
    vertex -79.875 60.5 26.200000762939453
    vertex -74.0 60.5 26.200000762939453
    vertex -74.0 60.5 25.0
  endloop
endfacet
facet normal 0.0 0.0 0.0
  outer loop
    vertex -74.0 60.5 25.0
    vertex -79.875 60.5 25.0
    vertex -79.875 60.5 26.200000762939453
  endloop
endfacet
facet normal 0.0 0.0 0.0
  outer loop
    vertex -80.0 60.5 26.200000762939453
    vertex -79.875 60.5 26.200000762939453
    vertex -79.875 60.5 25.0
  endloop
endfacet
facet normal 0.0 0.0 0.0
  outer loop
    vertex -79.875 60.5 25.0
    vertex -80.0 60.5 25.0
    vertex -80.0 60.5 26.200000762939453
  endloop
endfacet
facet normal 0.0 0.0 0.0
  outer loop
    vertex -80.0 57.125 26.200000762939453
    vertex -80.0 60.5 26.200000762939453
    vertex -80.0 60.5 25.0
  endloop
endfacet
facet normal 0.0 0.0 0.0
  outer loop
    vertex -80.0 60.5 25.0
    vertex -80.0 57.125 25.0
    vertex -80.0 57.125 26.200000762939453
  endloop
endfacet
facet normal 0.0 0.0 0.0
  outer loop
    vertex -80.0 57.0 26.200000762939453
    vertex -80.0 57.125 26.200000762939453
    vertex -80.0 57.125 25.0
  endloop
endfacet
facet normal 0.0 0.0 0.0
  outer loop
    vertex -80.0 57.125 25.0
    vertex -80.0 57.0 25.0
    vertex -80.0 57.0 26.200000762939453
  endloop
endfacet
facet normal 0.0 0.0 0.0
  outer loop
    vertex -80.0 53.625 26.200000762939453
    vertex -80.0 53.5 26.200000762939453
    vertex -74.125 53.5 26.200000762939453
  endloop
endfacet
facet normal 0.0 0.0 0.0
  outer loop
    vertex -74.125 53.5 26.200000762939453
    vertex -74.0 53.5 26.200000762939453
    vertex -74.0 60.375 26.200000762939453
  endloop
endfacet
facet normal 0.0 0.0 0.0
  outer loop
    vertex -74.0 60.375 26.200000762939453
    vertex -74.0 60.5 26.200000762939453
    vertex -79.875 60.5 26.200000762939453
  endloop
endfacet
facet normal 0.0 0.0 0.0
  outer loop
    vertex -79.875 60.5 26.200000762939453
    vertex -80.0 60.5 26.200000762939453
    vertex -80.0 57.125 26.200000762939453
  endloop
endfacet
facet normal 0.0 0.0 0.0
  outer loop
    vertex -80.0 57.0 26.200000762939453
    vertex -80.0 53.625 26.200000762939453
    vertex -74.125 53.5 26.200000762939453
  endloop
endfacet
facet normal 0.0 0.0 0.0
  outer loop
    vertex -74.125 53.5 26.200000762939453
    vertex -74.0 60.375 26.200000762939453
    vertex -79.875 60.5 26.200000762939453
  endloop
endfacet
facet normal 0.0 0.0 0.0
  outer loop
    vertex -79.875 60.5 26.200000762939453
    vertex -80.0 57.125 26.200000762939453
    vertex -80.0 57.0 26.200000762939453
  endloop
endfacet
facet normal 0.0 0.0 0.0
  outer loop
    vertex -80.0 57.0 26.200000762939453
    vertex -74.125 53.5 26.200000762939453
    vertex -79.875 60.5 26.200000762939453
  endloop
endfacet
facet normal 0.0 0.0 0.0
  outer loop
    vertex 70.0 -10.375 26.400001525878906
    vertex 70.0 -0.0 26.400001525878906
    vertex 70.0 -0.0 26.200000762939453
  endloop
endfacet
facet normal 0.0 0.0 0.0
  outer loop
    vertex 70.0 -0.0 26.200000762939453
    vertex 70.0 -10.375 26.200000762939453
    vertex 70.0 -10.375 26.400001525878906
  endloop
endfacet
facet normal 0.0 0.0 0.0
  outer loop
    vertex 70.0 -10.5 26.400001525878906
    vertex 70.0 -10.375 26.400001525878906
    vertex 70.0 -10.375 26.200000762939453
  endloop
endfacet
facet normal 0.0 0.0 0.0
  outer loop
    vertex 70.0 -10.375 26.200000762939453
    vertex 70.0 -10.5 26.200000762939453
    vertex 70.0 -10.5 26.400001525878906
  endloop
endfacet
facet normal 0.0 0.0 0.0
  outer loop
    vertex 79.875 -10.5 26.400001525878906
    vertex 70.0 -10.5 26.400001525878906
    vertex 70.0 -10.5 26.200000762939453
  endloop
endfacet
facet normal 0.0 0.0 0.0
  outer loop
    vertex 70.0 -10.5 26.200000762939453
    vertex 79.875 -10.5 26.200000762939453
    vertex 79.875 -10.5 26.400001525878906
  endloop
endfacet
facet normal 0.0 0.0 0.0
  outer loop
    vertex 80.0 -10.5 26.400001525878906
    vertex 79.875 -10.5 26.400001525878906
    vertex 79.875 -10.5 26.200000762939453
  endloop
endfacet
facet normal 0.0 0.0 0.0
  outer loop
    vertex 79.875 -10.5 26.200000762939453
    vertex 80.0 -10.5 26.200000762939453
    vertex 80.0 -10.5 26.400001525878906
  endloop
endfacet
facet normal 0.0 0.0 0.0
  outer loop
    vertex 80.0 10.375 26.400001525878906
    vertex 80.0 -10.5 26.400001525878906
    vertex 80.0 -10.5 26.200000762939453
  endloop
endfacet
facet normal 0.0 0.0 0.0
  outer loop
    vertex 80.0 -10.5 26.200000762939453
    vertex 80.0 10.375 26.200000762939453
    vertex 80.0 10.375 26.400001525878906
  endloop
endfacet
facet normal 0.0 0.0 0.0
  outer loop
    vertex 80.0 10.5 26.400001525878906
    vertex 80.0 10.375 26.400001525878906
    vertex 80.0 10.375 26.200000762939453
  endloop
endfacet
facet normal 0.0 0.0 0.0
  outer loop
    vertex 80.0 10.375 26.200000762939453
    vertex 80.0 10.5 26.200000762939453
    vertex 80.0 10.5 26.400001525878906
  endloop
endfacet
facet normal 0.0 0.0 0.0
  outer loop
    vertex 70.125 10.5 26.400001525878906
    vertex 80.0 10.5 26.400001525878906
    vertex 80.0 10.5 26.200000762939453
  endloop
endfacet
facet normal 0.0 0.0 0.0
  outer loop
    vertex 80.0 10.5 26.200000762939453
    vertex 70.125 10.5 26.200000762939453
    vertex 70.125 10.5 26.400001525878906
  endloop
endfacet
facet normal 0.0 0.0 0.0
  outer loop
    vertex 70.0 10.5 26.400001525878906
    vertex 70.125 10.5 26.400001525878906
    vertex 70.125 10.5 26.200000762939453
  endloop
endfacet
facet normal 0.0 0.0 0.0
  outer loop
    vertex 70.125 10.5 26.200000762939453
    vertex 70.0 10.5 26.200000762939453
    vertex 70.0 10.5 26.400001525878906
  endloop
endfacet
facet normal 0.0 0.0 0.0
  outer loop
    vertex 70.0 0.125 26.400001525878906
    vertex 70.0 10.5 26.400001525878906
    vertex 70.0 10.5 26.200000762939453
  endloop
endfacet
facet normal 0.0 0.0 0.0
  outer loop
    vertex 70.0 10.5 26.200000762939453
    vertex 70.0 0.125 26.200000762939453
    vertex 70.0 0.125 26.400001525878906
  endloop
endfacet
facet normal 0.0 0.0 0.0
  outer loop
    vertex 70.0 -0.0 26.400001525878906
    vertex 70.0 0.125 26.400001525878906
    vertex 70.0 0.125 26.200000762939453
  endloop
endfacet
facet normal 0.0 0.0 0.0
  outer loop
    vertex 70.0 0.125 26.200000762939453
    vertex 70.0 -0.0 26.200000762939453
    vertex 70.0 -0.0 26.400001525878906
  endloop
endfacet
facet normal 0.0 0.0 0.0
  outer loop
    vertex 70.0 -10.375 26.400001525878906
    vertex 70.0 -10.5 26.400001525878906
    vertex 79.875 -10.5 26.400001525878906
  endloop
endfacet
facet normal 0.0 0.0 0.0
  outer loop
    vertex 79.875 -10.5 26.400001525878906
    vertex 80.0 -10.5 26.400001525878906
    vertex 80.0 10.375 26.400001525878906
  endloop
endfacet
facet normal 0.0 0.0 0.0
  outer loop
    vertex 80.0 10.375 26.400001525878906
    vertex 80.0 10.5 26.400001525878906
    vertex 70.125 10.5 26.400001525878906
  endloop
endfacet
facet normal 0.0 0.0 0.0
  outer loop
    vertex 70.125 10.5 26.400001525878906
    vertex 70.0 10.5 26.400001525878906
    vertex 70.0 0.125 26.400001525878906
  endloop
endfacet
facet normal 0.0 0.0 0.0
  outer loop
    vertex 70.0 -0.0 26.400001525878906
    vertex 70.0 -10.375 26.400001525878906
    vertex 79.875 -10.5 26.400001525878906
  endloop
endfacet
facet normal 0.0 0.0 0.0
  outer loop
    vertex 79.875 -10.5 26.400001525878906
    vertex 80.0 10.375 26.400001525878906
    vertex 70.125 10.5 26.400001525878906
  endloop
endfacet
facet normal 0.0 0.0 0.0
  outer loop
    vertex 70.125 10.5 26.400001525878906
    vertex 70.0 0.125 26.400001525878906
    vertex 70.0 -0.0 26.400001525878906
  endloop
endfacet
facet normal 0.0 0.0 0.0
  outer loop
    vertex 70.0 -0.0 26.400001525878906
    vertex 79.875 -10.5 26.400001525878906
    vertex 70.125 10.5 26.400001525878906
  endloop
endfacet
facet normal 0.0 0.0 0.0
  outer loop
    vertex 70.0 50.625 26.400001525878906
    vertex 70.0 55.5 26.400001525878906
    vertex 70.0 55.5 26.200000762939453
  endloop
endfacet
facet normal 0.0 0.0 0.0
  outer loop
    vertex 70.0 55.5 26.200000762939453
    vertex 70.0 50.625 26.200000762939453
    vertex 70.0 50.625 26.400001525878906
  endloop
endfacet
facet normal 0.0 0.0 0.0
  outer loop
    vertex 70.0 50.5 26.400001525878906
    vertex 70.0 50.625 26.400001525878906
    vertex 70.0 50.625 26.200000762939453
  endloop
endfacet
facet normal 0.0 0.0 0.0
  outer loop
    vertex 70.0 50.625 26.200000762939453
    vertex 70.0 50.5 26.200000762939453
    vertex 70.0 50.5 26.400001525878906
  endloop
endfacet
facet normal 0.0 0.0 0.0
  outer loop
    vertex 79.875 50.5 26.400001525878906
    vertex 70.0 50.5 26.400001525878906
    vertex 70.0 50.5 26.200000762939453
  endloop
endfacet
facet normal 0.0 0.0 0.0
  outer loop
    vertex 70.0 50.5 26.200000762939453
    vertex 79.875 50.5 26.200000762939453
    vertex 79.875 50.5 26.400001525878906
  endloop
endfacet
facet normal 0.0 0.0 0.0
  outer loop
    vertex 80.0 50.5 26.400001525878906
    vertex 79.875 50.5 26.400001525878906
    vertex 79.875 50.5 26.200000762939453
  endloop
endfacet
facet normal 0.0 0.0 0.0
  outer loop
    vertex 79.875 50.5 26.200000762939453
    vertex 80.0 50.5 26.200000762939453
    vertex 80.0 50.5 26.400001525878906
  endloop
endfacet
facet normal 0.0 0.0 0.0
  outer loop
    vertex 80.0 60.375 26.400001525878906
    vertex 80.0 50.5 26.400001525878906
    vertex 80.0 50.5 26.200000762939453
  endloop
endfacet
facet normal 0.0 0.0 0.0
  outer loop
    vertex 80.0 50.5 26.200000762939453
    vertex 80.0 60.375 26.200000762939453
    vertex 80.0 60.375 26.400001525878906
  endloop
endfacet
facet normal 0.0 0.0 0.0
  outer loop
    vertex 80.0 60.5 26.400001525878906
    vertex 80.0 60.375 26.400001525878906
    vertex 80.0 60.375 26.200000762939453
  endloop
endfacet
facet normal 0.0 0.0 0.0
  outer loop
    vertex 80.0 60.375 26.200000762939453
    vertex 80.0 60.5 26.200000762939453
    vertex 80.0 60.5 26.400001525878906
  endloop
endfacet
facet normal 0.0 0.0 0.0
  outer loop
    vertex 70.125 60.5 26.400001525878906
    vertex 80.0 60.5 26.400001525878906
    vertex 80.0 60.5 26.200000762939453
  endloop
endfacet
facet normal 0.0 0.0 0.0
  outer loop
    vertex 80.0 60.5 26.200000762939453
    vertex 70.125 60.5 26.200000762939453
    vertex 70.125 60.5 26.400001525878906
  endloop
endfacet
facet normal 0.0 0.0 0.0
  outer loop
    vertex 70.0 60.5 26.400001525878906
    vertex 70.125 60.5 26.400001525878906
    vertex 70.125 60.5 26.200000762939453
  endloop
endfacet
facet normal 0.0 0.0 0.0
  outer loop
    vertex 70.125 60.5 26.200000762939453
    vertex 70.0 60.5 26.200000762939453
    vertex 70.0 60.5 26.400001525878906
  endloop
endfacet
facet normal 0.0 0.0 0.0
  outer loop
    vertex 70.0 55.625 26.400001525878906
    vertex 70.0 60.5 26.400001525878906
    vertex 70.0 60.5 26.200000762939453
  endloop
endfacet
facet normal 0.0 0.0 0.0
  outer loop
    vertex 70.0 60.5 26.200000762939453
    vertex 70.0 55.625 26.200000762939453
    vertex 70.0 55.625 26.400001525878906
  endloop
endfacet
facet normal 0.0 0.0 0.0
  outer loop
    vertex 70.0 55.5 26.400001525878906
    vertex 70.0 55.625 26.400001525878906
    vertex 70.0 55.625 26.200000762939453
  endloop
endfacet
facet normal 0.0 0.0 0.0
  outer loop
    vertex 70.0 55.625 26.200000762939453
    vertex 70.0 55.5 26.200000762939453
    vertex 70.0 55.5 26.400001525878906
  endloop
endfacet
facet normal 0.0 0.0 0.0
  outer loop
    vertex 70.0 50.625 26.400001525878906
    vertex 70.0 50.5 26.400001525878906
    vertex 79.875 50.5 26.400001525878906
  endloop
endfacet
facet normal 0.0 0.0 0.0
  outer loop
    vertex 79.875 50.5 26.400001525878906
    vertex 80.0 50.5 26.400001525878906
    vertex 80.0 60.375 26.400001525878906
  endloop
endfacet
facet normal 0.0 0.0 0.0
  outer loop
    vertex 80.0 60.375 26.400001525878906
    vertex 80.0 60.5 26.400001525878906
    vertex 70.125 60.5 26.400001525878906
  endloop
endfacet
facet normal 0.0 0.0 0.0
  outer loop
    vertex 70.125 60.5 26.400001525878906
    vertex 70.0 60.5 26.400001525878906
    vertex 70.0 55.625 26.400001525878906
  endloop
endfacet
facet normal 0.0 0.0 0.0
  outer loop
    vertex 70.0 55.5 26.400001525878906
    vertex 70.0 50.625 26.400001525878906
    vertex 79.875 50.5 26.400001525878906
  endloop
endfacet
facet normal 0.0 0.0 0.0
  outer loop
    vertex 79.875 50.5 26.400001525878906
    vertex 80.0 60.375 26.400001525878906
    vertex 70.125 60.5 26.400001525878906
  endloop
endfacet
facet normal 0.0 0.0 0.0
  outer loop
    vertex 70.125 60.5 26.400001525878906
    vertex 70.0 55.625 26.400001525878906
    vertex 70.0 55.5 26.400001525878906
  endloop
endfacet
facet normal 0.0 0.0 0.0
  outer loop
    vertex 70.0 55.5 26.400001525878906
    vertex 79.875 50.5 26.400001525878906
    vertex 70.125 60.5 26.400001525878906
  endloop
endfacet
facet normal 0.0 0.0 0.0
  outer loop
    vertex 70.0 -60.375 26.400001525878906
    vertex 70.0 -55.5 26.400001525878906
    vertex 70.0 -55.5 26.200000762939453
  endloop
endfacet
facet normal 0.0 0.0 0.0
  outer loop
    vertex 70.0 -55.5 26.200000762939453
    vertex 70.0 -60.375 26.200000762939453
    vertex 70.0 -60.375 26.400001525878906
  endloop
endfacet
facet normal 0.0 0.0 0.0
  outer loop
    vertex 70.0 -60.5 26.400001525878906
    vertex 70.0 -60.375 26.400001525878906
    vertex 70.0 -60.375 26.200000762939453
  endloop
endfacet
facet normal 0.0 0.0 0.0
  outer loop
    vertex 70.0 -60.375 26.200000762939453
    vertex 70.0 -60.5 26.200000762939453
    vertex 70.0 -60.5 26.400001525878906
  endloop
endfacet
facet normal 0.0 0.0 0.0
  outer loop
    vertex 79.875 -60.5 26.400001525878906
    vertex 70.0 -60.5 26.400001525878906
    vertex 70.0 -60.5 26.200000762939453
  endloop
endfacet
facet normal 0.0 0.0 0.0
  outer loop
    vertex 70.0 -60.5 26.200000762939453
    vertex 79.875 -60.5 26.200000762939453
    vertex 79.875 -60.5 26.400001525878906
  endloop
endfacet
facet normal 0.0 0.0 0.0
  outer loop
    vertex 80.0 -60.5 26.400001525878906
    vertex 79.875 -60.5 26.400001525878906
    vertex 79.875 -60.5 26.200000762939453
  endloop
endfacet
facet normal 0.0 0.0 0.0
  outer loop
    vertex 79.875 -60.5 26.200000762939453
    vertex 80.0 -60.5 26.200000762939453
    vertex 80.0 -60.5 26.400001525878906
  endloop
endfacet
facet normal 0.0 0.0 0.0
  outer loop
    vertex 80.0 -50.625 26.400001525878906
    vertex 80.0 -60.5 26.400001525878906
    vertex 80.0 -60.5 26.200000762939453
  endloop
endfacet
facet normal 0.0 0.0 0.0
  outer loop
    vertex 80.0 -60.5 26.200000762939453
    vertex 80.0 -50.625 26.200000762939453
    vertex 80.0 -50.625 26.400001525878906
  endloop
endfacet
facet normal 0.0 0.0 0.0
  outer loop
    vertex 80.0 -50.5 26.400001525878906
    vertex 80.0 -50.625 26.400001525878906
    vertex 80.0 -50.625 26.200000762939453
  endloop
endfacet
facet normal 0.0 0.0 0.0
  outer loop
    vertex 80.0 -50.625 26.200000762939453
    vertex 80.0 -50.5 26.200000762939453
    vertex 80.0 -50.5 26.400001525878906
  endloop
endfacet
facet normal 0.0 0.0 0.0
  outer loop
    vertex 70.125 -50.5 26.400001525878906
    vertex 80.0 -50.5 26.400001525878906
    vertex 80.0 -50.5 26.200000762939453
  endloop
endfacet
facet normal 0.0 0.0 0.0
  outer loop
    vertex 80.0 -50.5 26.200000762939453
    vertex 70.125 -50.5 26.200000762939453
    vertex 70.125 -50.5 26.400001525878906
  endloop
endfacet
facet normal 0.0 0.0 0.0
  outer loop
    vertex 70.0 -50.5 26.400001525878906
    vertex 70.125 -50.5 26.400001525878906
    vertex 70.125 -50.5 26.200000762939453
  endloop
endfacet
facet normal 0.0 0.0 0.0
  outer loop
    vertex 70.125 -50.5 26.200000762939453
    vertex 70.0 -50.5 26.200000762939453
    vertex 70.0 -50.5 26.400001525878906
  endloop
endfacet
facet normal 0.0 0.0 0.0
  outer loop
    vertex 70.0 -55.375 26.400001525878906
    vertex 70.0 -50.5 26.400001525878906
    vertex 70.0 -50.5 26.200000762939453
  endloop
endfacet
facet normal 0.0 0.0 0.0
  outer loop
    vertex 70.0 -50.5 26.200000762939453
    vertex 70.0 -55.375 26.200000762939453
    vertex 70.0 -55.375 26.400001525878906
  endloop
endfacet
facet normal 0.0 0.0 0.0
  outer loop
    vertex 70.0 -55.5 26.400001525878906
    vertex 70.0 -55.375 26.400001525878906
    vertex 70.0 -55.375 26.200000762939453
  endloop
endfacet
facet normal 0.0 0.0 0.0
  outer loop
    vertex 70.0 -55.375 26.200000762939453
    vertex 70.0 -55.5 26.200000762939453
    vertex 70.0 -55.5 26.400001525878906
  endloop
endfacet
facet normal 0.0 0.0 0.0
  outer loop
    vertex 70.0 -60.375 26.400001525878906
    vertex 70.0 -60.5 26.400001525878906
    vertex 79.875 -60.5 26.400001525878906
  endloop
endfacet
facet normal 0.0 0.0 0.0
  outer loop
    vertex 79.875 -60.5 26.400001525878906
    vertex 80.0 -60.5 26.400001525878906
    vertex 80.0 -50.625 26.400001525878906
  endloop
endfacet
facet normal 0.0 0.0 0.0
  outer loop
    vertex 80.0 -50.625 26.400001525878906
    vertex 80.0 -50.5 26.400001525878906
    vertex 70.125 -50.5 26.400001525878906
  endloop
endfacet
facet normal 0.0 0.0 0.0
  outer loop
    vertex 70.125 -50.5 26.400001525878906
    vertex 70.0 -50.5 26.400001525878906
    vertex 70.0 -55.375 26.400001525878906
  endloop
endfacet
facet normal 0.0 0.0 0.0
  outer loop
    vertex 70.0 -55.5 26.400001525878906
    vertex 70.0 -60.375 26.400001525878906
    vertex 79.875 -60.5 26.400001525878906
  endloop
endfacet
facet normal 0.0 0.0 0.0
  outer loop
    vertex 79.875 -60.5 26.400001525878906
    vertex 80.0 -50.625 26.400001525878906
    vertex 70.125 -50.5 26.400001525878906
  endloop
endfacet
facet normal 0.0 0.0 0.0
  outer loop
    vertex 70.125 -50.5 26.400001525878906
    vertex 70.0 -55.375 26.400001525878906
    vertex 70.0 -55.5 26.400001525878906
  endloop
endfacet
facet normal 0.0 0.0 0.0
  outer loop
    vertex 70.0 -55.5 26.400001525878906
    vertex 79.875 -60.5 26.400001525878906
    vertex 70.125 -50.5 26.400001525878906
  endloop
endfacet
facet normal 0.0 0.0 0.0
  outer loop
    vertex -80.0 53.625 26.400001525878906
    vertex -80.0 57.0 26.400001525878906
    vertex -80.0 57.0 26.200000762939453
  endloop
endfacet
facet normal 0.0 0.0 0.0
  outer loop
    vertex -80.0 57.0 26.200000762939453
    vertex -80.0 53.625 26.200000762939453
    vertex -80.0 53.625 26.400001525878906
  endloop
endfacet
facet normal 0.0 0.0 0.0
  outer loop
    vertex -80.0 53.5 26.400001525878906
    vertex -80.0 53.625 26.400001525878906
    vertex -80.0 53.625 26.200000762939453
  endloop
endfacet
facet normal 0.0 0.0 0.0
  outer loop
    vertex -80.0 53.625 26.200000762939453
    vertex -80.0 53.5 26.200000762939453
    vertex -80.0 53.5 26.400001525878906
  endloop
endfacet
facet normal 0.0 0.0 0.0
  outer loop
    vertex -74.125 53.5 26.400001525878906
    vertex -80.0 53.5 26.400001525878906
    vertex -80.0 53.5 26.200000762939453
  endloop
endfacet
facet normal 0.0 0.0 0.0
  outer loop
    vertex -80.0 53.5 26.200000762939453
    vertex -74.125 53.5 26.200000762939453
    vertex -74.125 53.5 26.400001525878906
  endloop
endfacet
facet normal 0.0 0.0 0.0
  outer loop
    vertex -74.0 53.5 26.400001525878906
    vertex -74.125 53.5 26.400001525878906
    vertex -74.125 53.5 26.200000762939453
  endloop
endfacet
facet normal 0.0 0.0 0.0
  outer loop
    vertex -74.125 53.5 26.200000762939453
    vertex -74.0 53.5 26.200000762939453
    vertex -74.0 53.5 26.400001525878906
  endloop
endfacet
facet normal 0.0 0.0 0.0
  outer loop
    vertex -74.0 60.375 26.400001525878906
    vertex -74.0 53.5 26.400001525878906
    vertex -74.0 53.5 26.200000762939453
  endloop
endfacet
facet normal 0.0 0.0 0.0
  outer loop
    vertex -74.0 53.5 26.200000762939453
    vertex -74.0 60.375 26.200000762939453
    vertex -74.0 60.375 26.400001525878906
  endloop
endfacet
facet normal 0.0 0.0 0.0
  outer loop
    vertex -74.0 60.5 26.400001525878906
    vertex -74.0 60.375 26.400001525878906
    vertex -74.0 60.375 26.200000762939453
  endloop
endfacet
facet normal 0.0 0.0 0.0
  outer loop
    vertex -74.0 60.375 26.200000762939453
    vertex -74.0 60.5 26.200000762939453
    vertex -74.0 60.5 26.400001525878906
  endloop
endfacet
facet normal 0.0 0.0 0.0
  outer loop
    vertex -79.875 60.5 26.400001525878906
    vertex -74.0 60.5 26.400001525878906
    vertex -74.0 60.5 26.200000762939453
  endloop
endfacet
facet normal 0.0 0.0 0.0
  outer loop
    vertex -74.0 60.5 26.200000762939453
    vertex -79.875 60.5 26.200000762939453
    vertex -79.875 60.5 26.400001525878906
  endloop
endfacet
facet normal 0.0 0.0 0.0
  outer loop
    vertex -80.0 60.5 26.400001525878906
    vertex -79.875 60.5 26.400001525878906
    vertex -79.875 60.5 26.200000762939453
  endloop
endfacet
facet normal 0.0 0.0 0.0
  outer loop
    vertex -79.875 60.5 26.200000762939453
    vertex -80.0 60.5 26.200000762939453
    vertex -80.0 60.5 26.400001525878906
  endloop
endfacet
facet normal 0.0 0.0 0.0
  outer loop
    vertex -80.0 57.125 26.400001525878906
    vertex -80.0 60.5 26.400001525878906
    vertex -80.0 60.5 26.200000762939453
  endloop
endfacet
facet normal 0.0 0.0 0.0
  outer loop
    vertex -80.0 60.5 26.200000762939453
    vertex -80.0 57.125 26.200000762939453
    vertex -80.0 57.125 26.400001525878906
  endloop
endfacet
facet normal 0.0 0.0 0.0
  outer loop
    vertex -80.0 57.0 26.400001525878906
    vertex -80.0 57.125 26.400001525878906
    vertex -80.0 57.125 26.200000762939453
  endloop
endfacet
facet normal 0.0 0.0 0.0
  outer loop
    vertex -80.0 57.125 26.200000762939453
    vertex -80.0 57.0 26.200000762939453
    vertex -80.0 57.0 26.400001525878906
  endloop
endfacet
facet normal 0.0 0.0 0.0
  outer loop
    vertex -80.0 53.625 26.400001525878906
    vertex -80.0 53.5 26.400001525878906
    vertex -74.125 53.5 26.400001525878906
  endloop
endfacet
facet normal 0.0 0.0 0.0
  outer loop
    vertex -74.125 53.5 26.400001525878906
    vertex -74.0 53.5 26.400001525878906
    vertex -74.0 60.375 26.400001525878906
  endloop
endfacet
facet normal 0.0 0.0 0.0
  outer loop
    vertex -74.0 60.375 26.400001525878906
    vertex -74.0 60.5 26.400001525878906
    vertex -79.875 60.5 26.400001525878906
  endloop
endfacet
facet normal 0.0 0.0 0.0
  outer loop
    vertex -79.875 60.5 26.400001525878906
    vertex -80.0 60.5 26.400001525878906
    vertex -80.0 57.125 26.400001525878906
  endloop
endfacet
facet normal 0.0 0.0 0.0
  outer loop
    vertex -80.0 57.0 26.400001525878906
    vertex -80.0 53.625 26.400001525878906
    vertex -74.125 53.5 26.400001525878906
  endloop
endfacet
facet normal 0.0 0.0 0.0
  outer loop
    vertex -74.125 53.5 26.400001525878906
    vertex -74.0 60.375 26.400001525878906
    vertex -79.875 60.5 26.400001525878906
  endloop
endfacet
facet normal 0.0 0.0 0.0
  outer loop
    vertex -79.875 60.5 26.400001525878906
    vertex -80.0 57.125 26.400001525878906
    vertex -80.0 57.0 26.400001525878906
  endloop
endfacet
facet normal 0.0 0.0 0.0
  outer loop
    vertex -80.0 57.0 26.400001525878906
    vertex -74.125 53.5 26.400001525878906
    vertex -79.875 60.5 26.400001525878906
  endloop
endfacet
facet normal 0.0 0.0 0.0
  outer loop
    vertex -80.0 53.625 30.400001525878906
    vertex -80.0 57.0 30.400001525878906
    vertex -80.0 57.0 26.400001525878906
  endloop
endfacet
facet normal 0.0 0.0 0.0
  outer loop
    vertex -80.0 57.0 26.400001525878906
    vertex -80.0 53.625 26.400001525878906
    vertex -80.0 53.625 30.400001525878906
  endloop
endfacet
facet normal 0.0 0.0 0.0
  outer loop
    vertex -80.0 53.5 30.400001525878906
    vertex -80.0 53.625 30.400001525878906
    vertex -80.0 53.625 26.400001525878906
  endloop
endfacet
facet normal 0.0 0.0 0.0
  outer loop
    vertex -80.0 53.625 26.400001525878906
    vertex -80.0 53.5 26.400001525878906
    vertex -80.0 53.5 30.400001525878906
  endloop
endfacet
facet normal 0.0 0.0 0.0
  outer loop
    vertex 69.875 53.5 30.400001525878906
    vertex -80.0 53.5 30.400001525878906
    vertex -80.0 53.5 26.400001525878906
  endloop
endfacet
facet normal 0.0 0.0 0.0
  outer loop
    vertex -80.0 53.5 26.400001525878906
    vertex 69.875 53.5 26.400001525878906
    vertex 69.875 53.5 30.400001525878906
  endloop
endfacet
facet normal 0.0 0.0 0.0
  outer loop
    vertex 70.0 53.5 30.400001525878906
    vertex 69.875 53.5 30.400001525878906
    vertex 69.875 53.5 26.400001525878906
  endloop
endfacet
facet normal 0.0 0.0 0.0
  outer loop
    vertex 69.875 53.5 26.400001525878906
    vertex 70.0 53.5 26.400001525878906
    vertex 70.0 53.5 30.400001525878906
  endloop
endfacet
facet normal 0.0 0.0 0.0
  outer loop
    vertex 70.0 -60.375 30.400001525878906
    vertex 70.0 53.5 30.400001525878906
    vertex 70.0 53.5 26.400001525878906
  endloop
endfacet
facet normal 0.0 0.0 0.0
  outer loop
    vertex 70.0 53.5 26.400001525878906
    vertex 70.0 -60.375 26.400001525878906
    vertex 70.0 -60.375 30.400001525878906
  endloop
endfacet
facet normal 0.0 0.0 0.0
  outer loop
    vertex 70.0 -60.5 30.400001525878906
    vertex 70.0 -60.375 30.400001525878906
    vertex 70.0 -60.375 26.400001525878906
  endloop
endfacet
facet normal 0.0 0.0 0.0
  outer loop
    vertex 70.0 -60.375 26.400001525878906
    vertex 70.0 -60.5 26.400001525878906
    vertex 70.0 -60.5 30.400001525878906
  endloop
endfacet
facet normal 0.0 0.0 0.0
  outer loop
    vertex 79.875 -60.5 30.400001525878906
    vertex 70.0 -60.5 30.400001525878906
    vertex 70.0 -60.5 26.400001525878906
  endloop
endfacet
facet normal 0.0 0.0 0.0
  outer loop
    vertex 70.0 -60.5 26.400001525878906
    vertex 79.875 -60.5 26.400001525878906
    vertex 79.875 -60.5 30.400001525878906
  endloop
endfacet
facet normal 0.0 0.0 0.0
  outer loop
    vertex 80.0 -60.5 30.400001525878906
    vertex 79.875 -60.5 30.400001525878906
    vertex 79.875 -60.5 26.400001525878906
  endloop
endfacet
facet normal 0.0 0.0 0.0
  outer loop
    vertex 79.875 -60.5 26.400001525878906
    vertex 80.0 -60.5 26.400001525878906
    vertex 80.0 -60.5 30.400001525878906
  endloop
endfacet
facet normal 0.0 0.0 0.0
  outer loop
    vertex 80.0 60.375 30.400001525878906
    vertex 80.0 -60.5 30.400001525878906
    vertex 80.0 -60.5 26.400001525878906
  endloop
endfacet
facet normal 0.0 0.0 0.0
  outer loop
    vertex 80.0 -60.5 26.400001525878906
    vertex 80.0 60.375 26.400001525878906
    vertex 80.0 60.375 30.400001525878906
  endloop
endfacet
facet normal 0.0 0.0 0.0
  outer loop
    vertex 80.0 60.5 30.400001525878906
    vertex 80.0 60.375 30.400001525878906
    vertex 80.0 60.375 26.400001525878906
  endloop
endfacet
facet normal 0.0 0.0 0.0
  outer loop
    vertex 80.0 60.375 26.400001525878906
    vertex 80.0 60.5 26.400001525878906
    vertex 80.0 60.5 30.400001525878906
  endloop
endfacet
facet normal 0.0 0.0 0.0
  outer loop
    vertex -79.875 60.5 30.400001525878906
    vertex 80.0 60.5 30.400001525878906
    vertex 80.0 60.5 26.400001525878906
  endloop
endfacet
facet normal 0.0 0.0 0.0
  outer loop
    vertex 80.0 60.5 26.400001525878906
    vertex -79.875 60.5 26.400001525878906
    vertex -79.875 60.5 30.400001525878906
  endloop
endfacet
facet normal 0.0 0.0 0.0
  outer loop
    vertex -80.0 60.5 30.400001525878906
    vertex -79.875 60.5 30.400001525878906
    vertex -79.875 60.5 26.400001525878906
  endloop
endfacet
facet normal 0.0 0.0 0.0
  outer loop
    vertex -79.875 60.5 26.400001525878906
    vertex -80.0 60.5 26.400001525878906
    vertex -80.0 60.5 30.400001525878906
  endloop
endfacet
facet normal 0.0 0.0 0.0
  outer loop
    vertex -80.0 57.125 30.400001525878906
    vertex -80.0 60.5 30.400001525878906
    vertex -80.0 60.5 26.400001525878906
  endloop
endfacet
facet normal 0.0 0.0 0.0
  outer loop
    vertex -80.0 60.5 26.400001525878906
    vertex -80.0 57.125 26.400001525878906
    vertex -80.0 57.125 30.400001525878906
  endloop
endfacet
facet normal 0.0 0.0 0.0
  outer loop
    vertex -80.0 57.0 30.400001525878906
    vertex -80.0 57.125 30.400001525878906
    vertex -80.0 57.125 26.400001525878906
  endloop
endfacet
facet normal 0.0 0.0 0.0
  outer loop
    vertex -80.0 57.125 26.400001525878906
    vertex -80.0 57.0 26.400001525878906
    vertex -80.0 57.0 30.400001525878906
  endloop
endfacet
facet normal 0.0 0.0 0.0
  outer loop
    vertex -80.0 53.625 30.400001525878906
    vertex -80.0 53.5 30.400001525878906
    vertex 69.875 53.5 30.400001525878906
  endloop
endfacet
facet normal 0.0 0.0 0.0
  outer loop
    vertex 69.875 53.5 26.400001525878906
    vertex -80.0 53.5 26.400001525878906
    vertex -80.0 53.625 26.400001525878906
  endloop
endfacet
facet normal 0.0 0.0 0.0
  outer loop
    vertex 70.0 -60.375 30.400001525878906
    vertex 70.0 -60.5 30.400001525878906
    vertex 79.875 -60.5 30.400001525878906
  endloop
endfacet
facet normal 0.0 0.0 0.0
  outer loop
    vertex 79.875 -60.5 30.400001525878906
    vertex 80.0 -60.5 30.400001525878906
    vertex 80.0 60.375 30.400001525878906
  endloop
endfacet
facet normal 0.0 0.0 0.0
  outer loop
    vertex 80.0 60.375 26.400001525878906
    vertex 80.0 -60.5 26.400001525878906
    vertex 79.875 -60.5 26.400001525878906
  endloop
endfacet
facet normal 0.0 0.0 0.0
  outer loop
    vertex 80.0 60.375 30.400001525878906
    vertex 80.0 60.5 30.400001525878906
    vertex -79.875 60.5 30.400001525878906
  endloop
endfacet
facet normal 0.0 0.0 0.0
  outer loop
    vertex -79.875 60.5 26.400001525878906
    vertex 80.0 60.5 26.400001525878906
    vertex 80.0 60.375 26.400001525878906
  endloop
endfacet
facet normal 0.0 0.0 0.0
  outer loop
    vertex -79.875 60.5 30.400001525878906
    vertex -80.0 60.5 30.400001525878906
    vertex -80.0 57.125 30.400001525878906
  endloop
endfacet
facet normal 0.0 0.0 0.0
  outer loop
    vertex -80.0 57.0 30.400001525878906
    vertex -80.0 53.625 30.400001525878906
    vertex 69.875 53.5 30.400001525878906
  endloop
endfacet
facet normal 0.0 0.0 0.0
  outer loop
    vertex 69.875 53.5 26.400001525878906
    vertex -80.0 53.625 26.400001525878906
    vertex -80.0 57.0 26.400001525878906
  endloop
endfacet
facet normal 0.0 0.0 0.0
  outer loop
    vertex 70.0 53.5 30.400001525878906
    vertex 70.0 -60.375 30.400001525878906
    vertex 79.875 -60.5 30.400001525878906
  endloop
endfacet
facet normal 0.0 0.0 0.0
  outer loop
    vertex 79.875 -60.5 26.400001525878906
    vertex 70.0 -60.375 26.400001525878906
    vertex 70.0 53.5 26.400001525878906
  endloop
endfacet
facet normal 0.0 0.0 0.0
  outer loop
    vertex 80.0 60.375 30.400001525878906
    vertex -79.875 60.5 30.400001525878906
    vertex -80.0 57.125 30.400001525878906
  endloop
endfacet
facet normal 0.0 0.0 0.0
  outer loop
    vertex -80.0 57.125 26.400001525878906
    vertex -79.875 60.5 26.400001525878906
    vertex 80.0 60.375 26.400001525878906
  endloop
endfacet
facet normal 0.0 0.0 0.0
  outer loop
    vertex -80.0 57.125 30.400001525878906
    vertex -80.0 57.0 30.400001525878906
    vertex 69.875 53.5 30.400001525878906
  endloop
endfacet
facet normal 0.0 0.0 0.0
  outer loop
    vertex 69.875 53.5 26.400001525878906
    vertex -80.0 57.0 26.400001525878906
    vertex -80.0 57.125 26.400001525878906
  endloop
endfacet
facet normal 0.0 0.0 0.0
  outer loop
    vertex 70.0 53.5 30.400001525878906
    vertex 79.875 -60.5 30.400001525878906
    vertex 80.0 60.375 30.400001525878906
  endloop
endfacet
facet normal 0.0 0.0 0.0
  outer loop
    vertex 80.0 60.375 26.400001525878906
    vertex 79.875 -60.5 26.400001525878906
    vertex 70.0 53.5 26.400001525878906
  endloop
endfacet
facet normal 0.0 0.0 0.0
  outer loop
    vertex 80.0 60.375 30.400001525878906
    vertex -80.0 57.125 30.400001525878906
    vertex 69.875 53.5 30.400001525878906
  endloop
endfacet
facet normal 0.0 0.0 0.0
  outer loop
    vertex 69.875 53.5 26.400001525878906
    vertex -80.0 57.125 26.400001525878906
    vertex 80.0 60.375 26.400001525878906
  endloop
endfacet
facet normal 0.0 0.0 0.0
  outer loop
    vertex 69.875 53.5 30.400001525878906
    vertex 70.0 53.5 30.400001525878906
    vertex 80.0 60.375 30.400001525878906
  endloop
endfacet
facet normal 0.0 0.0 0.0
  outer loop
    vertex 80.0 60.375 26.400001525878906
    vertex 70.0 53.5 26.400001525878906
    vertex 69.875 53.5 26.400001525878906
  endloop
endfacet
facet normal 0.0 0.0 0.0
  outer loop
    vertex -80.0 53.625 30.600000381469727
    vertex -80.0 57.0 30.600000381469727
    vertex -80.0 57.0 30.400001525878906
  endloop
endfacet
facet normal 0.0 0.0 0.0
  outer loop
    vertex -80.0 57.0 30.400001525878906
    vertex -80.0 53.625 30.400001525878906
    vertex -80.0 53.625 30.600000381469727
  endloop
endfacet
facet normal 0.0 0.0 0.0
  outer loop
    vertex -80.0 53.5 30.600000381469727
    vertex -80.0 53.625 30.600000381469727
    vertex -80.0 53.625 30.400001525878906
  endloop
endfacet
facet normal 0.0 0.0 0.0
  outer loop
    vertex -80.0 53.625 30.400001525878906
    vertex -80.0 53.5 30.400001525878906
    vertex -80.0 53.5 30.600000381469727
  endloop
endfacet
facet normal 0.0 0.0 0.0
  outer loop
    vertex 69.875 53.5 30.600000381469727
    vertex -80.0 53.5 30.600000381469727
    vertex -80.0 53.5 30.400001525878906
  endloop
endfacet
facet normal 0.0 0.0 0.0
  outer loop
    vertex -80.0 53.5 30.400001525878906
    vertex 69.875 53.5 30.400001525878906
    vertex 69.875 53.5 30.600000381469727
  endloop
endfacet
facet normal 0.0 0.0 0.0
  outer loop
    vertex 70.0 53.5 30.600000381469727
    vertex 69.875 53.5 30.600000381469727
    vertex 69.875 53.5 30.400001525878906
  endloop
endfacet
facet normal 0.0 0.0 0.0
  outer loop
    vertex 69.875 53.5 30.400001525878906
    vertex 70.0 53.5 30.400001525878906
    vertex 70.0 53.5 30.600000381469727
  endloop
endfacet
facet normal 0.0 0.0 0.0
  outer loop
    vertex 70.0 -60.375 30.600000381469727
    vertex 70.0 53.5 30.600000381469727
    vertex 70.0 53.5 30.400001525878906
  endloop
endfacet
facet normal 0.0 0.0 0.0
  outer loop
    vertex 70.0 53.5 30.400001525878906
    vertex 70.0 -60.375 30.400001525878906
    vertex 70.0 -60.375 30.600000381469727
  endloop
endfacet
facet normal 0.0 0.0 0.0
  outer loop
    vertex 70.0 -60.5 30.600000381469727
    vertex 70.0 -60.375 30.600000381469727
    vertex 70.0 -60.375 30.400001525878906
  endloop
endfacet
facet normal 0.0 0.0 0.0
  outer loop
    vertex 70.0 -60.375 30.400001525878906
    vertex 70.0 -60.5 30.400001525878906
    vertex 70.0 -60.5 30.600000381469727
  endloop
endfacet
facet normal 0.0 0.0 0.0
  outer loop
    vertex 79.875 -60.5 30.600000381469727
    vertex 70.0 -60.5 30.600000381469727
    vertex 70.0 -60.5 30.400001525878906
  endloop
endfacet
facet normal 0.0 0.0 0.0
  outer loop
    vertex 70.0 -60.5 30.400001525878906
    vertex 79.875 -60.5 30.400001525878906
    vertex 79.875 -60.5 30.600000381469727
  endloop
endfacet
facet normal 0.0 0.0 0.0
  outer loop
    vertex 80.0 -60.5 30.600000381469727
    vertex 79.875 -60.5 30.600000381469727
    vertex 79.875 -60.5 30.400001525878906
  endloop
endfacet
facet normal 0.0 0.0 0.0
  outer loop
    vertex 79.875 -60.5 30.400001525878906
    vertex 80.0 -60.5 30.400001525878906
    vertex 80.0 -60.5 30.600000381469727
  endloop
endfacet
facet normal 0.0 0.0 0.0
  outer loop
    vertex 80.0 60.375 30.600000381469727
    vertex 80.0 -60.5 30.600000381469727
    vertex 80.0 -60.5 30.400001525878906
  endloop
endfacet
facet normal 0.0 0.0 0.0
  outer loop
    vertex 80.0 -60.5 30.400001525878906
    vertex 80.0 60.375 30.400001525878906
    vertex 80.0 60.375 30.600000381469727
  endloop
endfacet
facet normal 0.0 0.0 0.0
  outer loop
    vertex 80.0 60.5 30.600000381469727
    vertex 80.0 60.375 30.600000381469727
    vertex 80.0 60.375 30.400001525878906
  endloop
endfacet
facet normal 0.0 0.0 0.0
  outer loop
    vertex 80.0 60.375 30.400001525878906
    vertex 80.0 60.5 30.400001525878906
    vertex 80.0 60.5 30.600000381469727
  endloop
endfacet
facet normal 0.0 0.0 0.0
  outer loop
    vertex -79.875 60.5 30.600000381469727
    vertex 80.0 60.5 30.600000381469727
    vertex 80.0 60.5 30.400001525878906
  endloop
endfacet
facet normal 0.0 0.0 0.0
  outer loop
    vertex 80.0 60.5 30.400001525878906
    vertex -79.875 60.5 30.400001525878906
    vertex -79.875 60.5 30.600000381469727
  endloop
endfacet
facet normal 0.0 0.0 0.0
  outer loop
    vertex -80.0 60.5 30.600000381469727
    vertex -79.875 60.5 30.600000381469727
    vertex -79.875 60.5 30.400001525878906
  endloop
endfacet
facet normal 0.0 0.0 0.0
  outer loop
    vertex -79.875 60.5 30.400001525878906
    vertex -80.0 60.5 30.400001525878906
    vertex -80.0 60.5 30.600000381469727
  endloop
endfacet
facet normal 0.0 0.0 0.0
  outer loop
    vertex -80.0 57.125 30.600000381469727
    vertex -80.0 60.5 30.600000381469727
    vertex -80.0 60.5 30.400001525878906
  endloop
endfacet
facet normal 0.0 0.0 0.0
  outer loop
    vertex -80.0 60.5 30.400001525878906
    vertex -80.0 57.125 30.400001525878906
    vertex -80.0 57.125 30.600000381469727
  endloop
endfacet
facet normal 0.0 0.0 0.0
  outer loop
    vertex -80.0 57.0 30.600000381469727
    vertex -80.0 57.125 30.600000381469727
    vertex -80.0 57.125 30.400001525878906
  endloop
endfacet
facet normal 0.0 0.0 0.0
  outer loop
    vertex -80.0 57.125 30.400001525878906
    vertex -80.0 57.0 30.400001525878906
    vertex -80.0 57.0 30.600000381469727
  endloop
endfacet
facet normal 0.0 0.0 0.0
  outer loop
    vertex -80.0 53.625 30.600000381469727
    vertex -80.0 53.5 30.600000381469727
    vertex 69.875 53.5 30.600000381469727
  endloop
endfacet
facet normal 0.0 0.0 0.0
  outer loop
    vertex 70.0 -60.375 30.600000381469727
    vertex 70.0 -60.5 30.600000381469727
    vertex 79.875 -60.5 30.600000381469727
  endloop
endfacet
facet normal 0.0 0.0 0.0
  outer loop
    vertex 79.875 -60.5 30.600000381469727
    vertex 80.0 -60.5 30.600000381469727
    vertex 80.0 60.375 30.600000381469727
  endloop
endfacet
facet normal 0.0 0.0 0.0
  outer loop
    vertex 80.0 60.375 30.600000381469727
    vertex 80.0 60.5 30.600000381469727
    vertex -79.875 60.5 30.600000381469727
  endloop
endfacet
facet normal 0.0 0.0 0.0
  outer loop
    vertex -79.875 60.5 30.600000381469727
    vertex -80.0 60.5 30.600000381469727
    vertex -80.0 57.125 30.600000381469727
  endloop
endfacet
facet normal 0.0 0.0 0.0
  outer loop
    vertex -80.0 57.0 30.600000381469727
    vertex -80.0 53.625 30.600000381469727
    vertex 69.875 53.5 30.600000381469727
  endloop
endfacet
facet normal 0.0 0.0 0.0
  outer loop
    vertex 70.0 53.5 30.600000381469727
    vertex 70.0 -60.375 30.600000381469727
    vertex 79.875 -60.5 30.600000381469727
  endloop
endfacet
facet normal 0.0 0.0 0.0
  outer loop
    vertex 80.0 60.375 30.600000381469727
    vertex -79.875 60.5 30.600000381469727
    vertex -80.0 57.125 30.600000381469727
  endloop
endfacet
facet normal 0.0 0.0 0.0
  outer loop
    vertex -80.0 57.125 30.600000381469727
    vertex -80.0 57.0 30.600000381469727
    vertex 69.875 53.5 30.600000381469727
  endloop
endfacet
facet normal 0.0 0.0 0.0
  outer loop
    vertex 70.0 53.5 30.600000381469727
    vertex 79.875 -60.5 30.600000381469727
    vertex 80.0 60.375 30.600000381469727
  endloop
endfacet
facet normal 0.0 0.0 0.0
  outer loop
    vertex 80.0 60.375 30.600000381469727
    vertex -80.0 57.125 30.600000381469727
    vertex 69.875 53.5 30.600000381469727
  endloop
endfacet
facet normal 0.0 0.0 0.0
  outer loop
    vertex 69.875 53.5 30.600000381469727
    vertex 70.0 53.5 30.600000381469727
    vertex 80.0 60.375 30.600000381469727
  endloop
endfacet
facet normal 0.0 0.0 0.0
  outer loop
    vertex 64.0 53.625 32.0
    vertex 64.0 57.0 32.0
    vertex 64.0 57.0 30.600000381469727
  endloop
endfacet
facet normal 0.0 0.0 0.0
  outer loop
    vertex 64.0 57.0 30.600000381469727
    vertex 64.0 53.625 30.600000381469727
    vertex 64.0 53.625 32.0
  endloop
endfacet
facet normal 0.0 0.0 0.0
  outer loop
    vertex 64.0 53.5 32.0
    vertex 64.0 53.625 32.0
    vertex 64.0 53.625 30.600000381469727
  endloop
endfacet
facet normal 0.0 0.0 0.0
  outer loop
    vertex 64.0 53.625 30.600000381469727
    vertex 64.0 53.5 30.600000381469727
    vertex 64.0 53.5 32.0
  endloop
endfacet
facet normal 0.0 0.0 0.0
  outer loop
    vertex 69.875 53.5 32.0
    vertex 64.0 53.5 32.0
    vertex 64.0 53.5 30.600000381469727
  endloop
endfacet
facet normal 0.0 0.0 0.0
  outer loop
    vertex 64.0 53.5 30.600000381469727
    vertex 69.875 53.5 30.600000381469727
    vertex 69.875 53.5 32.0
  endloop
endfacet
facet normal 0.0 0.0 0.0
  outer loop
    vertex 70.0 53.5 32.0
    vertex 69.875 53.5 32.0
    vertex 69.875 53.5 30.600000381469727
  endloop
endfacet
facet normal 0.0 0.0 0.0
  outer loop
    vertex 69.875 53.5 30.600000381469727
    vertex 70.0 53.5 30.600000381469727
    vertex 70.0 53.5 32.0
  endloop
endfacet
facet normal 0.0 0.0 0.0
  outer loop
    vertex 70.0 -60.375 32.0
    vertex 70.0 53.5 32.0
    vertex 70.0 53.5 30.600000381469727
  endloop
endfacet
facet normal 0.0 0.0 0.0
  outer loop
    vertex 70.0 53.5 30.600000381469727
    vertex 70.0 -60.375 30.600000381469727
    vertex 70.0 -60.375 32.0
  endloop
endfacet
facet normal 0.0 0.0 0.0
  outer loop
    vertex 70.0 -60.5 32.0
    vertex 70.0 -60.375 32.0
    vertex 70.0 -60.375 30.600000381469727
  endloop
endfacet
facet normal 0.0 0.0 0.0
  outer loop
    vertex 70.0 -60.375 30.600000381469727
    vertex 70.0 -60.5 30.600000381469727
    vertex 70.0 -60.5 32.0
  endloop
endfacet
facet normal 0.0 0.0 0.0
  outer loop
    vertex 79.875 -60.5 32.0
    vertex 70.0 -60.5 32.0
    vertex 70.0 -60.5 30.600000381469727
  endloop
endfacet
facet normal 0.0 0.0 0.0
  outer loop
    vertex 70.0 -60.5 30.600000381469727
    vertex 79.875 -60.5 30.600000381469727
    vertex 79.875 -60.5 32.0
  endloop
endfacet
facet normal 0.0 0.0 0.0
  outer loop
    vertex 80.0 -60.5 32.0
    vertex 79.875 -60.5 32.0
    vertex 79.875 -60.5 30.600000381469727
  endloop
endfacet
facet normal 0.0 0.0 0.0
  outer loop
    vertex 79.875 -60.5 30.600000381469727
    vertex 80.0 -60.5 30.600000381469727
    vertex 80.0 -60.5 32.0
  endloop
endfacet
facet normal 0.0 0.0 0.0
  outer loop
    vertex 80.0 60.375 32.0
    vertex 80.0 -60.5 32.0
    vertex 80.0 -60.5 30.600000381469727
  endloop
endfacet
facet normal 0.0 0.0 0.0
  outer loop
    vertex 80.0 -60.5 30.600000381469727
    vertex 80.0 60.375 30.600000381469727
    vertex 80.0 60.375 32.0
  endloop
endfacet
facet normal 0.0 0.0 0.0
  outer loop
    vertex 80.0 60.5 32.0
    vertex 80.0 60.375 32.0
    vertex 80.0 60.375 30.600000381469727
  endloop
endfacet
facet normal 0.0 0.0 0.0
  outer loop
    vertex 80.0 60.375 30.600000381469727
    vertex 80.0 60.5 30.600000381469727
    vertex 80.0 60.5 32.0
  endloop
endfacet
facet normal 0.0 0.0 0.0
  outer loop
    vertex 64.125 60.5 32.0
    vertex 80.0 60.5 32.0
    vertex 80.0 60.5 30.600000381469727
  endloop
endfacet
facet normal 0.0 0.0 0.0
  outer loop
    vertex 80.0 60.5 30.600000381469727
    vertex 64.125 60.5 30.600000381469727
    vertex 64.125 60.5 32.0
  endloop
endfacet
facet normal 0.0 0.0 0.0
  outer loop
    vertex 64.0 60.5 32.0
    vertex 64.125 60.5 32.0
    vertex 64.125 60.5 30.600000381469727
  endloop
endfacet
facet normal 0.0 0.0 0.0
  outer loop
    vertex 64.125 60.5 30.600000381469727
    vertex 64.0 60.5 30.600000381469727
    vertex 64.0 60.5 32.0
  endloop
endfacet
facet normal 0.0 0.0 0.0
  outer loop
    vertex 64.0 57.125 32.0
    vertex 64.0 60.5 32.0
    vertex 64.0 60.5 30.600000381469727
  endloop
endfacet
facet normal 0.0 0.0 0.0
  outer loop
    vertex 64.0 60.5 30.600000381469727
    vertex 64.0 57.125 30.600000381469727
    vertex 64.0 57.125 32.0
  endloop
endfacet
facet normal 0.0 0.0 0.0
  outer loop
    vertex 64.0 57.0 32.0
    vertex 64.0 57.125 32.0
    vertex 64.0 57.125 30.600000381469727
  endloop
endfacet
facet normal 0.0 0.0 0.0
  outer loop
    vertex 64.0 57.125 30.600000381469727
    vertex 64.0 57.0 30.600000381469727
    vertex 64.0 57.0 32.0
  endloop
endfacet
facet normal 0.0 0.0 0.0
  outer loop
    vertex 64.0 53.625 32.0
    vertex 64.0 53.5 32.0
    vertex 69.875 53.5 32.0
  endloop
endfacet
facet normal 0.0 0.0 0.0
  outer loop
    vertex 69.875 53.5 30.600000381469727
    vertex 64.0 53.5 30.600000381469727
    vertex 64.0 53.625 30.600000381469727
  endloop
endfacet
facet normal 0.0 0.0 0.0
  outer loop
    vertex 70.0 -60.375 32.0
    vertex 70.0 -60.5 32.0
    vertex 79.875 -60.5 32.0
  endloop
endfacet
facet normal 0.0 0.0 0.0
  outer loop
    vertex 79.875 -60.5 32.0
    vertex 80.0 -60.5 32.0
    vertex 80.0 60.375 32.0
  endloop
endfacet
facet normal 0.0 0.0 0.0
  outer loop
    vertex 80.0 60.375 32.0
    vertex 80.0 60.5 32.0
    vertex 64.125 60.5 32.0
  endloop
endfacet
facet normal 0.0 0.0 0.0
  outer loop
    vertex 64.125 60.5 30.600000381469727
    vertex 80.0 60.5 30.600000381469727
    vertex 80.0 60.375 30.600000381469727
  endloop
endfacet
facet normal 0.0 0.0 0.0
  outer loop
    vertex 64.125 60.5 32.0
    vertex 64.0 60.5 32.0
    vertex 64.0 57.125 32.0
  endloop
endfacet
facet normal 0.0 0.0 0.0
  outer loop
    vertex 64.0 57.125 30.600000381469727
    vertex 64.0 60.5 30.600000381469727
    vertex 64.125 60.5 30.600000381469727
  endloop
endfacet
facet normal 0.0 0.0 0.0
  outer loop
    vertex 64.0 57.0 32.0
    vertex 64.0 53.625 32.0
    vertex 69.875 53.5 32.0
  endloop
endfacet
facet normal 0.0 0.0 0.0
  outer loop
    vertex 69.875 53.5 30.600000381469727
    vertex 64.0 53.625 30.600000381469727
    vertex 64.0 57.0 30.600000381469727
  endloop
endfacet
facet normal 0.0 0.0 0.0
  outer loop
    vertex 70.0 53.5 32.0
    vertex 70.0 -60.375 32.0
    vertex 79.875 -60.5 32.0
  endloop
endfacet
facet normal 0.0 0.0 0.0
  outer loop
    vertex 80.0 60.375 32.0
    vertex 64.125 60.5 32.0
    vertex 64.0 57.125 32.0
  endloop
endfacet
facet normal 0.0 0.0 0.0
  outer loop
    vertex 64.0 57.125 30.600000381469727
    vertex 64.125 60.5 30.600000381469727
    vertex 80.0 60.375 30.600000381469727
  endloop
endfacet
facet normal 0.0 0.0 0.0
  outer loop
    vertex 64.0 57.125 32.0
    vertex 64.0 57.0 32.0
    vertex 69.875 53.5 32.0
  endloop
endfacet
facet normal 0.0 0.0 0.0
  outer loop
    vertex 69.875 53.5 30.600000381469727
    vertex 64.0 57.0 30.600000381469727
    vertex 64.0 57.125 30.600000381469727
  endloop
endfacet
facet normal 0.0 0.0 0.0
  outer loop
    vertex 70.0 53.5 32.0
    vertex 79.875 -60.5 32.0
    vertex 80.0 60.375 32.0
  endloop
endfacet
facet normal 0.0 0.0 0.0
  outer loop
    vertex 80.0 60.375 32.0
    vertex 64.0 57.125 32.0
    vertex 69.875 53.5 32.0
  endloop
endfacet
facet normal 0.0 0.0 0.0
  outer loop
    vertex 69.875 53.5 30.600000381469727
    vertex 64.0 57.125 30.600000381469727
    vertex 80.0 60.375 30.600000381469727
  endloop
endfacet
facet normal 0.0 0.0 0.0
  outer loop
    vertex 69.875 53.5 32.0
    vertex 70.0 53.5 32.0
    vertex 80.0 60.375 32.0
  endloop
endfacet
facet normal 0.0 0.0 0.0
  outer loop
    vertex -80.0 53.625 32.0
    vertex -80.0 57.0 32.0
    vertex -80.0 57.0 30.600000381469727
  endloop
endfacet
facet normal 0.0 0.0 0.0
  outer loop
    vertex -80.0 57.0 30.600000381469727
    vertex -80.0 53.625 30.600000381469727
    vertex -80.0 53.625 32.0
  endloop
endfacet
facet normal 0.0 0.0 0.0
  outer loop
    vertex -80.0 53.5 32.0
    vertex -80.0 53.625 32.0
    vertex -80.0 53.625 30.600000381469727
  endloop
endfacet
facet normal 0.0 0.0 0.0
  outer loop
    vertex -80.0 53.625 30.600000381469727
    vertex -80.0 53.5 30.600000381469727
    vertex -80.0 53.5 32.0
  endloop
endfacet
facet normal 0.0 0.0 0.0
  outer loop
    vertex -56.125 53.5 32.0
    vertex -80.0 53.5 32.0
    vertex -80.0 53.5 30.600000381469727
  endloop
endfacet
facet normal 0.0 0.0 0.0
  outer loop
    vertex -80.0 53.5 30.600000381469727
    vertex -56.125 53.5 30.600000381469727
    vertex -56.125 53.5 32.0
  endloop
endfacet
facet normal 0.0 0.0 0.0
  outer loop
    vertex -56.0 53.5 32.0
    vertex -56.125 53.5 32.0
    vertex -56.125 53.5 30.600000381469727
  endloop
endfacet
facet normal 0.0 0.0 0.0
  outer loop
    vertex -56.125 53.5 30.600000381469727
    vertex -56.0 53.5 30.600000381469727
    vertex -56.0 53.5 32.0
  endloop
endfacet
facet normal 0.0 0.0 0.0
  outer loop
    vertex -56.0 60.375 32.0
    vertex -56.0 53.5 32.0
    vertex -56.0 53.5 30.600000381469727
  endloop
endfacet
facet normal 0.0 0.0 0.0
  outer loop
    vertex -56.0 53.5 30.600000381469727
    vertex -56.0 60.375 30.600000381469727
    vertex -56.0 60.375 32.0
  endloop
endfacet
facet normal 0.0 0.0 0.0
  outer loop
    vertex -56.0 60.5 32.0
    vertex -56.0 60.375 32.0
    vertex -56.0 60.375 30.600000381469727
  endloop
endfacet
facet normal 0.0 0.0 0.0
  outer loop
    vertex -56.0 60.375 30.600000381469727
    vertex -56.0 60.5 30.600000381469727
    vertex -56.0 60.5 32.0
  endloop
endfacet
facet normal 0.0 0.0 0.0
  outer loop
    vertex -79.875 60.5 32.0
    vertex -56.0 60.5 32.0
    vertex -56.0 60.5 30.600000381469727
  endloop
endfacet
facet normal 0.0 0.0 0.0
  outer loop
    vertex -56.0 60.5 30.600000381469727
    vertex -79.875 60.5 30.600000381469727
    vertex -79.875 60.5 32.0
  endloop
endfacet
facet normal 0.0 0.0 0.0
  outer loop
    vertex -80.0 60.5 32.0
    vertex -79.875 60.5 32.0
    vertex -79.875 60.5 30.600000381469727
  endloop
endfacet
facet normal 0.0 0.0 0.0
  outer loop
    vertex -79.875 60.5 30.600000381469727
    vertex -80.0 60.5 30.600000381469727
    vertex -80.0 60.5 32.0
  endloop
endfacet
facet normal 0.0 0.0 0.0
  outer loop
    vertex -80.0 57.125 32.0
    vertex -80.0 60.5 32.0
    vertex -80.0 60.5 30.600000381469727
  endloop
endfacet
facet normal 0.0 0.0 0.0
  outer loop
    vertex -80.0 60.5 30.600000381469727
    vertex -80.0 57.125 30.600000381469727
    vertex -80.0 57.125 32.0
  endloop
endfacet
facet normal 0.0 0.0 0.0
  outer loop
    vertex -80.0 57.0 32.0
    vertex -80.0 57.125 32.0
    vertex -80.0 57.125 30.600000381469727
  endloop
endfacet
facet normal 0.0 0.0 0.0
  outer loop
    vertex -80.0 57.125 30.600000381469727
    vertex -80.0 57.0 30.600000381469727
    vertex -80.0 57.0 32.0
  endloop
endfacet
facet normal 0.0 0.0 0.0
  outer loop
    vertex -80.0 53.625 32.0
    vertex -80.0 53.5 32.0
    vertex -56.125 53.5 32.0
  endloop
endfacet
facet normal 0.0 0.0 0.0
  outer loop
    vertex -56.125 53.5 30.600000381469727
    vertex -80.0 53.5 30.600000381469727
    vertex -80.0 53.625 30.600000381469727
  endloop
endfacet
facet normal 0.0 0.0 0.0
  outer loop
    vertex -56.125 53.5 32.0
    vertex -56.0 53.5 32.0
    vertex -56.0 60.375 32.0
  endloop
endfacet
facet normal 0.0 0.0 0.0
  outer loop
    vertex -56.0 60.375 30.600000381469727
    vertex -56.0 53.5 30.600000381469727
    vertex -56.125 53.5 30.600000381469727
  endloop
endfacet
facet normal 0.0 0.0 0.0
  outer loop
    vertex -56.0 60.375 32.0
    vertex -56.0 60.5 32.0
    vertex -79.875 60.5 32.0
  endloop
endfacet
facet normal 0.0 0.0 0.0
  outer loop
    vertex -79.875 60.5 30.600000381469727
    vertex -56.0 60.5 30.600000381469727
    vertex -56.0 60.375 30.600000381469727
  endloop
endfacet
facet normal 0.0 0.0 0.0
  outer loop
    vertex -79.875 60.5 32.0
    vertex -80.0 60.5 32.0
    vertex -80.0 57.125 32.0
  endloop
endfacet
facet normal 0.0 0.0 0.0
  outer loop
    vertex -80.0 57.0 32.0
    vertex -80.0 53.625 32.0
    vertex -56.125 53.5 32.0
  endloop
endfacet
facet normal 0.0 0.0 0.0
  outer loop
    vertex -56.125 53.5 30.600000381469727
    vertex -80.0 53.625 30.600000381469727
    vertex -80.0 57.0 30.600000381469727
  endloop
endfacet
facet normal 0.0 0.0 0.0
  outer loop
    vertex -56.125 53.5 32.0
    vertex -56.0 60.375 32.0
    vertex -79.875 60.5 32.0
  endloop
endfacet
facet normal 0.0 0.0 0.0
  outer loop
    vertex -79.875 60.5 30.600000381469727
    vertex -56.0 60.375 30.600000381469727
    vertex -56.125 53.5 30.600000381469727
  endloop
endfacet
facet normal 0.0 0.0 0.0
  outer loop
    vertex -79.875 60.5 32.0
    vertex -80.0 57.125 32.0
    vertex -80.0 57.0 32.0
  endloop
endfacet
facet normal 0.0 0.0 0.0
  outer loop
    vertex -80.0 57.0 30.600000381469727
    vertex -80.0 57.125 30.600000381469727
    vertex -79.875 60.5 30.600000381469727
  endloop
endfacet
facet normal 0.0 0.0 0.0
  outer loop
    vertex -80.0 57.0 32.0
    vertex -56.125 53.5 32.0
    vertex -79.875 60.5 32.0
  endloop
endfacet
facet normal 0.0 0.0 0.0
  outer loop
    vertex -79.875 60.5 30.600000381469727
    vertex -56.125 53.5 30.600000381469727
    vertex -80.0 57.0 30.600000381469727
  endloop
endfacet
facet normal 0.0 0.0 0.0
  outer loop
    vertex -46.0 53.625 32.0
    vertex -46.0 57.0 32.0
    vertex -46.0 57.0 30.600000381469727
  endloop
endfacet
facet normal 0.0 0.0 0.0
  outer loop
    vertex -46.0 57.0 30.600000381469727
    vertex -46.0 53.625 30.600000381469727
    vertex -46.0 53.625 32.0
  endloop
endfacet
facet normal 0.0 0.0 0.0
  outer loop
    vertex -46.0 53.5 32.0
    vertex -46.0 53.625 32.0
    vertex -46.0 53.625 30.600000381469727
  endloop
endfacet
facet normal 0.0 0.0 0.0
  outer loop
    vertex -46.0 53.625 30.600000381469727
    vertex -46.0 53.5 30.600000381469727
    vertex -46.0 53.5 32.0
  endloop
endfacet
facet normal 0.0 0.0 0.0
  outer loop
    vertex -34.125 53.5 32.0
    vertex -46.0 53.5 32.0
    vertex -46.0 53.5 30.600000381469727
  endloop
endfacet
facet normal 0.0 0.0 0.0
  outer loop
    vertex -46.0 53.5 30.600000381469727
    vertex -34.125 53.5 30.600000381469727
    vertex -34.125 53.5 32.0
  endloop
endfacet
facet normal 0.0 0.0 0.0
  outer loop
    vertex -34.0 53.5 32.0
    vertex -34.125 53.5 32.0
    vertex -34.125 53.5 30.600000381469727
  endloop
endfacet
facet normal 0.0 0.0 0.0
  outer loop
    vertex -34.125 53.5 30.600000381469727
    vertex -34.0 53.5 30.600000381469727
    vertex -34.0 53.5 32.0
  endloop
endfacet
facet normal 0.0 0.0 0.0
  outer loop
    vertex -34.0 60.375 32.0
    vertex -34.0 53.5 32.0
    vertex -34.0 53.5 30.600000381469727
  endloop
endfacet
facet normal 0.0 0.0 0.0
  outer loop
    vertex -34.0 53.5 30.600000381469727
    vertex -34.0 60.375 30.600000381469727
    vertex -34.0 60.375 32.0
  endloop
endfacet
facet normal 0.0 0.0 0.0
  outer loop
    vertex -34.0 60.5 32.0
    vertex -34.0 60.375 32.0
    vertex -34.0 60.375 30.600000381469727
  endloop
endfacet
facet normal 0.0 0.0 0.0
  outer loop
    vertex -34.0 60.375 30.600000381469727
    vertex -34.0 60.5 30.600000381469727
    vertex -34.0 60.5 32.0
  endloop
endfacet
facet normal 0.0 0.0 0.0
  outer loop
    vertex -45.875 60.5 32.0
    vertex -34.0 60.5 32.0
    vertex -34.0 60.5 30.600000381469727
  endloop
endfacet
facet normal 0.0 0.0 0.0
  outer loop
    vertex -34.0 60.5 30.600000381469727
    vertex -45.875 60.5 30.600000381469727
    vertex -45.875 60.5 32.0
  endloop
endfacet
facet normal 0.0 0.0 0.0
  outer loop
    vertex -46.0 60.5 32.0
    vertex -45.875 60.5 32.0
    vertex -45.875 60.5 30.600000381469727
  endloop
endfacet
facet normal 0.0 0.0 0.0
  outer loop
    vertex -45.875 60.5 30.600000381469727
    vertex -46.0 60.5 30.600000381469727
    vertex -46.0 60.5 32.0
  endloop
endfacet
facet normal 0.0 0.0 0.0
  outer loop
    vertex -46.0 57.125 32.0
    vertex -46.0 60.5 32.0
    vertex -46.0 60.5 30.600000381469727
  endloop
endfacet
facet normal 0.0 0.0 0.0
  outer loop
    vertex -46.0 60.5 30.600000381469727
    vertex -46.0 57.125 30.600000381469727
    vertex -46.0 57.125 32.0
  endloop
endfacet
facet normal 0.0 0.0 0.0
  outer loop
    vertex -46.0 57.0 32.0
    vertex -46.0 57.125 32.0
    vertex -46.0 57.125 30.600000381469727
  endloop
endfacet
facet normal 0.0 0.0 0.0
  outer loop
    vertex -46.0 57.125 30.600000381469727
    vertex -46.0 57.0 30.600000381469727
    vertex -46.0 57.0 32.0
  endloop
endfacet
facet normal 0.0 0.0 0.0
  outer loop
    vertex -46.0 53.625 32.0
    vertex -46.0 53.5 32.0
    vertex -34.125 53.5 32.0
  endloop
endfacet
facet normal 0.0 0.0 0.0
  outer loop
    vertex -34.125 53.5 30.600000381469727
    vertex -46.0 53.5 30.600000381469727
    vertex -46.0 53.625 30.600000381469727
  endloop
endfacet
facet normal 0.0 0.0 0.0
  outer loop
    vertex -34.125 53.5 32.0
    vertex -34.0 53.5 32.0
    vertex -34.0 60.375 32.0
  endloop
endfacet
facet normal 0.0 0.0 0.0
  outer loop
    vertex -34.0 60.375 30.600000381469727
    vertex -34.0 53.5 30.600000381469727
    vertex -34.125 53.5 30.600000381469727
  endloop
endfacet
facet normal 0.0 0.0 0.0
  outer loop
    vertex -34.0 60.375 32.0
    vertex -34.0 60.5 32.0
    vertex -45.875 60.5 32.0
  endloop
endfacet
facet normal 0.0 0.0 0.0
  outer loop
    vertex -45.875 60.5 30.600000381469727
    vertex -34.0 60.5 30.600000381469727
    vertex -34.0 60.375 30.600000381469727
  endloop
endfacet
facet normal 0.0 0.0 0.0
  outer loop
    vertex -45.875 60.5 32.0
    vertex -46.0 60.5 32.0
    vertex -46.0 57.125 32.0
  endloop
endfacet
facet normal 0.0 0.0 0.0
  outer loop
    vertex -46.0 57.125 30.600000381469727
    vertex -46.0 60.5 30.600000381469727
    vertex -45.875 60.5 30.600000381469727
  endloop
endfacet
facet normal 0.0 0.0 0.0
  outer loop
    vertex -46.0 57.0 32.0
    vertex -46.0 53.625 32.0
    vertex -34.125 53.5 32.0
  endloop
endfacet
facet normal 0.0 0.0 0.0
  outer loop
    vertex -34.125 53.5 30.600000381469727
    vertex -46.0 53.625 30.600000381469727
    vertex -46.0 57.0 30.600000381469727
  endloop
endfacet
facet normal 0.0 0.0 0.0
  outer loop
    vertex -34.125 53.5 32.0
    vertex -34.0 60.375 32.0
    vertex -45.875 60.5 32.0
  endloop
endfacet
facet normal 0.0 0.0 0.0
  outer loop
    vertex -45.875 60.5 30.600000381469727
    vertex -34.0 60.375 30.600000381469727
    vertex -34.125 53.5 30.600000381469727
  endloop
endfacet
facet normal 0.0 0.0 0.0
  outer loop
    vertex -45.875 60.5 32.0
    vertex -46.0 57.125 32.0
    vertex -46.0 57.0 32.0
  endloop
endfacet
facet normal 0.0 0.0 0.0
  outer loop
    vertex -46.0 57.0 30.600000381469727
    vertex -46.0 57.125 30.600000381469727
    vertex -45.875 60.5 30.600000381469727
  endloop
endfacet
facet normal 0.0 0.0 0.0
  outer loop
    vertex -46.0 57.0 32.0
    vertex -34.125 53.5 32.0
    vertex -45.875 60.5 32.0
  endloop
endfacet
facet normal 0.0 0.0 0.0
  outer loop
    vertex -45.875 60.5 30.600000381469727
    vertex -34.125 53.5 30.600000381469727
    vertex -46.0 57.0 30.600000381469727
  endloop
endfacet
facet normal 0.0 0.0 0.0
  outer loop
    vertex -24.0 53.625 32.0
    vertex -24.0 57.0 32.0
    vertex -24.0 57.0 30.600000381469727
  endloop
endfacet
facet normal 0.0 0.0 0.0
  outer loop
    vertex -24.0 57.0 30.600000381469727
    vertex -24.0 53.625 30.600000381469727
    vertex -24.0 53.625 32.0
  endloop
endfacet
facet normal 0.0 0.0 0.0
  outer loop
    vertex -24.0 53.5 32.0
    vertex -24.0 53.625 32.0
    vertex -24.0 53.625 30.600000381469727
  endloop
endfacet
facet normal 0.0 0.0 0.0
  outer loop
    vertex -24.0 53.625 30.600000381469727
    vertex -24.0 53.5 30.600000381469727
    vertex -24.0 53.5 32.0
  endloop
endfacet
facet normal 0.0 0.0 0.0
  outer loop
    vertex -12.125 53.5 32.0
    vertex -24.0 53.5 32.0
    vertex -24.0 53.5 30.600000381469727
  endloop
endfacet
facet normal 0.0 0.0 0.0
  outer loop
    vertex -24.0 53.5 30.600000381469727
    vertex -12.125 53.5 30.600000381469727
    vertex -12.125 53.5 32.0
  endloop
endfacet
facet normal 0.0 0.0 0.0
  outer loop
    vertex -12.0 53.5 32.0
    vertex -12.125 53.5 32.0
    vertex -12.125 53.5 30.600000381469727
  endloop
endfacet
facet normal 0.0 0.0 0.0
  outer loop
    vertex -12.125 53.5 30.600000381469727
    vertex -12.0 53.5 30.600000381469727
    vertex -12.0 53.5 32.0
  endloop
endfacet
facet normal 0.0 0.0 0.0
  outer loop
    vertex -12.0 60.375 32.0
    vertex -12.0 53.5 32.0
    vertex -12.0 53.5 30.600000381469727
  endloop
endfacet
facet normal 0.0 0.0 0.0
  outer loop
    vertex -12.0 53.5 30.600000381469727
    vertex -12.0 60.375 30.600000381469727
    vertex -12.0 60.375 32.0
  endloop
endfacet
facet normal 0.0 0.0 0.0
  outer loop
    vertex -12.0 60.5 32.0
    vertex -12.0 60.375 32.0
    vertex -12.0 60.375 30.600000381469727
  endloop
endfacet
facet normal 0.0 0.0 0.0
  outer loop
    vertex -12.0 60.375 30.600000381469727
    vertex -12.0 60.5 30.600000381469727
    vertex -12.0 60.5 32.0
  endloop
endfacet
facet normal 0.0 0.0 0.0
  outer loop
    vertex -23.875 60.5 32.0
    vertex -12.0 60.5 32.0
    vertex -12.0 60.5 30.600000381469727
  endloop
endfacet
facet normal 0.0 0.0 0.0
  outer loop
    vertex -12.0 60.5 30.600000381469727
    vertex -23.875 60.5 30.600000381469727
    vertex -23.875 60.5 32.0
  endloop
endfacet
facet normal 0.0 0.0 0.0
  outer loop
    vertex -24.0 60.5 32.0
    vertex -23.875 60.5 32.0
    vertex -23.875 60.5 30.600000381469727
  endloop
endfacet
facet normal 0.0 0.0 0.0
  outer loop
    vertex -23.875 60.5 30.600000381469727
    vertex -24.0 60.5 30.600000381469727
    vertex -24.0 60.5 32.0
  endloop
endfacet
facet normal 0.0 0.0 0.0
  outer loop
    vertex -24.0 57.125 32.0
    vertex -24.0 60.5 32.0
    vertex -24.0 60.5 30.600000381469727
  endloop
endfacet
facet normal 0.0 0.0 0.0
  outer loop
    vertex -24.0 60.5 30.600000381469727
    vertex -24.0 57.125 30.600000381469727
    vertex -24.0 57.125 32.0
  endloop
endfacet
facet normal 0.0 0.0 0.0
  outer loop
    vertex -24.0 57.0 32.0
    vertex -24.0 57.125 32.0
    vertex -24.0 57.125 30.600000381469727
  endloop
endfacet
facet normal 0.0 0.0 0.0
  outer loop
    vertex -24.0 57.125 30.600000381469727
    vertex -24.0 57.0 30.600000381469727
    vertex -24.0 57.0 32.0
  endloop
endfacet
facet normal 0.0 0.0 0.0
  outer loop
    vertex -24.0 53.625 32.0
    vertex -24.0 53.5 32.0
    vertex -12.125 53.5 32.0
  endloop
endfacet
facet normal 0.0 0.0 0.0
  outer loop
    vertex -12.125 53.5 30.600000381469727
    vertex -24.0 53.5 30.600000381469727
    vertex -24.0 53.625 30.600000381469727
  endloop
endfacet
facet normal 0.0 0.0 0.0
  outer loop
    vertex -12.125 53.5 32.0
    vertex -12.0 53.5 32.0
    vertex -12.0 60.375 32.0
  endloop
endfacet
facet normal 0.0 0.0 0.0
  outer loop
    vertex -12.0 60.375 30.600000381469727
    vertex -12.0 53.5 30.600000381469727
    vertex -12.125 53.5 30.600000381469727
  endloop
endfacet
facet normal 0.0 0.0 0.0
  outer loop
    vertex -12.0 60.375 32.0
    vertex -12.0 60.5 32.0
    vertex -23.875 60.5 32.0
  endloop
endfacet
facet normal 0.0 0.0 0.0
  outer loop
    vertex -23.875 60.5 30.600000381469727
    vertex -12.0 60.5 30.600000381469727
    vertex -12.0 60.375 30.600000381469727
  endloop
endfacet
facet normal 0.0 0.0 0.0
  outer loop
    vertex -23.875 60.5 32.0
    vertex -24.0 60.5 32.0
    vertex -24.0 57.125 32.0
  endloop
endfacet
facet normal 0.0 0.0 0.0
  outer loop
    vertex -24.0 57.125 30.600000381469727
    vertex -24.0 60.5 30.600000381469727
    vertex -23.875 60.5 30.600000381469727
  endloop
endfacet
facet normal 0.0 0.0 0.0
  outer loop
    vertex -24.0 57.0 32.0
    vertex -24.0 53.625 32.0
    vertex -12.125 53.5 32.0
  endloop
endfacet
facet normal 0.0 0.0 0.0
  outer loop
    vertex -12.125 53.5 30.600000381469727
    vertex -24.0 53.625 30.600000381469727
    vertex -24.0 57.0 30.600000381469727
  endloop
endfacet
facet normal 0.0 0.0 0.0
  outer loop
    vertex -12.125 53.5 32.0
    vertex -12.0 60.375 32.0
    vertex -23.875 60.5 32.0
  endloop
endfacet
facet normal 0.0 0.0 0.0
  outer loop
    vertex -23.875 60.5 30.600000381469727
    vertex -12.0 60.375 30.600000381469727
    vertex -12.125 53.5 30.600000381469727
  endloop
endfacet
facet normal 0.0 0.0 0.0
  outer loop
    vertex -23.875 60.5 32.0
    vertex -24.0 57.125 32.0
    vertex -24.0 57.0 32.0
  endloop
endfacet
facet normal 0.0 0.0 0.0
  outer loop
    vertex -24.0 57.0 30.600000381469727
    vertex -24.0 57.125 30.600000381469727
    vertex -23.875 60.5 30.600000381469727
  endloop
endfacet
facet normal 0.0 0.0 0.0
  outer loop
    vertex -24.0 57.0 32.0
    vertex -12.125 53.5 32.0
    vertex -23.875 60.5 32.0
  endloop
endfacet
facet normal 0.0 0.0 0.0
  outer loop
    vertex -23.875 60.5 30.600000381469727
    vertex -12.125 53.5 30.600000381469727
    vertex -24.0 57.0 30.600000381469727
  endloop
endfacet
facet normal 0.0 0.0 0.0
  outer loop
    vertex -2.0 53.625 32.0
    vertex -2.0 57.0 32.0
    vertex -2.0 57.0 30.600000381469727
  endloop
endfacet
facet normal 0.0 0.0 0.0
  outer loop
    vertex -2.0 57.0 30.600000381469727
    vertex -2.0 53.625 30.600000381469727
    vertex -2.0 53.625 32.0
  endloop
endfacet
facet normal 0.0 0.0 0.0
  outer loop
    vertex -2.0 53.5 32.0
    vertex -2.0 53.625 32.0
    vertex -2.0 53.625 30.600000381469727
  endloop
endfacet
facet normal 0.0 0.0 0.0
  outer loop
    vertex -2.0 53.625 30.600000381469727
    vertex -2.0 53.5 30.600000381469727
    vertex -2.0 53.5 32.0
  endloop
endfacet
facet normal 0.0 0.0 0.0
  outer loop
    vertex 9.875 53.5 32.0
    vertex -2.0 53.5 32.0
    vertex -2.0 53.5 30.600000381469727
  endloop
endfacet
facet normal 0.0 0.0 0.0
  outer loop
    vertex -2.0 53.5 30.600000381469727
    vertex 9.875 53.5 30.600000381469727
    vertex 9.875 53.5 32.0
  endloop
endfacet
facet normal 0.0 0.0 0.0
  outer loop
    vertex 10.0 53.5 32.0
    vertex 9.875 53.5 32.0
    vertex 9.875 53.5 30.600000381469727
  endloop
endfacet
facet normal 0.0 0.0 0.0
  outer loop
    vertex 9.875 53.5 30.600000381469727
    vertex 10.0 53.5 30.600000381469727
    vertex 10.0 53.5 32.0
  endloop
endfacet
facet normal 0.0 0.0 0.0
  outer loop
    vertex 10.0 60.375 32.0
    vertex 10.0 53.5 32.0
    vertex 10.0 53.5 30.600000381469727
  endloop
endfacet
facet normal 0.0 0.0 0.0
  outer loop
    vertex 10.0 53.5 30.600000381469727
    vertex 10.0 60.375 30.600000381469727
    vertex 10.0 60.375 32.0
  endloop
endfacet
facet normal 0.0 0.0 0.0
  outer loop
    vertex 10.0 60.5 32.0
    vertex 10.0 60.375 32.0
    vertex 10.0 60.375 30.600000381469727
  endloop
endfacet
facet normal 0.0 0.0 0.0
  outer loop
    vertex 10.0 60.375 30.600000381469727
    vertex 10.0 60.5 30.600000381469727
    vertex 10.0 60.5 32.0
  endloop
endfacet
facet normal 0.0 0.0 0.0
  outer loop
    vertex -1.875 60.5 32.0
    vertex 10.0 60.5 32.0
    vertex 10.0 60.5 30.600000381469727
  endloop
endfacet
facet normal 0.0 0.0 0.0
  outer loop
    vertex 10.0 60.5 30.600000381469727
    vertex -1.875 60.5 30.600000381469727
    vertex -1.875 60.5 32.0
  endloop
endfacet
facet normal 0.0 0.0 0.0
  outer loop
    vertex -2.0 60.5 32.0
    vertex -1.875 60.5 32.0
    vertex -1.875 60.5 30.600000381469727
  endloop
endfacet
facet normal 0.0 0.0 0.0
  outer loop
    vertex -1.875 60.5 30.600000381469727
    vertex -2.0 60.5 30.600000381469727
    vertex -2.0 60.5 32.0
  endloop
endfacet
facet normal 0.0 0.0 0.0
  outer loop
    vertex -2.0 57.125 32.0
    vertex -2.0 60.5 32.0
    vertex -2.0 60.5 30.600000381469727
  endloop
endfacet
facet normal 0.0 0.0 0.0
  outer loop
    vertex -2.0 60.5 30.600000381469727
    vertex -2.0 57.125 30.600000381469727
    vertex -2.0 57.125 32.0
  endloop
endfacet
facet normal 0.0 0.0 0.0
  outer loop
    vertex -2.0 57.0 32.0
    vertex -2.0 57.125 32.0
    vertex -2.0 57.125 30.600000381469727
  endloop
endfacet
facet normal 0.0 0.0 0.0
  outer loop
    vertex -2.0 57.125 30.600000381469727
    vertex -2.0 57.0 30.600000381469727
    vertex -2.0 57.0 32.0
  endloop
endfacet
facet normal 0.0 0.0 0.0
  outer loop
    vertex -2.0 53.625 32.0
    vertex -2.0 53.5 32.0
    vertex 9.875 53.5 32.0
  endloop
endfacet
facet normal 0.0 0.0 0.0
  outer loop
    vertex 9.875 53.5 30.600000381469727
    vertex -2.0 53.5 30.600000381469727
    vertex -2.0 53.625 30.600000381469727
  endloop
endfacet
facet normal 0.0 0.0 0.0
  outer loop
    vertex 9.875 53.5 32.0
    vertex 10.0 53.5 32.0
    vertex 10.0 60.375 32.0
  endloop
endfacet
facet normal 0.0 0.0 0.0
  outer loop
    vertex 10.0 60.375 30.600000381469727
    vertex 10.0 53.5 30.600000381469727
    vertex 9.875 53.5 30.600000381469727
  endloop
endfacet
facet normal 0.0 0.0 0.0
  outer loop
    vertex 10.0 60.375 32.0
    vertex 10.0 60.5 32.0
    vertex -1.875 60.5 32.0
  endloop
endfacet
facet normal 0.0 0.0 0.0
  outer loop
    vertex -1.875 60.5 30.600000381469727
    vertex 10.0 60.5 30.600000381469727
    vertex 10.0 60.375 30.600000381469727
  endloop
endfacet
facet normal 0.0 0.0 0.0
  outer loop
    vertex -1.875 60.5 32.0
    vertex -2.0 60.5 32.0
    vertex -2.0 57.125 32.0
  endloop
endfacet
facet normal 0.0 0.0 0.0
  outer loop
    vertex -2.0 57.125 30.600000381469727
    vertex -2.0 60.5 30.600000381469727
    vertex -1.875 60.5 30.600000381469727
  endloop
endfacet
facet normal 0.0 0.0 0.0
  outer loop
    vertex -2.0 57.0 32.0
    vertex -2.0 53.625 32.0
    vertex 9.875 53.5 32.0
  endloop
endfacet
facet normal 0.0 0.0 0.0
  outer loop
    vertex 9.875 53.5 30.600000381469727
    vertex -2.0 53.625 30.600000381469727
    vertex -2.0 57.0 30.600000381469727
  endloop
endfacet
facet normal 0.0 0.0 0.0
  outer loop
    vertex 9.875 53.5 32.0
    vertex 10.0 60.375 32.0
    vertex -1.875 60.5 32.0
  endloop
endfacet
facet normal 0.0 0.0 0.0
  outer loop
    vertex -1.875 60.5 30.600000381469727
    vertex 10.0 60.375 30.600000381469727
    vertex 9.875 53.5 30.600000381469727
  endloop
endfacet
facet normal 0.0 0.0 0.0
  outer loop
    vertex -1.875 60.5 32.0
    vertex -2.0 57.125 32.0
    vertex -2.0 57.0 32.0
  endloop
endfacet
facet normal 0.0 0.0 0.0
  outer loop
    vertex -2.0 57.0 30.600000381469727
    vertex -2.0 57.125 30.600000381469727
    vertex -1.875 60.5 30.600000381469727
  endloop
endfacet
facet normal 0.0 0.0 0.0
  outer loop
    vertex -2.0 57.0 32.0
    vertex 9.875 53.5 32.0
    vertex -1.875 60.5 32.0
  endloop
endfacet
facet normal 0.0 0.0 0.0
  outer loop
    vertex -1.875 60.5 30.600000381469727
    vertex 9.875 53.5 30.600000381469727
    vertex -2.0 57.0 30.600000381469727
  endloop
endfacet
facet normal 0.0 0.0 0.0
  outer loop
    vertex 20.0 53.625 32.0
    vertex 20.0 57.0 32.0
    vertex 20.0 57.0 30.600000381469727
  endloop
endfacet
facet normal 0.0 0.0 0.0
  outer loop
    vertex 20.0 57.0 30.600000381469727
    vertex 20.0 53.625 30.600000381469727
    vertex 20.0 53.625 32.0
  endloop
endfacet
facet normal 0.0 0.0 0.0
  outer loop
    vertex 20.0 53.5 32.0
    vertex 20.0 53.625 32.0
    vertex 20.0 53.625 30.600000381469727
  endloop
endfacet
facet normal 0.0 0.0 0.0
  outer loop
    vertex 20.0 53.625 30.600000381469727
    vertex 20.0 53.5 30.600000381469727
    vertex 20.0 53.5 32.0
  endloop
endfacet
facet normal 0.0 0.0 0.0
  outer loop
    vertex 31.875 53.5 32.0
    vertex 20.0 53.5 32.0
    vertex 20.0 53.5 30.600000381469727
  endloop
endfacet
facet normal 0.0 0.0 0.0
  outer loop
    vertex 20.0 53.5 30.600000381469727
    vertex 31.875 53.5 30.600000381469727
    vertex 31.875 53.5 32.0
  endloop
endfacet
facet normal 0.0 0.0 0.0
  outer loop
    vertex 32.0 53.5 32.0
    vertex 31.875 53.5 32.0
    vertex 31.875 53.5 30.600000381469727
  endloop
endfacet
facet normal 0.0 0.0 0.0
  outer loop
    vertex 31.875 53.5 30.600000381469727
    vertex 32.0 53.5 30.600000381469727
    vertex 32.0 53.5 32.0
  endloop
endfacet
facet normal 0.0 0.0 0.0
  outer loop
    vertex 32.0 60.375 32.0
    vertex 32.0 53.5 32.0
    vertex 32.0 53.5 30.600000381469727
  endloop
endfacet
facet normal 0.0 0.0 0.0
  outer loop
    vertex 32.0 53.5 30.600000381469727
    vertex 32.0 60.375 30.600000381469727
    vertex 32.0 60.375 32.0
  endloop
endfacet
facet normal 0.0 0.0 0.0
  outer loop
    vertex 32.0 60.5 32.0
    vertex 32.0 60.375 32.0
    vertex 32.0 60.375 30.600000381469727
  endloop
endfacet
facet normal 0.0 0.0 0.0
  outer loop
    vertex 32.0 60.375 30.600000381469727
    vertex 32.0 60.5 30.600000381469727
    vertex 32.0 60.5 32.0
  endloop
endfacet
facet normal 0.0 0.0 0.0
  outer loop
    vertex 20.125 60.5 32.0
    vertex 32.0 60.5 32.0
    vertex 32.0 60.5 30.600000381469727
  endloop
endfacet
facet normal 0.0 0.0 0.0
  outer loop
    vertex 32.0 60.5 30.600000381469727
    vertex 20.125 60.5 30.600000381469727
    vertex 20.125 60.5 32.0
  endloop
endfacet
facet normal 0.0 0.0 0.0
  outer loop
    vertex 20.0 60.5 32.0
    vertex 20.125 60.5 32.0
    vertex 20.125 60.5 30.600000381469727
  endloop
endfacet
facet normal 0.0 0.0 0.0
  outer loop
    vertex 20.125 60.5 30.600000381469727
    vertex 20.0 60.5 30.600000381469727
    vertex 20.0 60.5 32.0
  endloop
endfacet
facet normal 0.0 0.0 0.0
  outer loop
    vertex 20.0 57.125 32.0
    vertex 20.0 60.5 32.0
    vertex 20.0 60.5 30.600000381469727
  endloop
endfacet
facet normal 0.0 0.0 0.0
  outer loop
    vertex 20.0 60.5 30.600000381469727
    vertex 20.0 57.125 30.600000381469727
    vertex 20.0 57.125 32.0
  endloop
endfacet
facet normal 0.0 0.0 0.0
  outer loop
    vertex 20.0 57.0 32.0
    vertex 20.0 57.125 32.0
    vertex 20.0 57.125 30.600000381469727
  endloop
endfacet
facet normal 0.0 0.0 0.0
  outer loop
    vertex 20.0 57.125 30.600000381469727
    vertex 20.0 57.0 30.600000381469727
    vertex 20.0 57.0 32.0
  endloop
endfacet
facet normal 0.0 0.0 0.0
  outer loop
    vertex 20.0 53.625 32.0
    vertex 20.0 53.5 32.0
    vertex 31.875 53.5 32.0
  endloop
endfacet
facet normal 0.0 0.0 0.0
  outer loop
    vertex 31.875 53.5 30.600000381469727
    vertex 20.0 53.5 30.600000381469727
    vertex 20.0 53.625 30.600000381469727
  endloop
endfacet
facet normal 0.0 0.0 0.0
  outer loop
    vertex 31.875 53.5 32.0
    vertex 32.0 53.5 32.0
    vertex 32.0 60.375 32.0
  endloop
endfacet
facet normal 0.0 0.0 0.0
  outer loop
    vertex 32.0 60.375 30.600000381469727
    vertex 32.0 53.5 30.600000381469727
    vertex 31.875 53.5 30.600000381469727
  endloop
endfacet
facet normal 0.0 0.0 0.0
  outer loop
    vertex 32.0 60.375 32.0
    vertex 32.0 60.5 32.0
    vertex 20.125 60.5 32.0
  endloop
endfacet
facet normal 0.0 0.0 0.0
  outer loop
    vertex 20.125 60.5 30.600000381469727
    vertex 32.0 60.5 30.600000381469727
    vertex 32.0 60.375 30.600000381469727
  endloop
endfacet
facet normal 0.0 0.0 0.0
  outer loop
    vertex 20.125 60.5 32.0
    vertex 20.0 60.5 32.0
    vertex 20.0 57.125 32.0
  endloop
endfacet
facet normal 0.0 0.0 0.0
  outer loop
    vertex 20.0 57.125 30.600000381469727
    vertex 20.0 60.5 30.600000381469727
    vertex 20.125 60.5 30.600000381469727
  endloop
endfacet
facet normal 0.0 0.0 0.0
  outer loop
    vertex 20.0 57.0 32.0
    vertex 20.0 53.625 32.0
    vertex 31.875 53.5 32.0
  endloop
endfacet
facet normal 0.0 0.0 0.0
  outer loop
    vertex 31.875 53.5 30.600000381469727
    vertex 20.0 53.625 30.600000381469727
    vertex 20.0 57.0 30.600000381469727
  endloop
endfacet
facet normal 0.0 0.0 0.0
  outer loop
    vertex 31.875 53.5 32.0
    vertex 32.0 60.375 32.0
    vertex 20.125 60.5 32.0
  endloop
endfacet
facet normal 0.0 0.0 0.0
  outer loop
    vertex 20.125 60.5 30.600000381469727
    vertex 32.0 60.375 30.600000381469727
    vertex 31.875 53.5 30.600000381469727
  endloop
endfacet
facet normal 0.0 0.0 0.0
  outer loop
    vertex 20.125 60.5 32.0
    vertex 20.0 57.125 32.0
    vertex 20.0 57.0 32.0
  endloop
endfacet
facet normal 0.0 0.0 0.0
  outer loop
    vertex 20.0 57.0 30.600000381469727
    vertex 20.0 57.125 30.600000381469727
    vertex 20.125 60.5 30.600000381469727
  endloop
endfacet
facet normal 0.0 0.0 0.0
  outer loop
    vertex 20.0 57.0 32.0
    vertex 31.875 53.5 32.0
    vertex 20.125 60.5 32.0
  endloop
endfacet
facet normal 0.0 0.0 0.0
  outer loop
    vertex 20.125 60.5 30.600000381469727
    vertex 31.875 53.5 30.600000381469727
    vertex 20.0 57.0 30.600000381469727
  endloop
endfacet
facet normal 0.0 0.0 0.0
  outer loop
    vertex 42.0 53.625 32.0
    vertex 42.0 57.0 32.0
    vertex 42.0 57.0 30.600000381469727
  endloop
endfacet
facet normal 0.0 0.0 0.0
  outer loop
    vertex 42.0 57.0 30.600000381469727
    vertex 42.0 53.625 30.600000381469727
    vertex 42.0 53.625 32.0
  endloop
endfacet
facet normal 0.0 0.0 0.0
  outer loop
    vertex 42.0 53.5 32.0
    vertex 42.0 53.625 32.0
    vertex 42.0 53.625 30.600000381469727
  endloop
endfacet
facet normal 0.0 0.0 0.0
  outer loop
    vertex 42.0 53.625 30.600000381469727
    vertex 42.0 53.5 30.600000381469727
    vertex 42.0 53.5 32.0
  endloop
endfacet
facet normal 0.0 0.0 0.0
  outer loop
    vertex 53.875 53.5 32.0
    vertex 42.0 53.5 32.0
    vertex 42.0 53.5 30.600000381469727
  endloop
endfacet
facet normal 0.0 0.0 0.0
  outer loop
    vertex 42.0 53.5 30.600000381469727
    vertex 53.875 53.5 30.600000381469727
    vertex 53.875 53.5 32.0
  endloop
endfacet
facet normal 0.0 0.0 0.0
  outer loop
    vertex 54.0 53.5 32.0
    vertex 53.875 53.5 32.0
    vertex 53.875 53.5 30.600000381469727
  endloop
endfacet
facet normal 0.0 0.0 0.0
  outer loop
    vertex 53.875 53.5 30.600000381469727
    vertex 54.0 53.5 30.600000381469727
    vertex 54.0 53.5 32.0
  endloop
endfacet
facet normal 0.0 0.0 0.0
  outer loop
    vertex 54.0 60.375 32.0
    vertex 54.0 53.5 32.0
    vertex 54.0 53.5 30.600000381469727
  endloop
endfacet
facet normal 0.0 0.0 0.0
  outer loop
    vertex 54.0 53.5 30.600000381469727
    vertex 54.0 60.375 30.600000381469727
    vertex 54.0 60.375 32.0
  endloop
endfacet
facet normal 0.0 0.0 0.0
  outer loop
    vertex 54.0 60.5 32.0
    vertex 54.0 60.375 32.0
    vertex 54.0 60.375 30.600000381469727
  endloop
endfacet
facet normal 0.0 0.0 0.0
  outer loop
    vertex 54.0 60.375 30.600000381469727
    vertex 54.0 60.5 30.600000381469727
    vertex 54.0 60.5 32.0
  endloop
endfacet
facet normal 0.0 0.0 0.0
  outer loop
    vertex 42.125 60.5 32.0
    vertex 54.0 60.5 32.0
    vertex 54.0 60.5 30.600000381469727
  endloop
endfacet
facet normal 0.0 0.0 0.0
  outer loop
    vertex 54.0 60.5 30.600000381469727
    vertex 42.125 60.5 30.600000381469727
    vertex 42.125 60.5 32.0
  endloop
endfacet
facet normal 0.0 0.0 0.0
  outer loop
    vertex 42.0 60.5 32.0
    vertex 42.125 60.5 32.0
    vertex 42.125 60.5 30.600000381469727
  endloop
endfacet
facet normal 0.0 0.0 0.0
  outer loop
    vertex 42.125 60.5 30.600000381469727
    vertex 42.0 60.5 30.600000381469727
    vertex 42.0 60.5 32.0
  endloop
endfacet
facet normal 0.0 0.0 0.0
  outer loop
    vertex 42.0 57.125 32.0
    vertex 42.0 60.5 32.0
    vertex 42.0 60.5 30.600000381469727
  endloop
endfacet
facet normal 0.0 0.0 0.0
  outer loop
    vertex 42.0 60.5 30.600000381469727
    vertex 42.0 57.125 30.600000381469727
    vertex 42.0 57.125 32.0
  endloop
endfacet
facet normal 0.0 0.0 0.0
  outer loop
    vertex 42.0 57.0 32.0
    vertex 42.0 57.125 32.0
    vertex 42.0 57.125 30.600000381469727
  endloop
endfacet
facet normal 0.0 0.0 0.0
  outer loop
    vertex 42.0 57.125 30.600000381469727
    vertex 42.0 57.0 30.600000381469727
    vertex 42.0 57.0 32.0
  endloop
endfacet
facet normal 0.0 0.0 0.0
  outer loop
    vertex 42.0 53.625 32.0
    vertex 42.0 53.5 32.0
    vertex 53.875 53.5 32.0
  endloop
endfacet
facet normal 0.0 0.0 0.0
  outer loop
    vertex 53.875 53.5 30.600000381469727
    vertex 42.0 53.5 30.600000381469727
    vertex 42.0 53.625 30.600000381469727
  endloop
endfacet
facet normal 0.0 0.0 0.0
  outer loop
    vertex 53.875 53.5 32.0
    vertex 54.0 53.5 32.0
    vertex 54.0 60.375 32.0
  endloop
endfacet
facet normal 0.0 0.0 0.0
  outer loop
    vertex 54.0 60.375 30.600000381469727
    vertex 54.0 53.5 30.600000381469727
    vertex 53.875 53.5 30.600000381469727
  endloop
endfacet
facet normal 0.0 0.0 0.0
  outer loop
    vertex 54.0 60.375 32.0
    vertex 54.0 60.5 32.0
    vertex 42.125 60.5 32.0
  endloop
endfacet
facet normal 0.0 0.0 0.0
  outer loop
    vertex 42.125 60.5 30.600000381469727
    vertex 54.0 60.5 30.600000381469727
    vertex 54.0 60.375 30.600000381469727
  endloop
endfacet
facet normal 0.0 0.0 0.0
  outer loop
    vertex 42.125 60.5 32.0
    vertex 42.0 60.5 32.0
    vertex 42.0 57.125 32.0
  endloop
endfacet
facet normal 0.0 0.0 0.0
  outer loop
    vertex 42.0 57.125 30.600000381469727
    vertex 42.0 60.5 30.600000381469727
    vertex 42.125 60.5 30.600000381469727
  endloop
endfacet
facet normal 0.0 0.0 0.0
  outer loop
    vertex 42.0 57.0 32.0
    vertex 42.0 53.625 32.0
    vertex 53.875 53.5 32.0
  endloop
endfacet
facet normal 0.0 0.0 0.0
  outer loop
    vertex 53.875 53.5 30.600000381469727
    vertex 42.0 53.625 30.600000381469727
    vertex 42.0 57.0 30.600000381469727
  endloop
endfacet
facet normal 0.0 0.0 0.0
  outer loop
    vertex 53.875 53.5 32.0
    vertex 54.0 60.375 32.0
    vertex 42.125 60.5 32.0
  endloop
endfacet
facet normal 0.0 0.0 0.0
  outer loop
    vertex 42.125 60.5 30.600000381469727
    vertex 54.0 60.375 30.600000381469727
    vertex 53.875 53.5 30.600000381469727
  endloop
endfacet
facet normal 0.0 0.0 0.0
  outer loop
    vertex 42.125 60.5 32.0
    vertex 42.0 57.125 32.0
    vertex 42.0 57.0 32.0
  endloop
endfacet
facet normal 0.0 0.0 0.0
  outer loop
    vertex 42.0 57.0 30.600000381469727
    vertex 42.0 57.125 30.600000381469727
    vertex 42.125 60.5 30.600000381469727
  endloop
endfacet
facet normal 0.0 0.0 0.0
  outer loop
    vertex 42.0 57.0 32.0
    vertex 53.875 53.5 32.0
    vertex 42.125 60.5 32.0
  endloop
endfacet
facet normal 0.0 0.0 0.0
  outer loop
    vertex 42.125 60.5 30.600000381469727
    vertex 53.875 53.5 30.600000381469727
    vertex 42.0 57.0 30.600000381469727
  endloop
endfacet
facet normal 0.0 0.0 0.0
  outer loop
    vertex 64.0 53.625 32.20000076293945
    vertex 64.0 57.0 32.20000076293945
    vertex 64.0 57.0 32.0
  endloop
endfacet
facet normal 0.0 0.0 0.0
  outer loop
    vertex 64.0 57.0 32.0
    vertex 64.0 53.625 32.0
    vertex 64.0 53.625 32.20000076293945
  endloop
endfacet
facet normal 0.0 0.0 0.0
  outer loop
    vertex 64.0 53.5 32.20000076293945
    vertex 64.0 53.625 32.20000076293945
    vertex 64.0 53.625 32.0
  endloop
endfacet
facet normal 0.0 0.0 0.0
  outer loop
    vertex 64.0 53.625 32.0
    vertex 64.0 53.5 32.0
    vertex 64.0 53.5 32.20000076293945
  endloop
endfacet
facet normal 0.0 0.0 0.0
  outer loop
    vertex 69.875 53.5 32.20000076293945
    vertex 64.0 53.5 32.20000076293945
    vertex 64.0 53.5 32.0
  endloop
endfacet
facet normal 0.0 0.0 0.0
  outer loop
    vertex 64.0 53.5 32.0
    vertex 69.875 53.5 32.0
    vertex 69.875 53.5 32.20000076293945
  endloop
endfacet
facet normal 0.0 0.0 0.0
  outer loop
    vertex 70.0 53.5 32.20000076293945
    vertex 69.875 53.5 32.20000076293945
    vertex 69.875 53.5 32.0
  endloop
endfacet
facet normal 0.0 0.0 0.0
  outer loop
    vertex 69.875 53.5 32.0
    vertex 70.0 53.5 32.0
    vertex 70.0 53.5 32.20000076293945
  endloop
endfacet
facet normal 0.0 0.0 0.0
  outer loop
    vertex 70.0 -60.375 32.20000076293945
    vertex 70.0 53.5 32.20000076293945
    vertex 70.0 53.5 32.0
  endloop
endfacet
facet normal 0.0 0.0 0.0
  outer loop
    vertex 70.0 53.5 32.0
    vertex 70.0 -60.375 32.0
    vertex 70.0 -60.375 32.20000076293945
  endloop
endfacet
facet normal 0.0 0.0 0.0
  outer loop
    vertex 70.0 -60.5 32.20000076293945
    vertex 70.0 -60.375 32.20000076293945
    vertex 70.0 -60.375 32.0
  endloop
endfacet
facet normal 0.0 0.0 0.0
  outer loop
    vertex 70.0 -60.375 32.0
    vertex 70.0 -60.5 32.0
    vertex 70.0 -60.5 32.20000076293945
  endloop
endfacet
facet normal 0.0 0.0 0.0
  outer loop
    vertex 79.875 -60.5 32.20000076293945
    vertex 70.0 -60.5 32.20000076293945
    vertex 70.0 -60.5 32.0
  endloop
endfacet
facet normal 0.0 0.0 0.0
  outer loop
    vertex 70.0 -60.5 32.0
    vertex 79.875 -60.5 32.0
    vertex 79.875 -60.5 32.20000076293945
  endloop
endfacet
facet normal 0.0 0.0 0.0
  outer loop
    vertex 80.0 -60.5 32.20000076293945
    vertex 79.875 -60.5 32.20000076293945
    vertex 79.875 -60.5 32.0
  endloop
endfacet
facet normal 0.0 0.0 0.0
  outer loop
    vertex 79.875 -60.5 32.0
    vertex 80.0 -60.5 32.0
    vertex 80.0 -60.5 32.20000076293945
  endloop
endfacet
facet normal 0.0 0.0 0.0
  outer loop
    vertex 80.0 60.375 32.20000076293945
    vertex 80.0 -60.5 32.20000076293945
    vertex 80.0 -60.5 32.0
  endloop
endfacet
facet normal 0.0 0.0 0.0
  outer loop
    vertex 80.0 -60.5 32.0
    vertex 80.0 60.375 32.0
    vertex 80.0 60.375 32.20000076293945
  endloop
endfacet
facet normal 0.0 0.0 0.0
  outer loop
    vertex 80.0 60.5 32.20000076293945
    vertex 80.0 60.375 32.20000076293945
    vertex 80.0 60.375 32.0
  endloop
endfacet
facet normal 0.0 0.0 0.0
  outer loop
    vertex 80.0 60.375 32.0
    vertex 80.0 60.5 32.0
    vertex 80.0 60.5 32.20000076293945
  endloop
endfacet
facet normal 0.0 0.0 0.0
  outer loop
    vertex 64.125 60.5 32.20000076293945
    vertex 80.0 60.5 32.20000076293945
    vertex 80.0 60.5 32.0
  endloop
endfacet
facet normal 0.0 0.0 0.0
  outer loop
    vertex 80.0 60.5 32.0
    vertex 64.125 60.5 32.0
    vertex 64.125 60.5 32.20000076293945
  endloop
endfacet
facet normal 0.0 0.0 0.0
  outer loop
    vertex 64.0 60.5 32.20000076293945
    vertex 64.125 60.5 32.20000076293945
    vertex 64.125 60.5 32.0
  endloop
endfacet
facet normal 0.0 0.0 0.0
  outer loop
    vertex 64.125 60.5 32.0
    vertex 64.0 60.5 32.0
    vertex 64.0 60.5 32.20000076293945
  endloop
endfacet
facet normal 0.0 0.0 0.0
  outer loop
    vertex 64.0 57.125 32.20000076293945
    vertex 64.0 60.5 32.20000076293945
    vertex 64.0 60.5 32.0
  endloop
endfacet
facet normal 0.0 0.0 0.0
  outer loop
    vertex 64.0 60.5 32.0
    vertex 64.0 57.125 32.0
    vertex 64.0 57.125 32.20000076293945
  endloop
endfacet
facet normal 0.0 0.0 0.0
  outer loop
    vertex 64.0 57.0 32.20000076293945
    vertex 64.0 57.125 32.20000076293945
    vertex 64.0 57.125 32.0
  endloop
endfacet
facet normal 0.0 0.0 0.0
  outer loop
    vertex 64.0 57.125 32.0
    vertex 64.0 57.0 32.0
    vertex 64.0 57.0 32.20000076293945
  endloop
endfacet
facet normal 0.0 0.0 0.0
  outer loop
    vertex 64.0 53.625 32.20000076293945
    vertex 64.0 53.5 32.20000076293945
    vertex 69.875 53.5 32.20000076293945
  endloop
endfacet
facet normal 0.0 0.0 0.0
  outer loop
    vertex 70.0 -60.375 32.20000076293945
    vertex 70.0 -60.5 32.20000076293945
    vertex 79.875 -60.5 32.20000076293945
  endloop
endfacet
facet normal 0.0 0.0 0.0
  outer loop
    vertex 79.875 -60.5 32.20000076293945
    vertex 80.0 -60.5 32.20000076293945
    vertex 80.0 60.375 32.20000076293945
  endloop
endfacet
facet normal 0.0 0.0 0.0
  outer loop
    vertex 80.0 60.375 32.20000076293945
    vertex 80.0 60.5 32.20000076293945
    vertex 64.125 60.5 32.20000076293945
  endloop
endfacet
facet normal 0.0 0.0 0.0
  outer loop
    vertex 64.125 60.5 32.20000076293945
    vertex 64.0 60.5 32.20000076293945
    vertex 64.0 57.125 32.20000076293945
  endloop
endfacet
facet normal 0.0 0.0 0.0
  outer loop
    vertex 64.0 57.0 32.20000076293945
    vertex 64.0 53.625 32.20000076293945
    vertex 69.875 53.5 32.20000076293945
  endloop
endfacet
facet normal 0.0 0.0 0.0
  outer loop
    vertex 70.0 53.5 32.20000076293945
    vertex 70.0 -60.375 32.20000076293945
    vertex 79.875 -60.5 32.20000076293945
  endloop
endfacet
facet normal 0.0 0.0 0.0
  outer loop
    vertex 80.0 60.375 32.20000076293945
    vertex 64.125 60.5 32.20000076293945
    vertex 64.0 57.125 32.20000076293945
  endloop
endfacet
facet normal 0.0 0.0 0.0
  outer loop
    vertex 64.0 57.125 32.20000076293945
    vertex 64.0 57.0 32.20000076293945
    vertex 69.875 53.5 32.20000076293945
  endloop
endfacet
facet normal 0.0 0.0 0.0
  outer loop
    vertex 70.0 53.5 32.20000076293945
    vertex 79.875 -60.5 32.20000076293945
    vertex 80.0 60.375 32.20000076293945
  endloop
endfacet
facet normal 0.0 0.0 0.0
  outer loop
    vertex 80.0 60.375 32.20000076293945
    vertex 64.0 57.125 32.20000076293945
    vertex 69.875 53.5 32.20000076293945
  endloop
endfacet
facet normal 0.0 0.0 0.0
  outer loop
    vertex 69.875 53.5 32.20000076293945
    vertex 70.0 53.5 32.20000076293945
    vertex 80.0 60.375 32.20000076293945
  endloop
endfacet
facet normal 0.0 0.0 0.0
  outer loop
    vertex -80.0 53.625 32.20000076293945
    vertex -80.0 57.0 32.20000076293945
    vertex -80.0 57.0 32.0
  endloop
endfacet
facet normal 0.0 0.0 0.0
  outer loop
    vertex -80.0 57.0 32.0
    vertex -80.0 53.625 32.0
    vertex -80.0 53.625 32.20000076293945
  endloop
endfacet
facet normal 0.0 0.0 0.0
  outer loop
    vertex -80.0 53.5 32.20000076293945
    vertex -80.0 53.625 32.20000076293945
    vertex -80.0 53.625 32.0
  endloop
endfacet
facet normal 0.0 0.0 0.0
  outer loop
    vertex -80.0 53.625 32.0
    vertex -80.0 53.5 32.0
    vertex -80.0 53.5 32.20000076293945
  endloop
endfacet
facet normal 0.0 0.0 0.0
  outer loop
    vertex -56.125 53.5 32.20000076293945
    vertex -80.0 53.5 32.20000076293945
    vertex -80.0 53.5 32.0
  endloop
endfacet
facet normal 0.0 0.0 0.0
  outer loop
    vertex -80.0 53.5 32.0
    vertex -56.125 53.5 32.0
    vertex -56.125 53.5 32.20000076293945
  endloop
endfacet
facet normal 0.0 0.0 0.0
  outer loop
    vertex -56.0 53.5 32.20000076293945
    vertex -56.125 53.5 32.20000076293945
    vertex -56.125 53.5 32.0
  endloop
endfacet
facet normal 0.0 0.0 0.0
  outer loop
    vertex -56.125 53.5 32.0
    vertex -56.0 53.5 32.0
    vertex -56.0 53.5 32.20000076293945
  endloop
endfacet
facet normal 0.0 0.0 0.0
  outer loop
    vertex -56.0 60.375 32.20000076293945
    vertex -56.0 53.5 32.20000076293945
    vertex -56.0 53.5 32.0
  endloop
endfacet
facet normal 0.0 0.0 0.0
  outer loop
    vertex -56.0 53.5 32.0
    vertex -56.0 60.375 32.0
    vertex -56.0 60.375 32.20000076293945
  endloop
endfacet
facet normal 0.0 0.0 0.0
  outer loop
    vertex -56.0 60.5 32.20000076293945
    vertex -56.0 60.375 32.20000076293945
    vertex -56.0 60.375 32.0
  endloop
endfacet
facet normal 0.0 0.0 0.0
  outer loop
    vertex -56.0 60.375 32.0
    vertex -56.0 60.5 32.0
    vertex -56.0 60.5 32.20000076293945
  endloop
endfacet
facet normal 0.0 0.0 0.0
  outer loop
    vertex -79.875 60.5 32.20000076293945
    vertex -56.0 60.5 32.20000076293945
    vertex -56.0 60.5 32.0
  endloop
endfacet
facet normal 0.0 0.0 0.0
  outer loop
    vertex -56.0 60.5 32.0
    vertex -79.875 60.5 32.0
    vertex -79.875 60.5 32.20000076293945
  endloop
endfacet
facet normal 0.0 0.0 0.0
  outer loop
    vertex -80.0 60.5 32.20000076293945
    vertex -79.875 60.5 32.20000076293945
    vertex -79.875 60.5 32.0
  endloop
endfacet
facet normal 0.0 0.0 0.0
  outer loop
    vertex -79.875 60.5 32.0
    vertex -80.0 60.5 32.0
    vertex -80.0 60.5 32.20000076293945
  endloop
endfacet
facet normal 0.0 0.0 0.0
  outer loop
    vertex -80.0 57.125 32.20000076293945
    vertex -80.0 60.5 32.20000076293945
    vertex -80.0 60.5 32.0
  endloop
endfacet
facet normal 0.0 0.0 0.0
  outer loop
    vertex -80.0 60.5 32.0
    vertex -80.0 57.125 32.0
    vertex -80.0 57.125 32.20000076293945
  endloop
endfacet
facet normal 0.0 0.0 0.0
  outer loop
    vertex -80.0 57.0 32.20000076293945
    vertex -80.0 57.125 32.20000076293945
    vertex -80.0 57.125 32.0
  endloop
endfacet
facet normal 0.0 0.0 0.0
  outer loop
    vertex -80.0 57.125 32.0
    vertex -80.0 57.0 32.0
    vertex -80.0 57.0 32.20000076293945
  endloop
endfacet
facet normal 0.0 0.0 0.0
  outer loop
    vertex -80.0 53.625 32.20000076293945
    vertex -80.0 53.5 32.20000076293945
    vertex -56.125 53.5 32.20000076293945
  endloop
endfacet
facet normal 0.0 0.0 0.0
  outer loop
    vertex -56.125 53.5 32.20000076293945
    vertex -56.0 53.5 32.20000076293945
    vertex -56.0 60.375 32.20000076293945
  endloop
endfacet
facet normal 0.0 0.0 0.0
  outer loop
    vertex -56.0 60.375 32.20000076293945
    vertex -56.0 60.5 32.20000076293945
    vertex -79.875 60.5 32.20000076293945
  endloop
endfacet
facet normal 0.0 0.0 0.0
  outer loop
    vertex -79.875 60.5 32.20000076293945
    vertex -80.0 60.5 32.20000076293945
    vertex -80.0 57.125 32.20000076293945
  endloop
endfacet
facet normal 0.0 0.0 0.0
  outer loop
    vertex -80.0 57.0 32.20000076293945
    vertex -80.0 53.625 32.20000076293945
    vertex -56.125 53.5 32.20000076293945
  endloop
endfacet
facet normal 0.0 0.0 0.0
  outer loop
    vertex -56.125 53.5 32.20000076293945
    vertex -56.0 60.375 32.20000076293945
    vertex -79.875 60.5 32.20000076293945
  endloop
endfacet
facet normal 0.0 0.0 0.0
  outer loop
    vertex -79.875 60.5 32.20000076293945
    vertex -80.0 57.125 32.20000076293945
    vertex -80.0 57.0 32.20000076293945
  endloop
endfacet
facet normal 0.0 0.0 0.0
  outer loop
    vertex -80.0 57.0 32.20000076293945
    vertex -56.125 53.5 32.20000076293945
    vertex -79.875 60.5 32.20000076293945
  endloop
endfacet
facet normal 0.0 0.0 0.0
  outer loop
    vertex -46.0 53.625 32.20000076293945
    vertex -46.0 57.0 32.20000076293945
    vertex -46.0 57.0 32.0
  endloop
endfacet
facet normal 0.0 0.0 0.0
  outer loop
    vertex -46.0 57.0 32.0
    vertex -46.0 53.625 32.0
    vertex -46.0 53.625 32.20000076293945
  endloop
endfacet
facet normal 0.0 0.0 0.0
  outer loop
    vertex -46.0 53.5 32.20000076293945
    vertex -46.0 53.625 32.20000076293945
    vertex -46.0 53.625 32.0
  endloop
endfacet
facet normal 0.0 0.0 0.0
  outer loop
    vertex -46.0 53.625 32.0
    vertex -46.0 53.5 32.0
    vertex -46.0 53.5 32.20000076293945
  endloop
endfacet
facet normal 0.0 0.0 0.0
  outer loop
    vertex -34.125 53.5 32.20000076293945
    vertex -46.0 53.5 32.20000076293945
    vertex -46.0 53.5 32.0
  endloop
endfacet
facet normal 0.0 0.0 0.0
  outer loop
    vertex -46.0 53.5 32.0
    vertex -34.125 53.5 32.0
    vertex -34.125 53.5 32.20000076293945
  endloop
endfacet
facet normal 0.0 0.0 0.0
  outer loop
    vertex -34.0 53.5 32.20000076293945
    vertex -34.125 53.5 32.20000076293945
    vertex -34.125 53.5 32.0
  endloop
endfacet
facet normal 0.0 0.0 0.0
  outer loop
    vertex -34.125 53.5 32.0
    vertex -34.0 53.5 32.0
    vertex -34.0 53.5 32.20000076293945
  endloop
endfacet
facet normal 0.0 0.0 0.0
  outer loop
    vertex -34.0 60.375 32.20000076293945
    vertex -34.0 53.5 32.20000076293945
    vertex -34.0 53.5 32.0
  endloop
endfacet
facet normal 0.0 0.0 0.0
  outer loop
    vertex -34.0 53.5 32.0
    vertex -34.0 60.375 32.0
    vertex -34.0 60.375 32.20000076293945
  endloop
endfacet
facet normal 0.0 0.0 0.0
  outer loop
    vertex -34.0 60.5 32.20000076293945
    vertex -34.0 60.375 32.20000076293945
    vertex -34.0 60.375 32.0
  endloop
endfacet
facet normal 0.0 0.0 0.0
  outer loop
    vertex -34.0 60.375 32.0
    vertex -34.0 60.5 32.0
    vertex -34.0 60.5 32.20000076293945
  endloop
endfacet
facet normal 0.0 0.0 0.0
  outer loop
    vertex -45.875 60.5 32.20000076293945
    vertex -34.0 60.5 32.20000076293945
    vertex -34.0 60.5 32.0
  endloop
endfacet
facet normal 0.0 0.0 0.0
  outer loop
    vertex -34.0 60.5 32.0
    vertex -45.875 60.5 32.0
    vertex -45.875 60.5 32.20000076293945
  endloop
endfacet
facet normal 0.0 0.0 0.0
  outer loop
    vertex -46.0 60.5 32.20000076293945
    vertex -45.875 60.5 32.20000076293945
    vertex -45.875 60.5 32.0
  endloop
endfacet
facet normal 0.0 0.0 0.0
  outer loop
    vertex -45.875 60.5 32.0
    vertex -46.0 60.5 32.0
    vertex -46.0 60.5 32.20000076293945
  endloop
endfacet
facet normal 0.0 0.0 0.0
  outer loop
    vertex -46.0 57.125 32.20000076293945
    vertex -46.0 60.5 32.20000076293945
    vertex -46.0 60.5 32.0
  endloop
endfacet
facet normal 0.0 0.0 0.0
  outer loop
    vertex -46.0 60.5 32.0
    vertex -46.0 57.125 32.0
    vertex -46.0 57.125 32.20000076293945
  endloop
endfacet
facet normal 0.0 0.0 0.0
  outer loop
    vertex -46.0 57.0 32.20000076293945
    vertex -46.0 57.125 32.20000076293945
    vertex -46.0 57.125 32.0
  endloop
endfacet
facet normal 0.0 0.0 0.0
  outer loop
    vertex -46.0 57.125 32.0
    vertex -46.0 57.0 32.0
    vertex -46.0 57.0 32.20000076293945
  endloop
endfacet
facet normal 0.0 0.0 0.0
  outer loop
    vertex -46.0 53.625 32.20000076293945
    vertex -46.0 53.5 32.20000076293945
    vertex -34.125 53.5 32.20000076293945
  endloop
endfacet
facet normal 0.0 0.0 0.0
  outer loop
    vertex -34.125 53.5 32.20000076293945
    vertex -34.0 53.5 32.20000076293945
    vertex -34.0 60.375 32.20000076293945
  endloop
endfacet
facet normal 0.0 0.0 0.0
  outer loop
    vertex -34.0 60.375 32.20000076293945
    vertex -34.0 60.5 32.20000076293945
    vertex -45.875 60.5 32.20000076293945
  endloop
endfacet
facet normal 0.0 0.0 0.0
  outer loop
    vertex -45.875 60.5 32.20000076293945
    vertex -46.0 60.5 32.20000076293945
    vertex -46.0 57.125 32.20000076293945
  endloop
endfacet
facet normal 0.0 0.0 0.0
  outer loop
    vertex -46.0 57.0 32.20000076293945
    vertex -46.0 53.625 32.20000076293945
    vertex -34.125 53.5 32.20000076293945
  endloop
endfacet
facet normal 0.0 0.0 0.0
  outer loop
    vertex -34.125 53.5 32.20000076293945
    vertex -34.0 60.375 32.20000076293945
    vertex -45.875 60.5 32.20000076293945
  endloop
endfacet
facet normal 0.0 0.0 0.0
  outer loop
    vertex -45.875 60.5 32.20000076293945
    vertex -46.0 57.125 32.20000076293945
    vertex -46.0 57.0 32.20000076293945
  endloop
endfacet
facet normal 0.0 0.0 0.0
  outer loop
    vertex -46.0 57.0 32.20000076293945
    vertex -34.125 53.5 32.20000076293945
    vertex -45.875 60.5 32.20000076293945
  endloop
endfacet
facet normal 0.0 0.0 0.0
  outer loop
    vertex -24.0 53.625 32.20000076293945
    vertex -24.0 57.0 32.20000076293945
    vertex -24.0 57.0 32.0
  endloop
endfacet
facet normal 0.0 0.0 0.0
  outer loop
    vertex -24.0 57.0 32.0
    vertex -24.0 53.625 32.0
    vertex -24.0 53.625 32.20000076293945
  endloop
endfacet
facet normal 0.0 0.0 0.0
  outer loop
    vertex -24.0 53.5 32.20000076293945
    vertex -24.0 53.625 32.20000076293945
    vertex -24.0 53.625 32.0
  endloop
endfacet
facet normal 0.0 0.0 0.0
  outer loop
    vertex -24.0 53.625 32.0
    vertex -24.0 53.5 32.0
    vertex -24.0 53.5 32.20000076293945
  endloop
endfacet
facet normal 0.0 0.0 0.0
  outer loop
    vertex -12.125 53.5 32.20000076293945
    vertex -24.0 53.5 32.20000076293945
    vertex -24.0 53.5 32.0
  endloop
endfacet
facet normal 0.0 0.0 0.0
  outer loop
    vertex -24.0 53.5 32.0
    vertex -12.125 53.5 32.0
    vertex -12.125 53.5 32.20000076293945
  endloop
endfacet
facet normal 0.0 0.0 0.0
  outer loop
    vertex -12.0 53.5 32.20000076293945
    vertex -12.125 53.5 32.20000076293945
    vertex -12.125 53.5 32.0
  endloop
endfacet
facet normal 0.0 0.0 0.0
  outer loop
    vertex -12.125 53.5 32.0
    vertex -12.0 53.5 32.0
    vertex -12.0 53.5 32.20000076293945
  endloop
endfacet
facet normal 0.0 0.0 0.0
  outer loop
    vertex -12.0 60.375 32.20000076293945
    vertex -12.0 53.5 32.20000076293945
    vertex -12.0 53.5 32.0
  endloop
endfacet
facet normal 0.0 0.0 0.0
  outer loop
    vertex -12.0 53.5 32.0
    vertex -12.0 60.375 32.0
    vertex -12.0 60.375 32.20000076293945
  endloop
endfacet
facet normal 0.0 0.0 0.0
  outer loop
    vertex -12.0 60.5 32.20000076293945
    vertex -12.0 60.375 32.20000076293945
    vertex -12.0 60.375 32.0
  endloop
endfacet
facet normal 0.0 0.0 0.0
  outer loop
    vertex -12.0 60.375 32.0
    vertex -12.0 60.5 32.0
    vertex -12.0 60.5 32.20000076293945
  endloop
endfacet
facet normal 0.0 0.0 0.0
  outer loop
    vertex -23.875 60.5 32.20000076293945
    vertex -12.0 60.5 32.20000076293945
    vertex -12.0 60.5 32.0
  endloop
endfacet
facet normal 0.0 0.0 0.0
  outer loop
    vertex -12.0 60.5 32.0
    vertex -23.875 60.5 32.0
    vertex -23.875 60.5 32.20000076293945
  endloop
endfacet
facet normal 0.0 0.0 0.0
  outer loop
    vertex -24.0 60.5 32.20000076293945
    vertex -23.875 60.5 32.20000076293945
    vertex -23.875 60.5 32.0
  endloop
endfacet
facet normal 0.0 0.0 0.0
  outer loop
    vertex -23.875 60.5 32.0
    vertex -24.0 60.5 32.0
    vertex -24.0 60.5 32.20000076293945
  endloop
endfacet
facet normal 0.0 0.0 0.0
  outer loop
    vertex -24.0 57.125 32.20000076293945
    vertex -24.0 60.5 32.20000076293945
    vertex -24.0 60.5 32.0
  endloop
endfacet
facet normal 0.0 0.0 0.0
  outer loop
    vertex -24.0 60.5 32.0
    vertex -24.0 57.125 32.0
    vertex -24.0 57.125 32.20000076293945
  endloop
endfacet
facet normal 0.0 0.0 0.0
  outer loop
    vertex -24.0 57.0 32.20000076293945
    vertex -24.0 57.125 32.20000076293945
    vertex -24.0 57.125 32.0
  endloop
endfacet
facet normal 0.0 0.0 0.0
  outer loop
    vertex -24.0 57.125 32.0
    vertex -24.0 57.0 32.0
    vertex -24.0 57.0 32.20000076293945
  endloop
endfacet
facet normal 0.0 0.0 0.0
  outer loop
    vertex -24.0 53.625 32.20000076293945
    vertex -24.0 53.5 32.20000076293945
    vertex -12.125 53.5 32.20000076293945
  endloop
endfacet
facet normal 0.0 0.0 0.0
  outer loop
    vertex -12.125 53.5 32.20000076293945
    vertex -12.0 53.5 32.20000076293945
    vertex -12.0 60.375 32.20000076293945
  endloop
endfacet
facet normal 0.0 0.0 0.0
  outer loop
    vertex -12.0 60.375 32.20000076293945
    vertex -12.0 60.5 32.20000076293945
    vertex -23.875 60.5 32.20000076293945
  endloop
endfacet
facet normal 0.0 0.0 0.0
  outer loop
    vertex -23.875 60.5 32.20000076293945
    vertex -24.0 60.5 32.20000076293945
    vertex -24.0 57.125 32.20000076293945
  endloop
endfacet
facet normal 0.0 0.0 0.0
  outer loop
    vertex -24.0 57.0 32.20000076293945
    vertex -24.0 53.625 32.20000076293945
    vertex -12.125 53.5 32.20000076293945
  endloop
endfacet
facet normal 0.0 0.0 0.0
  outer loop
    vertex -12.125 53.5 32.20000076293945
    vertex -12.0 60.375 32.20000076293945
    vertex -23.875 60.5 32.20000076293945
  endloop
endfacet
facet normal 0.0 0.0 0.0
  outer loop
    vertex -23.875 60.5 32.20000076293945
    vertex -24.0 57.125 32.20000076293945
    vertex -24.0 57.0 32.20000076293945
  endloop
endfacet
facet normal 0.0 0.0 0.0
  outer loop
    vertex -24.0 57.0 32.20000076293945
    vertex -12.125 53.5 32.20000076293945
    vertex -23.875 60.5 32.20000076293945
  endloop
endfacet
facet normal 0.0 0.0 0.0
  outer loop
    vertex -2.0 53.625 32.20000076293945
    vertex -2.0 57.0 32.20000076293945
    vertex -2.0 57.0 32.0
  endloop
endfacet
facet normal 0.0 0.0 0.0
  outer loop
    vertex -2.0 57.0 32.0
    vertex -2.0 53.625 32.0
    vertex -2.0 53.625 32.20000076293945
  endloop
endfacet
facet normal 0.0 0.0 0.0
  outer loop
    vertex -2.0 53.5 32.20000076293945
    vertex -2.0 53.625 32.20000076293945
    vertex -2.0 53.625 32.0
  endloop
endfacet
facet normal 0.0 0.0 0.0
  outer loop
    vertex -2.0 53.625 32.0
    vertex -2.0 53.5 32.0
    vertex -2.0 53.5 32.20000076293945
  endloop
endfacet
facet normal 0.0 0.0 0.0
  outer loop
    vertex 9.875 53.5 32.20000076293945
    vertex -2.0 53.5 32.20000076293945
    vertex -2.0 53.5 32.0
  endloop
endfacet
facet normal 0.0 0.0 0.0
  outer loop
    vertex -2.0 53.5 32.0
    vertex 9.875 53.5 32.0
    vertex 9.875 53.5 32.20000076293945
  endloop
endfacet
facet normal 0.0 0.0 0.0
  outer loop
    vertex 10.0 53.5 32.20000076293945
    vertex 9.875 53.5 32.20000076293945
    vertex 9.875 53.5 32.0
  endloop
endfacet
facet normal 0.0 0.0 0.0
  outer loop
    vertex 9.875 53.5 32.0
    vertex 10.0 53.5 32.0
    vertex 10.0 53.5 32.20000076293945
  endloop
endfacet
facet normal 0.0 0.0 0.0
  outer loop
    vertex 10.0 60.375 32.20000076293945
    vertex 10.0 53.5 32.20000076293945
    vertex 10.0 53.5 32.0
  endloop
endfacet
facet normal 0.0 0.0 0.0
  outer loop
    vertex 10.0 53.5 32.0
    vertex 10.0 60.375 32.0
    vertex 10.0 60.375 32.20000076293945
  endloop
endfacet
facet normal 0.0 0.0 0.0
  outer loop
    vertex 10.0 60.5 32.20000076293945
    vertex 10.0 60.375 32.20000076293945
    vertex 10.0 60.375 32.0
  endloop
endfacet
facet normal 0.0 0.0 0.0
  outer loop
    vertex 10.0 60.375 32.0
    vertex 10.0 60.5 32.0
    vertex 10.0 60.5 32.20000076293945
  endloop
endfacet
facet normal 0.0 0.0 0.0
  outer loop
    vertex -1.875 60.5 32.20000076293945
    vertex 10.0 60.5 32.20000076293945
    vertex 10.0 60.5 32.0
  endloop
endfacet
facet normal 0.0 0.0 0.0
  outer loop
    vertex 10.0 60.5 32.0
    vertex -1.875 60.5 32.0
    vertex -1.875 60.5 32.20000076293945
  endloop
endfacet
facet normal 0.0 0.0 0.0
  outer loop
    vertex -2.0 60.5 32.20000076293945
    vertex -1.875 60.5 32.20000076293945
    vertex -1.875 60.5 32.0
  endloop
endfacet
facet normal 0.0 0.0 0.0
  outer loop
    vertex -1.875 60.5 32.0
    vertex -2.0 60.5 32.0
    vertex -2.0 60.5 32.20000076293945
  endloop
endfacet
facet normal 0.0 0.0 0.0
  outer loop
    vertex -2.0 57.125 32.20000076293945
    vertex -2.0 60.5 32.20000076293945
    vertex -2.0 60.5 32.0
  endloop
endfacet
facet normal 0.0 0.0 0.0
  outer loop
    vertex -2.0 60.5 32.0
    vertex -2.0 57.125 32.0
    vertex -2.0 57.125 32.20000076293945
  endloop
endfacet
facet normal 0.0 0.0 0.0
  outer loop
    vertex -2.0 57.0 32.20000076293945
    vertex -2.0 57.125 32.20000076293945
    vertex -2.0 57.125 32.0
  endloop
endfacet
facet normal 0.0 0.0 0.0
  outer loop
    vertex -2.0 57.125 32.0
    vertex -2.0 57.0 32.0
    vertex -2.0 57.0 32.20000076293945
  endloop
endfacet
facet normal 0.0 0.0 0.0
  outer loop
    vertex -2.0 53.625 32.20000076293945
    vertex -2.0 53.5 32.20000076293945
    vertex 9.875 53.5 32.20000076293945
  endloop
endfacet
facet normal 0.0 0.0 0.0
  outer loop
    vertex 9.875 53.5 32.20000076293945
    vertex 10.0 53.5 32.20000076293945
    vertex 10.0 60.375 32.20000076293945
  endloop
endfacet
facet normal 0.0 0.0 0.0
  outer loop
    vertex 10.0 60.375 32.20000076293945
    vertex 10.0 60.5 32.20000076293945
    vertex -1.875 60.5 32.20000076293945
  endloop
endfacet
facet normal 0.0 0.0 0.0
  outer loop
    vertex -1.875 60.5 32.20000076293945
    vertex -2.0 60.5 32.20000076293945
    vertex -2.0 57.125 32.20000076293945
  endloop
endfacet
facet normal 0.0 0.0 0.0
  outer loop
    vertex -2.0 57.0 32.20000076293945
    vertex -2.0 53.625 32.20000076293945
    vertex 9.875 53.5 32.20000076293945
  endloop
endfacet
facet normal 0.0 0.0 0.0
  outer loop
    vertex 9.875 53.5 32.20000076293945
    vertex 10.0 60.375 32.20000076293945
    vertex -1.875 60.5 32.20000076293945
  endloop
endfacet
facet normal 0.0 0.0 0.0
  outer loop
    vertex -1.875 60.5 32.20000076293945
    vertex -2.0 57.125 32.20000076293945
    vertex -2.0 57.0 32.20000076293945
  endloop
endfacet
facet normal 0.0 0.0 0.0
  outer loop
    vertex -2.0 57.0 32.20000076293945
    vertex 9.875 53.5 32.20000076293945
    vertex -1.875 60.5 32.20000076293945
  endloop
endfacet
facet normal 0.0 0.0 0.0
  outer loop
    vertex 20.0 53.625 32.20000076293945
    vertex 20.0 57.0 32.20000076293945
    vertex 20.0 57.0 32.0
  endloop
endfacet
facet normal 0.0 0.0 0.0
  outer loop
    vertex 20.0 57.0 32.0
    vertex 20.0 53.625 32.0
    vertex 20.0 53.625 32.20000076293945
  endloop
endfacet
facet normal 0.0 0.0 0.0
  outer loop
    vertex 20.0 53.5 32.20000076293945
    vertex 20.0 53.625 32.20000076293945
    vertex 20.0 53.625 32.0
  endloop
endfacet
facet normal 0.0 0.0 0.0
  outer loop
    vertex 20.0 53.625 32.0
    vertex 20.0 53.5 32.0
    vertex 20.0 53.5 32.20000076293945
  endloop
endfacet
facet normal 0.0 0.0 0.0
  outer loop
    vertex 31.875 53.5 32.20000076293945
    vertex 20.0 53.5 32.20000076293945
    vertex 20.0 53.5 32.0
  endloop
endfacet
facet normal 0.0 0.0 0.0
  outer loop
    vertex 20.0 53.5 32.0
    vertex 31.875 53.5 32.0
    vertex 31.875 53.5 32.20000076293945
  endloop
endfacet
facet normal 0.0 0.0 0.0
  outer loop
    vertex 32.0 53.5 32.20000076293945
    vertex 31.875 53.5 32.20000076293945
    vertex 31.875 53.5 32.0
  endloop
endfacet
facet normal 0.0 0.0 0.0
  outer loop
    vertex 31.875 53.5 32.0
    vertex 32.0 53.5 32.0
    vertex 32.0 53.5 32.20000076293945
  endloop
endfacet
facet normal 0.0 0.0 0.0
  outer loop
    vertex 32.0 60.375 32.20000076293945
    vertex 32.0 53.5 32.20000076293945
    vertex 32.0 53.5 32.0
  endloop
endfacet
facet normal 0.0 0.0 0.0
  outer loop
    vertex 32.0 53.5 32.0
    vertex 32.0 60.375 32.0
    vertex 32.0 60.375 32.20000076293945
  endloop
endfacet
facet normal 0.0 0.0 0.0
  outer loop
    vertex 32.0 60.5 32.20000076293945
    vertex 32.0 60.375 32.20000076293945
    vertex 32.0 60.375 32.0
  endloop
endfacet
facet normal 0.0 0.0 0.0
  outer loop
    vertex 32.0 60.375 32.0
    vertex 32.0 60.5 32.0
    vertex 32.0 60.5 32.20000076293945
  endloop
endfacet
facet normal 0.0 0.0 0.0
  outer loop
    vertex 20.125 60.5 32.20000076293945
    vertex 32.0 60.5 32.20000076293945
    vertex 32.0 60.5 32.0
  endloop
endfacet
facet normal 0.0 0.0 0.0
  outer loop
    vertex 32.0 60.5 32.0
    vertex 20.125 60.5 32.0
    vertex 20.125 60.5 32.20000076293945
  endloop
endfacet
facet normal 0.0 0.0 0.0
  outer loop
    vertex 20.0 60.5 32.20000076293945
    vertex 20.125 60.5 32.20000076293945
    vertex 20.125 60.5 32.0
  endloop
endfacet
facet normal 0.0 0.0 0.0
  outer loop
    vertex 20.125 60.5 32.0
    vertex 20.0 60.5 32.0
    vertex 20.0 60.5 32.20000076293945
  endloop
endfacet
facet normal 0.0 0.0 0.0
  outer loop
    vertex 20.0 57.125 32.20000076293945
    vertex 20.0 60.5 32.20000076293945
    vertex 20.0 60.5 32.0
  endloop
endfacet
facet normal 0.0 0.0 0.0
  outer loop
    vertex 20.0 60.5 32.0
    vertex 20.0 57.125 32.0
    vertex 20.0 57.125 32.20000076293945
  endloop
endfacet
facet normal 0.0 0.0 0.0
  outer loop
    vertex 20.0 57.0 32.20000076293945
    vertex 20.0 57.125 32.20000076293945
    vertex 20.0 57.125 32.0
  endloop
endfacet
facet normal 0.0 0.0 0.0
  outer loop
    vertex 20.0 57.125 32.0
    vertex 20.0 57.0 32.0
    vertex 20.0 57.0 32.20000076293945
  endloop
endfacet
facet normal 0.0 0.0 0.0
  outer loop
    vertex 20.0 53.625 32.20000076293945
    vertex 20.0 53.5 32.20000076293945
    vertex 31.875 53.5 32.20000076293945
  endloop
endfacet
facet normal 0.0 0.0 0.0
  outer loop
    vertex 31.875 53.5 32.20000076293945
    vertex 32.0 53.5 32.20000076293945
    vertex 32.0 60.375 32.20000076293945
  endloop
endfacet
facet normal 0.0 0.0 0.0
  outer loop
    vertex 32.0 60.375 32.20000076293945
    vertex 32.0 60.5 32.20000076293945
    vertex 20.125 60.5 32.20000076293945
  endloop
endfacet
facet normal 0.0 0.0 0.0
  outer loop
    vertex 20.125 60.5 32.20000076293945
    vertex 20.0 60.5 32.20000076293945
    vertex 20.0 57.125 32.20000076293945
  endloop
endfacet
facet normal 0.0 0.0 0.0
  outer loop
    vertex 20.0 57.0 32.20000076293945
    vertex 20.0 53.625 32.20000076293945
    vertex 31.875 53.5 32.20000076293945
  endloop
endfacet
facet normal 0.0 0.0 0.0
  outer loop
    vertex 31.875 53.5 32.20000076293945
    vertex 32.0 60.375 32.20000076293945
    vertex 20.125 60.5 32.20000076293945
  endloop
endfacet
facet normal 0.0 0.0 0.0
  outer loop
    vertex 20.125 60.5 32.20000076293945
    vertex 20.0 57.125 32.20000076293945
    vertex 20.0 57.0 32.20000076293945
  endloop
endfacet
facet normal 0.0 0.0 0.0
  outer loop
    vertex 20.0 57.0 32.20000076293945
    vertex 31.875 53.5 32.20000076293945
    vertex 20.125 60.5 32.20000076293945
  endloop
endfacet
facet normal 0.0 0.0 0.0
  outer loop
    vertex 42.0 53.625 32.20000076293945
    vertex 42.0 57.0 32.20000076293945
    vertex 42.0 57.0 32.0
  endloop
endfacet
facet normal 0.0 0.0 0.0
  outer loop
    vertex 42.0 57.0 32.0
    vertex 42.0 53.625 32.0
    vertex 42.0 53.625 32.20000076293945
  endloop
endfacet
facet normal 0.0 0.0 0.0
  outer loop
    vertex 42.0 53.5 32.20000076293945
    vertex 42.0 53.625 32.20000076293945
    vertex 42.0 53.625 32.0
  endloop
endfacet
facet normal 0.0 0.0 0.0
  outer loop
    vertex 42.0 53.625 32.0
    vertex 42.0 53.5 32.0
    vertex 42.0 53.5 32.20000076293945
  endloop
endfacet
facet normal 0.0 0.0 0.0
  outer loop
    vertex 53.875 53.5 32.20000076293945
    vertex 42.0 53.5 32.20000076293945
    vertex 42.0 53.5 32.0
  endloop
endfacet
facet normal 0.0 0.0 0.0
  outer loop
    vertex 42.0 53.5 32.0
    vertex 53.875 53.5 32.0
    vertex 53.875 53.5 32.20000076293945
  endloop
endfacet
facet normal 0.0 0.0 0.0
  outer loop
    vertex 54.0 53.5 32.20000076293945
    vertex 53.875 53.5 32.20000076293945
    vertex 53.875 53.5 32.0
  endloop
endfacet
facet normal 0.0 0.0 0.0
  outer loop
    vertex 53.875 53.5 32.0
    vertex 54.0 53.5 32.0
    vertex 54.0 53.5 32.20000076293945
  endloop
endfacet
facet normal 0.0 0.0 0.0
  outer loop
    vertex 54.0 60.375 32.20000076293945
    vertex 54.0 53.5 32.20000076293945
    vertex 54.0 53.5 32.0
  endloop
endfacet
facet normal 0.0 0.0 0.0
  outer loop
    vertex 54.0 53.5 32.0
    vertex 54.0 60.375 32.0
    vertex 54.0 60.375 32.20000076293945
  endloop
endfacet
facet normal 0.0 0.0 0.0
  outer loop
    vertex 54.0 60.5 32.20000076293945
    vertex 54.0 60.375 32.20000076293945
    vertex 54.0 60.375 32.0
  endloop
endfacet
facet normal 0.0 0.0 0.0
  outer loop
    vertex 54.0 60.375 32.0
    vertex 54.0 60.5 32.0
    vertex 54.0 60.5 32.20000076293945
  endloop
endfacet
facet normal 0.0 0.0 0.0
  outer loop
    vertex 42.125 60.5 32.20000076293945
    vertex 54.0 60.5 32.20000076293945
    vertex 54.0 60.5 32.0
  endloop
endfacet
facet normal 0.0 0.0 0.0
  outer loop
    vertex 54.0 60.5 32.0
    vertex 42.125 60.5 32.0
    vertex 42.125 60.5 32.20000076293945
  endloop
endfacet
facet normal 0.0 0.0 0.0
  outer loop
    vertex 42.0 60.5 32.20000076293945
    vertex 42.125 60.5 32.20000076293945
    vertex 42.125 60.5 32.0
  endloop
endfacet
facet normal 0.0 0.0 0.0
  outer loop
    vertex 42.125 60.5 32.0
    vertex 42.0 60.5 32.0
    vertex 42.0 60.5 32.20000076293945
  endloop
endfacet
facet normal 0.0 0.0 0.0
  outer loop
    vertex 42.0 57.125 32.20000076293945
    vertex 42.0 60.5 32.20000076293945
    vertex 42.0 60.5 32.0
  endloop
endfacet
facet normal 0.0 0.0 0.0
  outer loop
    vertex 42.0 60.5 32.0
    vertex 42.0 57.125 32.0
    vertex 42.0 57.125 32.20000076293945
  endloop
endfacet
facet normal 0.0 0.0 0.0
  outer loop
    vertex 42.0 57.0 32.20000076293945
    vertex 42.0 57.125 32.20000076293945
    vertex 42.0 57.125 32.0
  endloop
endfacet
facet normal 0.0 0.0 0.0
  outer loop
    vertex 42.0 57.125 32.0
    vertex 42.0 57.0 32.0
    vertex 42.0 57.0 32.20000076293945
  endloop
endfacet
facet normal 0.0 0.0 0.0
  outer loop
    vertex 42.0 53.625 32.20000076293945
    vertex 42.0 53.5 32.20000076293945
    vertex 53.875 53.5 32.20000076293945
  endloop
endfacet
facet normal 0.0 0.0 0.0
  outer loop
    vertex 53.875 53.5 32.20000076293945
    vertex 54.0 53.5 32.20000076293945
    vertex 54.0 60.375 32.20000076293945
  endloop
endfacet
facet normal 0.0 0.0 0.0
  outer loop
    vertex 54.0 60.375 32.20000076293945
    vertex 54.0 60.5 32.20000076293945
    vertex 42.125 60.5 32.20000076293945
  endloop
endfacet
facet normal 0.0 0.0 0.0
  outer loop
    vertex 42.125 60.5 32.20000076293945
    vertex 42.0 60.5 32.20000076293945
    vertex 42.0 57.125 32.20000076293945
  endloop
endfacet
facet normal 0.0 0.0 0.0
  outer loop
    vertex 42.0 57.0 32.20000076293945
    vertex 42.0 53.625 32.20000076293945
    vertex 53.875 53.5 32.20000076293945
  endloop
endfacet
facet normal 0.0 0.0 0.0
  outer loop
    vertex 53.875 53.5 32.20000076293945
    vertex 54.0 60.375 32.20000076293945
    vertex 42.125 60.5 32.20000076293945
  endloop
endfacet
facet normal 0.0 0.0 0.0
  outer loop
    vertex 42.125 60.5 32.20000076293945
    vertex 42.0 57.125 32.20000076293945
    vertex 42.0 57.0 32.20000076293945
  endloop
endfacet
facet normal 0.0 0.0 0.0
  outer loop
    vertex 42.0 57.0 32.20000076293945
    vertex 53.875 53.5 32.20000076293945
    vertex 42.125 60.5 32.20000076293945
  endloop
endfacet
facet normal 0.0 0.0 0.0
  outer loop
    vertex -80.0 53.625 36.400001525878906
    vertex -80.0 57.0 36.400001525878906
    vertex -80.0 57.0 32.20000076293945
  endloop
endfacet
facet normal 0.0 0.0 0.0
  outer loop
    vertex -80.0 57.0 32.20000076293945
    vertex -80.0 53.625 32.20000076293945
    vertex -80.0 53.625 36.400001525878906
  endloop
endfacet
facet normal 0.0 0.0 0.0
  outer loop
    vertex -80.0 53.5 36.400001525878906
    vertex -80.0 53.625 36.400001525878906
    vertex -80.0 53.625 32.20000076293945
  endloop
endfacet
facet normal 0.0 0.0 0.0
  outer loop
    vertex -80.0 53.625 32.20000076293945
    vertex -80.0 53.5 32.20000076293945
    vertex -80.0 53.5 36.400001525878906
  endloop
endfacet
facet normal 0.0 0.0 0.0
  outer loop
    vertex 69.875 53.5 36.400001525878906
    vertex -80.0 53.5 36.400001525878906
    vertex -80.0 53.5 32.20000076293945
  endloop
endfacet
facet normal 0.0 0.0 0.0
  outer loop
    vertex -80.0 53.5 32.20000076293945
    vertex 69.875 53.5 32.20000076293945
    vertex 69.875 53.5 36.400001525878906
  endloop
endfacet
facet normal 0.0 0.0 0.0
  outer loop
    vertex 70.0 53.5 36.400001525878906
    vertex 69.875 53.5 36.400001525878906
    vertex 69.875 53.5 32.20000076293945
  endloop
endfacet
facet normal 0.0 0.0 0.0
  outer loop
    vertex 69.875 53.5 32.20000076293945
    vertex 70.0 53.5 32.20000076293945
    vertex 70.0 53.5 36.400001525878906
  endloop
endfacet
facet normal 0.0 0.0 0.0
  outer loop
    vertex 70.0 -60.375 36.400001525878906
    vertex 70.0 53.5 36.400001525878906
    vertex 70.0 53.5 32.20000076293945
  endloop
endfacet
facet normal 0.0 0.0 0.0
  outer loop
    vertex 70.0 53.5 32.20000076293945
    vertex 70.0 -60.375 32.20000076293945
    vertex 70.0 -60.375 36.400001525878906
  endloop
endfacet
facet normal 0.0 0.0 0.0
  outer loop
    vertex 70.0 -60.5 36.400001525878906
    vertex 70.0 -60.375 36.400001525878906
    vertex 70.0 -60.375 32.20000076293945
  endloop
endfacet
facet normal 0.0 0.0 0.0
  outer loop
    vertex 70.0 -60.375 32.20000076293945
    vertex 70.0 -60.5 32.20000076293945
    vertex 70.0 -60.5 36.400001525878906
  endloop
endfacet
facet normal 0.0 0.0 0.0
  outer loop
    vertex 79.875 -60.5 36.400001525878906
    vertex 70.0 -60.5 36.400001525878906
    vertex 70.0 -60.5 32.20000076293945
  endloop
endfacet
facet normal 0.0 0.0 0.0
  outer loop
    vertex 70.0 -60.5 32.20000076293945
    vertex 79.875 -60.5 32.20000076293945
    vertex 79.875 -60.5 36.400001525878906
  endloop
endfacet
facet normal 0.0 0.0 0.0
  outer loop
    vertex 80.0 -60.5 36.400001525878906
    vertex 79.875 -60.5 36.400001525878906
    vertex 79.875 -60.5 32.20000076293945
  endloop
endfacet
facet normal 0.0 0.0 0.0
  outer loop
    vertex 79.875 -60.5 32.20000076293945
    vertex 80.0 -60.5 32.20000076293945
    vertex 80.0 -60.5 36.400001525878906
  endloop
endfacet
facet normal 0.0 0.0 0.0
  outer loop
    vertex 80.0 60.375 36.400001525878906
    vertex 80.0 -60.5 36.400001525878906
    vertex 80.0 -60.5 32.20000076293945
  endloop
endfacet
facet normal 0.0 0.0 0.0
  outer loop
    vertex 80.0 -60.5 32.20000076293945
    vertex 80.0 60.375 32.20000076293945
    vertex 80.0 60.375 36.400001525878906
  endloop
endfacet
facet normal 0.0 0.0 0.0
  outer loop
    vertex 80.0 60.5 36.400001525878906
    vertex 80.0 60.375 36.400001525878906
    vertex 80.0 60.375 32.20000076293945
  endloop
endfacet
facet normal 0.0 0.0 0.0
  outer loop
    vertex 80.0 60.375 32.20000076293945
    vertex 80.0 60.5 32.20000076293945
    vertex 80.0 60.5 36.400001525878906
  endloop
endfacet
facet normal 0.0 0.0 0.0
  outer loop
    vertex -79.875 60.5 36.400001525878906
    vertex 80.0 60.5 36.400001525878906
    vertex 80.0 60.5 32.20000076293945
  endloop
endfacet
facet normal 0.0 0.0 0.0
  outer loop
    vertex 80.0 60.5 32.20000076293945
    vertex -79.875 60.5 32.20000076293945
    vertex -79.875 60.5 36.400001525878906
  endloop
endfacet
facet normal 0.0 0.0 0.0
  outer loop
    vertex -80.0 60.5 36.400001525878906
    vertex -79.875 60.5 36.400001525878906
    vertex -79.875 60.5 32.20000076293945
  endloop
endfacet
facet normal 0.0 0.0 0.0
  outer loop
    vertex -79.875 60.5 32.20000076293945
    vertex -80.0 60.5 32.20000076293945
    vertex -80.0 60.5 36.400001525878906
  endloop
endfacet
facet normal 0.0 0.0 0.0
  outer loop
    vertex -80.0 57.125 36.400001525878906
    vertex -80.0 60.5 36.400001525878906
    vertex -80.0 60.5 32.20000076293945
  endloop
endfacet
facet normal 0.0 0.0 0.0
  outer loop
    vertex -80.0 60.5 32.20000076293945
    vertex -80.0 57.125 32.20000076293945
    vertex -80.0 57.125 36.400001525878906
  endloop
endfacet
facet normal 0.0 0.0 0.0
  outer loop
    vertex -80.0 57.0 36.400001525878906
    vertex -80.0 57.125 36.400001525878906
    vertex -80.0 57.125 32.20000076293945
  endloop
endfacet
facet normal 0.0 0.0 0.0
  outer loop
    vertex -80.0 57.125 32.20000076293945
    vertex -80.0 57.0 32.20000076293945
    vertex -80.0 57.0 36.400001525878906
  endloop
endfacet
facet normal 0.0 0.0 0.0
  outer loop
    vertex -80.0 53.625 36.400001525878906
    vertex -80.0 53.5 36.400001525878906
    vertex 69.875 53.5 36.400001525878906
  endloop
endfacet
facet normal 0.0 0.0 0.0
  outer loop
    vertex 69.875 53.5 32.20000076293945
    vertex -80.0 53.5 32.20000076293945
    vertex -80.0 53.625 32.20000076293945
  endloop
endfacet
facet normal 0.0 0.0 0.0
  outer loop
    vertex 70.0 -60.375 36.400001525878906
    vertex 70.0 -60.5 36.400001525878906
    vertex 79.875 -60.5 36.400001525878906
  endloop
endfacet
facet normal 0.0 0.0 0.0
  outer loop
    vertex 79.875 -60.5 36.400001525878906
    vertex 80.0 -60.5 36.400001525878906
    vertex 80.0 60.375 36.400001525878906
  endloop
endfacet
facet normal 0.0 0.0 0.0
  outer loop
    vertex 80.0 60.375 36.400001525878906
    vertex 80.0 60.5 36.400001525878906
    vertex -79.875 60.5 36.400001525878906
  endloop
endfacet
facet normal 0.0 0.0 0.0
  outer loop
    vertex -79.875 60.5 32.20000076293945
    vertex 80.0 60.5 32.20000076293945
    vertex 80.0 60.375 32.20000076293945
  endloop
endfacet
facet normal 0.0 0.0 0.0
  outer loop
    vertex -79.875 60.5 36.400001525878906
    vertex -80.0 60.5 36.400001525878906
    vertex -80.0 57.125 36.400001525878906
  endloop
endfacet
facet normal 0.0 0.0 0.0
  outer loop
    vertex -80.0 57.0 36.400001525878906
    vertex -80.0 53.625 36.400001525878906
    vertex 69.875 53.5 36.400001525878906
  endloop
endfacet
facet normal 0.0 0.0 0.0
  outer loop
    vertex 69.875 53.5 32.20000076293945
    vertex -80.0 53.625 32.20000076293945
    vertex -80.0 57.0 32.20000076293945
  endloop
endfacet
facet normal 0.0 0.0 0.0
  outer loop
    vertex 70.0 53.5 36.400001525878906
    vertex 70.0 -60.375 36.400001525878906
    vertex 79.875 -60.5 36.400001525878906
  endloop
endfacet
facet normal 0.0 0.0 0.0
  outer loop
    vertex 80.0 60.375 36.400001525878906
    vertex -79.875 60.5 36.400001525878906
    vertex -80.0 57.125 36.400001525878906
  endloop
endfacet
facet normal 0.0 0.0 0.0
  outer loop
    vertex -80.0 57.125 32.20000076293945
    vertex -79.875 60.5 32.20000076293945
    vertex 80.0 60.375 32.20000076293945
  endloop
endfacet
facet normal 0.0 0.0 0.0
  outer loop
    vertex -80.0 57.125 36.400001525878906
    vertex -80.0 57.0 36.400001525878906
    vertex 69.875 53.5 36.400001525878906
  endloop
endfacet
facet normal 0.0 0.0 0.0
  outer loop
    vertex 69.875 53.5 32.20000076293945
    vertex -80.0 57.0 32.20000076293945
    vertex -80.0 57.125 32.20000076293945
  endloop
endfacet
facet normal 0.0 0.0 0.0
  outer loop
    vertex 70.0 53.5 36.400001525878906
    vertex 79.875 -60.5 36.400001525878906
    vertex 80.0 60.375 36.400001525878906
  endloop
endfacet
facet normal 0.0 0.0 0.0
  outer loop
    vertex 80.0 60.375 36.400001525878906
    vertex -80.0 57.125 36.400001525878906
    vertex 69.875 53.5 36.400001525878906
  endloop
endfacet
facet normal 0.0 0.0 0.0
  outer loop
    vertex 69.875 53.5 32.20000076293945
    vertex -80.0 57.125 32.20000076293945
    vertex 80.0 60.375 32.20000076293945
  endloop
endfacet
facet normal 0.0 0.0 0.0
  outer loop
    vertex 69.875 53.5 36.400001525878906
    vertex 70.0 53.5 36.400001525878906
    vertex 80.0 60.375 36.400001525878906
  endloop
endfacet
endsolid Uranium STLWriter Thu 17 Jul 2025 11:00:38
